instance_name,source,target,label
train_n30_m2_0,0,10,0
train_n30_m2_0,0,21,1
train_n30_m2_0,0,9,1
train_n30_m2_0,0,28,0
train_n30_m2_0,0,3,0
train_n30_m2_0,1,26,1
train_n30_m2_0,1,11,0
train_n30_m2_0,1,6,0
train_n30_m2_0,1,12,0
train_n30_m2_0,2,14,1
train_n30_m2_0,2,23,0
train_n30_m2_0,3,22,1
train_n30_m2_0,3,21,0
train_n30_m2_0,4,16,1
train_n30_m2_0,4,29,0
train_n30_m2_0,5,2,1
train_n30_m2_0,5,19,0
train_n30_m2_0,5,14,0
train_n30_m2_0,5,1,0
train_n30_m2_0,6,20,1
train_n30_m2_0,6,26,0
train_n30_m2_0,6,5,0
train_n30_m2_0,7,23,1
train_n30_m2_0,7,8,0
train_n30_m2_0,8,24,1
train_n30_m2_0,8,21,0
train_n30_m2_0,9,1,1
train_n30_m2_0,9,0,0
train_n30_m2_0,9,28,0
train_n30_m2_0,10,0,1
train_n30_m2_0,10,17,0
train_n30_m2_0,11,15,1
train_n30_m2_0,11,9,0
train_n30_m2_0,11,20,0
train_n30_m2_0,12,21,0
train_n30_m2_0,12,10,1
train_n30_m2_0,12,8,0
train_n30_m2_0,12,28,0
train_n30_m2_0,13,8,1
train_n30_m2_0,13,23,0
train_n30_m2_0,14,19,1
train_n30_m2_0,14,17,0
train_n30_m2_0,15,6,1
train_n30_m2_0,15,20,0
train_n30_m2_0,16,18,0
train_n30_m2_0,16,28,1
train_n30_m2_0,16,14,0
train_n30_m2_0,17,7,1
train_n30_m2_0,17,24,0
train_n30_m2_0,17,28,0
train_n30_m2_0,18,4,1
train_n30_m2_0,18,16,0
train_n30_m2_0,18,28,0
train_n30_m2_0,19,18,1
train_n30_m2_0,19,4,0
train_n30_m2_0,20,5,1
train_n30_m2_0,20,27,0
train_n30_m2_0,20,14,0
train_n30_m2_0,20,2,0
train_n30_m2_0,21,10,0
train_n30_m2_0,21,12,0
train_n30_m2_0,21,0,0
train_n30_m2_0,21,17,1
train_n30_m2_0,22,3,0
train_n30_m2_0,22,1,0
train_n30_m2_0,22,11,1
train_n30_m2_0,22,0,0
train_n30_m2_0,22,21,0
train_n30_m2_0,23,16,0
train_n30_m2_0,23,17,0
train_n30_m2_0,23,8,0
train_n30_m2_0,23,29,1
train_n30_m2_0,23,21,0
train_n30_m2_0,23,25,0
train_n30_m2_0,23,12,0
train_n30_m2_0,24,12,1
train_n30_m2_0,24,21,0
train_n30_m2_0,24,16,0
train_n30_m2_0,24,25,0
train_n30_m2_0,25,13,1
train_n30_m2_0,25,17,0
train_n30_m2_0,25,18,0
train_n30_m2_0,26,27,1
train_n30_m2_0,27,3,1
train_n30_m2_0,27,1,0
train_n30_m2_0,28,30,1
train_n30_m2_0,28,14,0
train_n30_m2_0,28,18,0
train_n30_m2_0,28,21,0
train_n30_m2_0,29,25,1
train_n30_m2_0,29,23,0
train_n30_m2_0,29,18,0
train_n30_m2_0,29,24,0
train_n30_m2_0,30,0,1
train_n30_m2_0,30,1,0
train_n30_m2_0,30,24,0
train_n30_m2_1,0,28,1
train_n30_m2_1,0,27,1
train_n30_m2_1,0,20,0
train_n30_m2_1,1,29,1
train_n30_m2_1,2,15,0
train_n30_m2_1,2,24,1
train_n30_m2_1,2,10,0
train_n30_m2_1,2,5,0
train_n30_m2_1,3,13,1
train_n30_m2_1,4,30,1
train_n30_m2_1,4,6,0
train_n30_m2_1,4,14,0
train_n30_m2_1,4,24,0
train_n30_m2_1,5,10,1
train_n30_m2_1,5,1,0
train_n30_m2_1,5,22,0
train_n30_m2_1,6,30,0
train_n30_m2_1,6,22,1
train_n30_m2_1,6,16,0
train_n30_m2_1,7,16,1
train_n30_m2_1,7,8,0
train_n30_m2_1,7,30,0
train_n30_m2_1,8,0,1
train_n30_m2_1,8,12,0
train_n30_m2_1,9,1,0
train_n30_m2_1,9,5,1
train_n30_m2_1,9,0,0
train_n30_m2_1,10,5,0
train_n30_m2_1,10,2,1
train_n30_m2_1,10,12,0
train_n30_m2_1,10,24,0
train_n30_m2_1,10,29,0
train_n30_m2_1,10,27,0
train_n30_m2_1,11,6,1
train_n30_m2_1,11,14,0
train_n30_m2_1,12,9,1
train_n30_m2_1,12,22,0
train_n30_m2_1,12,24,0
train_n30_m2_1,13,14,1
train_n30_m2_1,13,15,0
train_n30_m2_1,14,7,0
train_n30_m2_1,14,26,1
train_n30_m2_1,14,25,0
train_n30_m2_1,14,18,0
train_n30_m2_1,15,2,0
train_n30_m2_1,15,24,0
train_n30_m2_1,15,9,0
train_n30_m2_1,15,1,1
train_n30_m2_1,16,25,1
train_n30_m2_1,16,20,0
train_n30_m2_1,17,24,0
train_n30_m2_1,17,11,1
train_n30_m2_1,17,10,0
train_n30_m2_1,17,3,0
train_n30_m2_1,17,12,0
train_n30_m2_1,18,20,1
train_n30_m2_1,18,7,0
train_n30_m2_1,18,16,0
train_n30_m2_1,19,12,1
train_n30_m2_1,19,29,0
train_n30_m2_1,19,9,0
train_n30_m2_1,19,25,0
train_n30_m2_1,20,16,0
train_n30_m2_1,20,8,1
train_n30_m2_1,20,13,0
train_n30_m2_1,21,19,1
train_n30_m2_1,21,0,0
train_n30_m2_1,22,15,1
train_n30_m2_1,22,2,0
train_n30_m2_1,22,1,0
train_n30_m2_1,23,18,1
train_n30_m2_1,23,7,0
train_n30_m2_1,23,16,0
train_n30_m2_1,23,28,0
train_n30_m2_1,23,8,0
train_n30_m2_1,24,17,1
train_n30_m2_1,24,1,0
train_n30_m2_1,25,7,0
train_n30_m2_1,25,4,1
train_n30_m2_1,26,23,1
train_n30_m2_1,26,4,0
train_n30_m2_1,27,21,1
train_n30_m2_1,27,5,0
train_n30_m2_1,28,7,1
train_n30_m2_1,28,0,0
train_n30_m2_1,28,4,0
train_n30_m2_1,29,0,1
train_n30_m2_1,29,28,0
train_n30_m2_1,29,16,0
train_n30_m2_1,29,15,0
train_n30_m2_1,30,3,1
train_n30_m2_1,30,4,0
train_n30_m2_1,30,16,0
train_n30_m2_1,30,7,0
train_n30_m2_1,30,11,0
train_n30_m2_1,30,24,0
train_n30_m2_2,0,14,1
train_n30_m2_2,0,1,0
train_n30_m2_2,0,25,1
train_n30_m2_2,1,12,1
train_n30_m2_2,2,15,0
train_n30_m2_2,2,0,1
train_n30_m2_2,2,24,0
train_n30_m2_2,2,8,0
train_n30_m2_2,2,1,0
train_n30_m2_2,3,18,1
train_n30_m2_2,4,20,1
train_n30_m2_2,4,29,0
train_n30_m2_2,5,7,1
train_n30_m2_2,5,19,0
train_n30_m2_2,6,9,1
train_n30_m2_2,6,5,0
train_n30_m2_2,7,6,1
train_n30_m2_2,8,20,0
train_n30_m2_2,8,11,1
train_n30_m2_2,8,4,0
train_n30_m2_2,9,27,0
train_n30_m2_2,9,17,0
train_n30_m2_2,9,13,0
train_n30_m2_2,9,4,1
train_n30_m2_2,9,8,0
train_n30_m2_2,10,8,1
train_n30_m2_2,11,23,1
train_n30_m2_2,11,0,0
train_n30_m2_2,11,24,0
train_n30_m2_2,12,5,1
train_n30_m2_2,12,1,0
train_n30_m2_2,12,29,0
train_n30_m2_2,12,11,0
train_n30_m2_2,13,17,0
train_n30_m2_2,13,9,0
train_n30_m2_2,13,26,1
train_n30_m2_2,13,20,0
train_n30_m2_2,14,0,0
train_n30_m2_2,14,16,1
train_n30_m2_2,14,11,0
train_n30_m2_2,15,2,1
train_n30_m2_2,15,0,0
train_n30_m2_2,15,3,0
train_n30_m2_2,15,24,0
train_n30_m2_2,16,15,0
train_n30_m2_2,16,0,0
train_n30_m2_2,16,22,0
train_n30_m2_2,16,4,0
train_n30_m2_2,17,21,0
train_n30_m2_2,17,30,1
train_n30_m2_2,17,27,0
train_n30_m2_2,17,9,0
train_n30_m2_2,17,26,0
train_n30_m2_2,17,6,0
train_n30_m2_2,17,20,0
train_n30_m2_2,18,3,0
train_n30_m2_2,18,15,1
train_n30_m2_2,18,14,0
train_n30_m2_2,18,11,0
train_n30_m2_2,18,30,0
train_n30_m2_2,19,1,1
train_n30_m2_2,19,5,0
train_n30_m2_2,19,11,0
train_n30_m2_2,20,29,1
train_n30_m2_2,21,13,0
train_n30_m2_2,21,28,1
train_n30_m2_2,21,9,0
train_n30_m2_2,21,22,0
train_n30_m2_2,21,16,0
train_n30_m2_2,22,24,1
train_n30_m2_2,22,15,0
train_n30_m2_2,23,8,0
train_n30_m2_2,23,0,1
train_n30_m2_2,23,1,0
train_n30_m2_2,24,3,1
train_n30_m2_2,24,11,0
train_n30_m2_2,24,8,0
train_n30_m2_2,24,13,0
train_n30_m2_2,25,19,1
train_n30_m2_2,25,29,0
train_n30_m2_2,25,0,0
train_n30_m2_2,25,23,0
train_n30_m2_2,25,11,0
train_n30_m2_2,25,7,0
train_n30_m2_2,26,22,1
train_n30_m2_2,26,24,0
train_n30_m2_2,26,23,0
train_n30_m2_2,27,21,1
train_n30_m2_2,27,30,0
train_n30_m2_2,27,4,0
train_n30_m2_2,28,13,1
train_n30_m2_2,28,20,0
train_n30_m2_2,29,10,1
train_n30_m2_2,30,27,1
train_n30_m2_2,30,8,0
train_n30_m2_3,0,4,0
train_n30_m2_3,0,15,1
train_n30_m2_3,0,30,1
train_n30_m2_3,1,2,0
train_n30_m2_3,1,21,1
train_n30_m2_3,1,23,0
train_n30_m2_3,1,27,0
train_n30_m2_3,2,1,1
train_n30_m2_3,3,13,1
train_n30_m2_3,3,5,0
train_n30_m2_3,3,29,0
train_n30_m2_3,3,18,0
train_n30_m2_3,4,15,0
train_n30_m2_3,4,9,0
train_n30_m2_3,4,22,1
train_n30_m2_3,5,18,1
train_n30_m2_3,5,14,0
train_n30_m2_3,5,30,0
train_n30_m2_3,5,3,0
train_n30_m2_3,6,0,1
train_n30_m2_3,6,10,0
train_n30_m2_3,7,27,1
train_n30_m2_3,7,14,0
train_n30_m2_3,7,23,0
train_n30_m2_3,7,30,0
train_n30_m2_3,7,3,0
train_n30_m2_3,8,0,1
train_n30_m2_3,8,6,0
train_n30_m2_3,8,17,0
train_n30_m2_3,8,9,0
train_n30_m2_3,9,4,1
train_n30_m2_3,9,8,0
train_n30_m2_3,10,3,1
train_n30_m2_3,10,22,0
train_n30_m2_3,11,20,1
train_n30_m2_3,11,17,0
train_n30_m2_3,12,14,1
train_n30_m2_3,12,5,0
train_n30_m2_3,12,24,0
train_n30_m2_3,13,19,1
train_n30_m2_3,13,29,0
train_n30_m2_3,13,6,0
train_n30_m2_3,14,27,0
train_n30_m2_3,14,29,1
train_n30_m2_3,14,30,0
train_n30_m2_3,14,13,0
train_n30_m2_3,15,26,1
train_n30_m2_3,15,0,0
train_n30_m2_3,15,8,0
train_n30_m2_3,15,17,0
train_n30_m2_3,16,2,1
train_n30_m2_3,16,14,0
train_n30_m2_3,16,5,0
train_n30_m2_3,17,28,0
train_n30_m2_3,17,6,1
train_n30_m2_3,17,30,0
train_n30_m2_3,17,25,0
train_n30_m2_3,18,7,1
train_n30_m2_3,18,19,0
train_n30_m2_3,18,23,0
train_n30_m2_3,19,25,1
train_n30_m2_3,19,12,0
train_n30_m2_3,20,11,0
train_n30_m2_3,20,10,1
train_n30_m2_3,20,15,0
train_n30_m2_3,21,8,1
train_n30_m2_3,22,11,1
train_n30_m2_3,22,4,0
train_n30_m2_3,22,3,0
train_n30_m2_3,23,16,1
train_n30_m2_3,23,14,0
train_n30_m2_3,23,2,0
train_n30_m2_3,23,5,0
train_n30_m2_3,24,23,1
train_n30_m2_3,24,25,0
train_n30_m2_3,24,2,0
train_n30_m2_3,25,29,0
train_n30_m2_3,25,19,0
train_n30_m2_3,25,13,0
train_n30_m2_3,25,28,1
train_n30_m2_3,25,3,0
train_n30_m2_3,26,9,1
train_n30_m2_3,26,20,0
train_n30_m2_3,26,30,0
train_n30_m2_3,27,24,1
train_n30_m2_3,27,16,0
train_n30_m2_3,27,2,0
train_n30_m2_3,28,17,1
train_n30_m2_3,28,11,0
train_n30_m2_3,28,13,0
train_n30_m2_3,28,25,0
train_n30_m2_3,29,5,1
train_n30_m2_3,29,18,0
train_n30_m2_3,29,25,0
train_n30_m2_3,30,12,1
train_n30_m2_3,30,1,0
train_n30_m2_4,0,14,0
train_n30_m2_4,0,18,1
train_n30_m2_4,0,29,0
train_n30_m2_4,0,17,1
train_n30_m2_4,0,13,0
train_n30_m2_4,1,25,1
train_n30_m2_4,1,27,0
train_n30_m2_4,1,3,0
train_n30_m2_4,1,6,0
train_n30_m2_4,2,20,1
train_n30_m2_4,2,9,0
train_n30_m2_4,2,18,0
train_n30_m2_4,3,29,1
train_n30_m2_4,3,14,0
train_n30_m2_4,3,1,0
train_n30_m2_4,4,21,1
train_n30_m2_4,4,22,0
train_n30_m2_4,4,9,0
train_n30_m2_4,5,6,1
train_n30_m2_4,5,29,0
train_n30_m2_4,5,11,0
train_n30_m2_4,6,3,1
train_n30_m2_4,6,0,0
train_n30_m2_4,6,2,0
train_n30_m2_4,7,9,0
train_n30_m2_4,7,30,1
train_n30_m2_4,7,16,0
train_n30_m2_4,7,14,0
train_n30_m2_4,8,4,0
train_n30_m2_4,8,28,1
train_n30_m2_4,8,7,0
train_n30_m2_4,9,7,1
train_n30_m2_4,9,2,0
train_n30_m2_4,9,10,0
train_n30_m2_4,9,20,0
train_n30_m2_4,9,19,0
train_n30_m2_4,9,14,0
train_n30_m2_4,10,11,1
train_n30_m2_4,10,30,0
train_n30_m2_4,10,27,0
train_n30_m2_4,11,16,1
train_n30_m2_4,11,17,0
train_n30_m2_4,11,30,0
train_n30_m2_4,11,5,0
train_n30_m2_4,12,5,1
train_n30_m2_4,12,19,0
train_n30_m2_4,13,2,1
train_n30_m2_4,13,8,0
train_n30_m2_4,13,14,0
train_n30_m2_4,13,29,0
train_n30_m2_4,14,0,1
train_n30_m2_4,14,27,0
train_n30_m2_4,14,19,0
train_n30_m2_4,14,7,0
train_n30_m2_4,14,13,0
train_n30_m2_4,15,23,1
train_n30_m2_4,15,27,0
train_n30_m2_4,15,3,0
train_n30_m2_4,15,0,0
train_n30_m2_4,16,19,1
train_n30_m2_4,16,30,0
train_n30_m2_4,16,7,0
train_n30_m2_4,16,20,0
train_n30_m2_4,17,9,1
train_n30_m2_4,18,13,1
train_n30_m2_4,18,2,0
train_n30_m2_4,18,14,0
train_n30_m2_4,18,9,0
train_n30_m2_4,19,12,1
train_n30_m2_4,20,2,0
train_n30_m2_4,20,26,1
train_n30_m2_4,20,18,0
train_n30_m2_4,20,10,0
train_n30_m2_4,21,22,1
train_n30_m2_4,21,27,0
train_n30_m2_4,22,8,1
train_n30_m2_4,22,13,0
train_n30_m2_4,22,9,0
train_n30_m2_4,23,1,1
train_n30_m2_4,23,14,0
train_n30_m2_4,24,15,1
train_n30_m2_4,24,25,0
train_n30_m2_4,24,26,0
train_n30_m2_4,24,4,0
train_n30_m2_4,25,1,0
train_n30_m2_4,25,27,1
train_n30_m2_4,26,4,1
train_n30_m2_4,26,20,0
train_n30_m2_4,26,2,0
train_n30_m2_4,26,7,0
train_n30_m2_4,27,0,1
train_n30_m2_4,27,2,0
train_n30_m2_4,28,24,1
train_n30_m2_4,29,14,1
train_n30_m2_4,30,17,0
train_n30_m2_4,30,10,1
train_n30_m2_5,0,22,1
train_n30_m2_5,0,2,0
train_n30_m2_5,0,21,0
train_n30_m2_5,0,9,1
train_n30_m2_5,0,8,0
train_n30_m2_5,0,16,0
train_n30_m2_5,1,2,0
train_n30_m2_5,1,26,1
train_n30_m2_5,1,19,0
train_n30_m2_5,2,0,1
train_n30_m2_5,3,29,1
train_n30_m2_5,3,12,0
train_n30_m2_5,4,15,1
train_n30_m2_5,4,14,0
train_n30_m2_5,4,13,0
train_n30_m2_5,4,11,0
train_n30_m2_5,5,7,1
train_n30_m2_5,5,10,0
train_n30_m2_5,5,11,0
train_n30_m2_5,6,3,1
train_n30_m2_5,7,17,1
train_n30_m2_5,7,23,0
train_n30_m2_5,7,21,0
train_n30_m2_5,8,16,0
train_n30_m2_5,8,7,0
train_n30_m2_5,8,27,1
train_n30_m2_5,8,17,0
train_n30_m2_5,8,18,0
train_n30_m2_5,9,20,1
train_n30_m2_5,9,0,0
train_n30_m2_5,9,25,0
train_n30_m2_5,9,5,0
train_n30_m2_5,10,30,1
train_n30_m2_5,11,28,1
train_n30_m2_5,11,21,0
train_n30_m2_5,11,29,0
train_n30_m2_5,11,27,0
train_n30_m2_5,12,1,1
train_n30_m2_5,12,0,0
train_n30_m2_5,12,21,0
train_n30_m2_5,12,26,0
train_n30_m2_5,13,12,1
train_n30_m2_5,13,21,0
train_n30_m2_5,13,11,0
train_n30_m2_5,14,15,0
train_n30_m2_5,14,13,1
train_n30_m2_5,14,12,0
train_n30_m2_5,15,14,1
train_n30_m2_5,15,1,0
train_n30_m2_5,15,17,0
train_n30_m2_5,16,8,1
train_n30_m2_5,16,17,0
train_n30_m2_5,16,23,0
train_n30_m2_5,16,30,0
train_n30_m2_5,16,22,0
train_n30_m2_5,17,23,1
train_n30_m2_5,17,7,0
train_n30_m2_5,17,27,0
train_n30_m2_5,17,0,0
train_n30_m2_5,18,25,0
train_n30_m2_5,18,5,1
train_n30_m2_5,18,19,0
train_n30_m2_5,18,0,0
train_n30_m2_5,19,10,1
train_n30_m2_5,20,19,1
train_n30_m2_5,20,9,0
train_n30_m2_5,20,8,0
train_n30_m2_5,21,24,1
train_n30_m2_5,21,16,0
train_n30_m2_5,21,9,0
train_n30_m2_5,21,11,0
train_n30_m2_5,22,21,1
train_n30_m2_5,23,11,1
train_n30_m2_5,24,21,0
train_n30_m2_5,24,22,0
train_n30_m2_5,24,6,1
train_n30_m2_5,24,2,0
train_n30_m2_5,24,29,0
train_n30_m2_5,25,18,1
train_n30_m2_5,25,0,0
train_n30_m2_5,25,28,0
train_n30_m2_5,25,2,0
train_n30_m2_5,26,2,1
train_n30_m2_5,26,12,0
train_n30_m2_5,26,13,0
train_n30_m2_5,27,0,1
train_n30_m2_5,27,16,0
train_n30_m2_5,28,16,1
train_n30_m2_5,28,21,0
train_n30_m2_5,28,27,0
train_n30_m2_5,29,4,1
train_n30_m2_5,30,10,0
train_n30_m2_5,30,25,1
train_n30_m2_5,30,19,0
train_n30_m2_5,30,5,0
train_n30_m2_5,30,16,0
train_n30_m2_6,0,9,1
train_n30_m2_6,0,24,0
train_n30_m2_6,0,3,1
train_n30_m2_6,0,19,0
train_n30_m2_6,1,0,1
train_n30_m2_6,1,9,0
train_n30_m2_6,1,12,0
train_n30_m2_6,2,5,1
train_n30_m2_6,2,7,0
train_n30_m2_6,3,4,1
train_n30_m2_6,4,6,1
train_n30_m2_6,4,3,0
train_n30_m2_6,4,27,0
train_n30_m2_6,4,23,0
train_n30_m2_6,4,22,0
train_n30_m2_6,4,8,0
train_n30_m2_6,5,19,1
train_n30_m2_6,5,9,0
train_n30_m2_6,5,24,0
train_n30_m2_6,6,14,1
train_n30_m2_6,6,26,0
train_n30_m2_6,6,30,0
train_n30_m2_6,6,10,0
train_n30_m2_6,7,30,1
train_n30_m2_6,7,14,0
train_n30_m2_6,8,23,1
train_n30_m2_6,8,17,0
train_n30_m2_6,8,6,0
train_n30_m2_6,8,4,0
train_n30_m2_6,8,26,0
train_n30_m2_6,8,10,0
train_n30_m2_6,9,24,1
train_n30_m2_6,9,3,0
train_n30_m2_6,10,30,0
train_n30_m2_6,10,13,1
train_n30_m2_6,10,29,0
train_n30_m2_6,11,21,1
train_n30_m2_6,11,22,0
train_n30_m2_6,11,3,0
train_n30_m2_6,11,23,0
train_n30_m2_6,12,2,1
train_n30_m2_6,12,19,0
train_n30_m2_6,12,0,0
train_n30_m2_6,12,29,0
train_n30_m2_6,13,0,1
train_n30_m2_6,13,5,0
train_n30_m2_6,13,22,0
train_n30_m2_6,14,17,1
train_n30_m2_6,14,20,0
train_n30_m2_6,14,26,0
train_n30_m2_6,15,12,1
train_n30_m2_6,15,19,0
train_n30_m2_6,15,30,0
train_n30_m2_6,16,7,1
train_n30_m2_6,16,2,0
train_n30_m2_6,16,12,0
train_n30_m2_6,16,3,0
train_n30_m2_6,16,13,0
train_n30_m2_6,17,27,1
train_n30_m2_6,17,14,0
train_n30_m2_6,17,23,0
train_n30_m2_6,18,20,1
train_n30_m2_6,19,29,1
train_n30_m2_6,19,7,0
train_n30_m2_6,19,16,0
train_n30_m2_6,20,28,1
train_n30_m2_6,21,25,1
train_n30_m2_6,22,8,1
train_n30_m2_6,22,17,0
train_n30_m2_6,22,4,0
train_n30_m2_6,22,26,0
train_n30_m2_6,23,18,1
train_n30_m2_6,23,6,0
train_n30_m2_6,23,4,0
train_n30_m2_6,23,11,0
train_n30_m2_6,24,15,1
train_n30_m2_6,24,13,0
train_n30_m2_6,24,2,0
train_n30_m2_6,25,1,1
train_n30_m2_6,25,9,0
train_n30_m2_6,25,3,0
train_n30_m2_6,25,17,0
train_n30_m2_6,26,10,1
train_n30_m2_6,26,19,0
train_n30_m2_6,26,17,0
train_n30_m2_6,26,27,0
train_n30_m2_6,26,16,0
train_n30_m2_6,27,22,1
train_n30_m2_6,28,8,0
train_n30_m2_6,28,11,1
train_n30_m2_6,29,16,1
train_n30_m2_6,29,4,0
train_n30_m2_6,30,26,1
train_n30_m2_6,30,4,0
train_n30_m2_6,30,29,0
train_n30_m2_6,30,17,0
train_n30_m2_7,0,20,1
train_n30_m2_7,0,1,1
train_n30_m2_7,0,7,0
train_n30_m2_7,1,17,1
train_n30_m2_7,1,8,0
train_n30_m2_7,2,12,1
train_n30_m2_7,2,15,0
train_n30_m2_7,2,27,0
train_n30_m2_7,3,4,1
train_n30_m2_7,3,24,0
train_n30_m2_7,3,22,0
train_n30_m2_7,3,26,0
train_n30_m2_7,4,9,1
train_n30_m2_7,4,29,0
train_n30_m2_7,4,23,0
train_n30_m2_7,4,30,0
train_n30_m2_7,4,18,0
train_n30_m2_7,5,21,0
train_n30_m2_7,5,18,0
train_n30_m2_7,5,8,1
train_n30_m2_7,5,15,0
train_n30_m2_7,5,16,0
train_n30_m2_7,5,24,0
train_n30_m2_7,6,11,1
train_n30_m2_7,6,4,0
train_n30_m2_7,7,25,1
train_n30_m2_7,8,7,1
train_n30_m2_7,8,1,0
train_n30_m2_7,8,21,0
train_n30_m2_7,9,29,1
train_n30_m2_7,9,27,0
train_n30_m2_7,10,0,1
train_n30_m2_7,10,19,0
train_n30_m2_7,10,26,0
train_n30_m2_7,10,24,0
train_n30_m2_7,11,14,1
train_n30_m2_7,12,6,0
train_n30_m2_7,12,11,0
train_n30_m2_7,12,22,0
train_n30_m2_7,12,16,1
train_n30_m2_7,12,4,0
train_n30_m2_7,13,26,0
train_n30_m2_7,13,23,1
train_n30_m2_7,13,20,0
train_n30_m2_7,13,14,0
train_n30_m2_7,14,3,1
train_n30_m2_7,14,9,0
train_n30_m2_7,14,6,0
train_n30_m2_7,14,22,0
train_n30_m2_7,14,27,0
train_n30_m2_7,15,21,1
train_n30_m2_7,15,2,0
train_n30_m2_7,16,15,1
train_n30_m2_7,16,27,0
train_n30_m2_7,16,30,0
train_n30_m2_7,16,8,0
train_n30_m2_7,17,1,0
train_n30_m2_7,17,18,1
train_n30_m2_7,17,8,0
train_n30_m2_7,18,27,1
train_n30_m2_7,18,5,0
train_n30_m2_7,19,10,1
train_n30_m2_7,19,23,0
train_n30_m2_7,19,22,0
train_n30_m2_7,20,26,1
train_n30_m2_7,21,18,0
train_n30_m2_7,21,5,1
train_n30_m2_7,21,28,0
train_n30_m2_7,22,24,0
train_n30_m2_7,22,30,1
train_n30_m2_7,22,2,0
train_n30_m2_7,22,13,0
train_n30_m2_7,22,23,0
train_n30_m2_7,23,19,1
train_n30_m2_7,23,0,0
train_n30_m2_7,23,27,0
train_n30_m2_7,24,22,1
train_n30_m2_7,24,4,0
train_n30_m2_7,24,20,0
train_n30_m2_7,25,0,1
train_n30_m2_7,25,18,0
train_n30_m2_7,26,23,0
train_n30_m2_7,26,24,1
train_n30_m2_7,26,29,0
train_n30_m2_7,26,18,0
train_n30_m2_7,26,19,0
train_n30_m2_7,27,28,1
train_n30_m2_7,28,2,1
train_n30_m2_7,28,30,0
train_n30_m2_7,28,22,0
train_n30_m2_7,29,13,1
train_n30_m2_7,29,3,0
train_n30_m2_7,29,18,0
train_n30_m2_7,29,2,0
train_n30_m2_7,30,12,0
train_n30_m2_7,30,6,1
train_n30_m3_0,0,20,0
train_n30_m3_0,0,14,1
train_n30_m3_0,0,8,1
train_n30_m3_0,0,17,1
train_n30_m3_0,0,15,0
train_n30_m3_0,0,19,0
train_n30_m3_0,0,10,0
train_n30_m3_0,1,19,1
train_n30_m3_0,1,16,0
train_n30_m3_0,2,1,1
train_n30_m3_0,2,16,0
train_n30_m3_0,3,13,1
train_n30_m3_0,4,20,1
train_n30_m3_0,4,19,0
train_n30_m3_0,4,15,0
train_n30_m3_0,5,27,1
train_n30_m3_0,5,6,0
train_n30_m3_0,5,18,0
train_n30_m3_0,5,15,0
train_n30_m3_0,5,20,0
train_n30_m3_0,5,10,0
train_n30_m3_0,6,25,0
train_n30_m3_0,6,5,0
train_n30_m3_0,6,30,1
train_n30_m3_0,6,16,0
train_n30_m3_0,6,29,0
train_n30_m3_0,6,17,0
train_n30_m3_0,7,2,1
train_n30_m3_0,7,16,0
train_n30_m3_0,7,6,0
train_n30_m3_0,8,0,0
train_n30_m3_0,8,25,1
train_n30_m3_0,9,16,0
train_n30_m3_0,9,12,1
train_n30_m3_0,9,8,0
train_n30_m3_0,10,26,1
train_n30_m3_0,10,27,0
train_n30_m3_0,11,3,0
train_n30_m3_0,11,25,0
train_n30_m3_0,11,15,1
train_n30_m3_0,12,24,1
train_n30_m3_0,12,17,0
train_n30_m3_0,13,21,1
train_n30_m3_0,13,27,0
train_n30_m3_0,13,11,0
train_n30_m3_0,14,28,0
train_n30_m3_0,14,16,1
train_n30_m3_0,14,15,0
train_n30_m3_0,14,17,0
train_n30_m3_0,15,25,0
train_n30_m3_0,15,0,1
train_n30_m3_0,15,16,0
train_n30_m3_0,16,12,0
train_n30_m3_0,16,8,0
train_n30_m3_0,17,10,1
train_n30_m3_0,17,4,0
train_n30_m3_0,18,13,0
train_n30_m3_0,18,3,0
train_n30_m3_0,18,5,1
train_n30_m3_0,18,25,0
train_n30_m3_0,19,9,1
train_n30_m3_0,19,0,0
train_n30_m3_0,19,24,0
train_n30_m3_0,19,5,0
train_n30_m3_0,20,28,1
train_n30_m3_0,21,13,0
train_n30_m3_0,21,22,1
train_n30_m3_0,21,30,0
train_n30_m3_0,22,23,1
train_n30_m3_0,22,7,0
train_n30_m3_0,22,27,0
train_n30_m3_0,22,29,0
train_n30_m3_0,23,3,0
train_n30_m3_0,23,18,1
train_n30_m3_0,23,27,0
train_n30_m3_0,23,25,0
train_n30_m3_0,24,0,1
train_n30_m3_0,24,20,0
train_n30_m3_0,25,6,1
train_n30_m3_0,25,20,0
train_n30_m3_0,25,27,0
train_n30_m3_0,25,14,0
train_n30_m3_0,26,29,1
train_n30_m3_0,26,10,0
train_n30_m3_0,26,17,0
train_n30_m3_0,27,30,0
train_n30_m3_0,27,4,1
train_n30_m3_0,27,18,0
train_n30_m3_0,27,19,0
train_n30_m3_0,28,0,1
train_n30_m3_0,28,20,0
train_n30_m3_0,28,25,0
train_n30_m3_0,28,10,0
train_n30_m3_0,29,11,1
train_n30_m3_0,29,6,0
train_n30_m3_0,30,3,1
train_n30_m3_0,30,6,0
train_n30_m3_0,30,25,0
train_n30_m3_1,0,7,1
train_n30_m3_1,0,11,1
train_n30_m3_1,0,14,1
train_n30_m3_1,0,19,0
train_n30_m3_1,1,29,1
train_n30_m3_1,1,27,0
train_n30_m3_1,1,8,0
train_n30_m3_1,1,21,0
train_n30_m3_1,1,6,0
train_n30_m3_1,1,13,0
train_n30_m3_1,2,4,1
train_n30_m3_1,2,18,0
train_n30_m3_1,2,19,0
train_n30_m3_1,2,26,0
train_n30_m3_1,3,18,1
train_n30_m3_1,3,4,0
train_n30_m3_1,3,13,0
train_n30_m3_1,3,28,0
train_n30_m3_1,4,3,1
train_n30_m3_1,4,18,0
train_n30_m3_1,4,17,0
train_n30_m3_1,4,15,0
train_n30_m3_1,5,27,1
train_n30_m3_1,5,0,0
train_n30_m3_1,6,0,1
train_n30_m3_1,6,23,0
train_n30_m3_1,6,20,0
train_n30_m3_1,6,24,0
train_n30_m3_1,7,10,1
train_n30_m3_1,7,6,0
train_n30_m3_1,7,16,0
train_n30_m3_1,8,30,1
train_n30_m3_1,8,23,0
train_n30_m3_1,9,17,1
train_n30_m3_1,9,2,0
train_n30_m3_1,9,3,0
train_n30_m3_1,9,24,0
train_n30_m3_1,9,23,0
train_n30_m3_1,10,19,0
train_n30_m3_1,10,24,1
train_n30_m3_1,10,9,0
train_n30_m3_1,11,20,0
train_n30_m3_1,11,28,1
train_n30_m3_1,11,6,0
train_n30_m3_1,11,2,0
train_n30_m3_1,12,8,1
train_n30_m3_1,12,13,0
train_n30_m3_1,12,1,0
train_n30_m3_1,12,14,0
train_n30_m3_1,12,29,0
train_n30_m3_1,13,26,1
train_n30_m3_1,13,9,0
train_n30_m3_1,13,14,0
train_n30_m3_1,14,1,1
train_n30_m3_1,15,23,1
train_n30_m3_1,15,10,0
train_n30_m3_1,15,30,0
train_n30_m3_1,15,1,0
train_n30_m3_1,16,6,1
train_n30_m3_1,16,22,0
train_n30_m3_1,17,13,0
train_n30_m3_1,17,25,1
train_n30_m3_1,17,4,0
train_n30_m3_1,18,3,0
train_n30_m3_1,18,9,1
train_n30_m3_1,18,14,0
train_n30_m3_1,19,2,1
train_n30_m3_1,19,20,0
train_n30_m3_1,19,4,0
train_n30_m3_1,20,16,1
train_n30_m3_1,20,7,0
train_n30_m3_1,21,22,1
train_n30_m3_1,21,6,0
train_n30_m3_1,21,0,0
train_n30_m3_1,21,23,0
train_n30_m3_1,21,7,0
train_n30_m3_1,22,0,1
train_n30_m3_1,22,6,0
train_n30_m3_1,23,0,1
train_n30_m3_1,23,6,0
train_n30_m3_1,23,28,0
train_n30_m3_1,24,19,1
train_n30_m3_1,24,15,0
train_n30_m3_1,24,26,0
train_n30_m3_1,25,12,1
train_n30_m3_1,25,9,0
train_n30_m3_1,25,3,0
train_n30_m3_1,26,15,1
train_n30_m3_1,26,30,0
train_n30_m3_1,27,21,1
train_n30_m3_1,27,7,0
train_n30_m3_1,27,13,0
train_n30_m3_1,28,20,1
train_n30_m3_1,28,16,0
train_n30_m3_1,28,10,0
train_n30_m3_1,28,2,0
train_n30_m3_1,29,5,1
train_n30_m3_1,29,14,0
train_n30_m3_1,30,13,1
train_n30_m3_2,0,28,1
train_n30_m3_2,0,29,1
train_n30_m3_2,0,18,0
train_n30_m3_2,0,3,0
train_n30_m3_2,0,23,1
train_n30_m3_2,0,15,0
train_n30_m3_2,0,9,0
train_n30_m3_2,1,17,0
train_n30_m3_2,1,15,1
train_n30_m3_2,1,8,0
train_n30_m3_2,1,28,0
train_n30_m3_2,1,14,0
train_n30_m3_2,2,0,1
train_n30_m3_2,2,16,0
train_n30_m3_2,2,8,0
train_n30_m3_2,2,22,0
train_n30_m3_2,3,7,1
train_n30_m3_2,4,24,1
train_n30_m3_2,4,19,0
train_n30_m3_2,4,16,0
train_n30_m3_2,5,26,1
train_n30_m3_2,5,4,0
train_n30_m3_2,5,16,0
train_n30_m3_2,6,16,1
train_n30_m3_2,6,8,0
train_n30_m3_2,6,25,0
train_n30_m3_2,7,17,1
train_n30_m3_2,7,3,0
train_n30_m3_2,7,14,0
train_n30_m3_2,8,18,1
train_n30_m3_2,9,8,1
train_n30_m3_2,9,14,0
train_n30_m3_2,10,20,1
train_n30_m3_2,10,14,0
train_n30_m3_2,11,30,1
train_n30_m3_2,11,29,0
train_n30_m3_2,11,0,0
train_n30_m3_2,11,8,0
train_n30_m3_2,12,10,1
train_n30_m3_2,12,27,0
train_n30_m3_2,13,4,1
train_n30_m3_2,13,27,0
train_n30_m3_2,13,23,0
train_n30_m3_2,13,6,0
train_n30_m3_2,14,12,1
train_n30_m3_2,14,20,0
train_n30_m3_2,15,14,1
train_n30_m3_2,15,28,0
train_n30_m3_2,15,6,0
train_n30_m3_2,16,0,1
train_n30_m3_2,16,7,0
train_n30_m3_2,16,3,0
train_n30_m3_2,17,1,1
train_n30_m3_2,17,8,0
train_n30_m3_2,17,25,0
train_n30_m3_2,18,8,0
train_n30_m3_2,18,16,0
train_n30_m3_2,18,1,0
train_n30_m3_2,18,0,1
train_n30_m3_2,18,17,0
train_n30_m3_2,19,25,1
train_n30_m3_2,19,14,0
train_n30_m3_2,20,19,1
train_n30_m3_2,20,9,0
train_n30_m3_2,20,8,0
train_n30_m3_2,20,22,0
train_n30_m3_2,21,22,1
train_n30_m3_2,21,13,0
train_n30_m3_2,22,6,1
train_n30_m3_2,22,26,0
train_n30_m3_2,23,11,1
train_n30_m3_2,23,5,0
train_n30_m3_2,23,4,0
train_n30_m3_2,24,27,1
train_n30_m3_2,24,4,0
train_n30_m3_2,24,11,0
train_n30_m3_2,24,25,0
train_n30_m3_2,25,9,1
train_n30_m3_2,25,21,0
train_n30_m3_2,25,14,0
train_n30_m3_2,25,16,0
train_n30_m3_2,26,13,1
train_n30_m3_2,26,4,0
train_n30_m3_2,26,22,0
train_n30_m3_2,26,16,0
train_n30_m3_2,27,21,1
train_n30_m3_2,27,10,0
train_n30_m3_2,27,20,0
train_n30_m3_2,27,26,0
train_n30_m3_2,28,3,1
train_n30_m3_2,28,16,0
train_n30_m3_2,28,29,0
train_n30_m3_2,28,15,0
train_n30_m3_2,28,2,0
train_n30_m3_2,29,2,1
train_n30_m3_2,29,16,0
train_n30_m3_2,29,23,0
train_n30_m3_2,29,11,0
train_n30_m3_2,30,5,1
train_n30_m3_3,0,18,1
train_n30_m3_3,0,25,1
train_n30_m3_3,0,26,0
train_n30_m3_3,1,30,1
train_n30_m3_3,1,8,0
train_n30_m3_3,2,6,1
train_n30_m3_3,2,11,0
train_n30_m3_3,2,17,0
train_n30_m3_3,3,8,1
train_n30_m3_3,3,15,0
train_n30_m3_3,3,17,0
train_n30_m3_3,4,0,1
train_n30_m3_3,4,21,0
train_n30_m3_3,5,9,1
train_n30_m3_3,5,25,0
train_n30_m3_3,5,2,0
train_n30_m3_3,5,17,0
train_n30_m3_3,6,0,1
train_n30_m3_3,6,11,0
train_n30_m3_3,6,9,0
train_n30_m3_3,7,23,1
train_n30_m3_3,7,18,0
train_n30_m3_3,7,0,0
train_n30_m3_3,7,13,0
train_n30_m3_3,7,20,0
train_n30_m3_3,8,3,0
train_n30_m3_3,8,16,1
train_n30_m3_3,8,11,0
train_n30_m3_3,9,29,1
train_n30_m3_3,9,0,0
train_n30_m3_3,9,4,0
train_n30_m3_3,9,24,0
train_n30_m3_3,9,14,0
train_n30_m3_3,10,12,1
train_n30_m3_3,11,17,1
train_n30_m3_3,11,28,0
train_n30_m3_3,11,3,0
train_n30_m3_3,12,20,1
train_n30_m3_3,12,1,0
train_n30_m3_3,12,3,0
train_n30_m3_3,13,5,1
train_n30_m3_3,13,25,0
train_n30_m3_3,13,11,0
train_n30_m3_3,14,15,1
train_n30_m3_3,14,9,0
train_n30_m3_3,15,14,0
train_n30_m3_3,15,3,1
train_n30_m3_3,15,20,0
train_n30_m3_3,15,12,0
train_n30_m3_3,15,27,0
train_n30_m3_3,16,2,1
train_n30_m3_3,17,20,0
train_n30_m3_3,17,0,1
train_n30_m3_3,17,10,0
train_n30_m3_3,17,16,0
train_n30_m3_3,17,21,0
train_n30_m3_3,18,21,0
train_n30_m3_3,18,28,0
train_n30_m3_3,18,2,0
train_n30_m3_3,18,7,1
train_n30_m3_3,19,17,0
train_n30_m3_3,20,11,1
train_n30_m3_3,20,2,0
train_n30_m3_3,20,19,0
train_n30_m3_3,20,22,0
train_n30_m3_3,20,18,0
train_n30_m3_3,21,13,1
train_n30_m3_3,21,9,0
train_n30_m3_3,21,29,0
train_n30_m3_3,22,1,1
train_n30_m3_3,22,10,0
train_n30_m3_3,22,12,0
train_n30_m3_3,22,19,0
train_n30_m3_3,22,2,0
train_n30_m3_3,22,24,0
train_n30_m3_3,23,26,1
train_n30_m3_3,24,14,1
train_n30_m3_3,25,21,1
train_n30_m3_3,25,13,0
train_n30_m3_3,25,0,0
train_n30_m3_3,25,9,0
train_n30_m3_3,25,17,0
train_n30_m3_3,26,28,1
train_n30_m3_3,26,23,0
train_n30_m3_3,26,18,0
train_n30_m3_3,26,2,0
train_n30_m3_3,27,10,1
train_n30_m3_3,27,17,0
train_n30_m3_3,28,7,0
train_n30_m3_3,28,4,1
train_n30_m3_3,28,25,0
train_n30_m3_3,29,24,1
train_n30_m3_3,29,15,0
train_n30_m3_3,29,0,0
train_n30_m3_3,30,27,1
train_n30_m3_3,30,22,0
train_n30_m3_3,30,12,0
train_n30_m3_4,0,12,1
train_n30_m3_4,0,4,1
train_n30_m3_4,0,5,0
train_n30_m3_4,1,17,1
train_n30_m3_4,1,27,0
train_n30_m3_4,2,26,1
train_n30_m3_4,2,3,0
train_n30_m3_4,2,7,0
train_n30_m3_4,2,20,0
train_n30_m3_4,3,9,1
train_n30_m3_4,3,25,0
train_n30_m3_4,3,10,0
train_n30_m3_4,4,10,1
train_n30_m3_4,5,27,1
train_n30_m3_4,6,16,1
train_n30_m3_4,6,5,0
train_n30_m3_4,6,0,0
train_n30_m3_4,7,25,1
train_n30_m3_4,7,9,0
train_n30_m3_4,7,15,0
train_n30_m3_4,7,23,0
train_n30_m3_4,7,2,0
train_n30_m3_4,7,5,0
train_n30_m3_4,8,0,1
train_n30_m3_4,8,4,0
train_n30_m3_4,8,29,0
train_n30_m3_4,8,10,0
train_n30_m3_4,9,7,1
train_n30_m3_4,9,3,0
train_n30_m3_4,9,25,0
train_n30_m3_4,10,30,1
train_n30_m3_4,10,14,0
train_n30_m3_4,10,21,0
train_n30_m3_4,10,19,0
train_n30_m3_4,11,22,0
train_n30_m3_4,11,8,1
train_n30_m3_4,11,17,0
train_n30_m3_4,12,21,1
train_n30_m3_4,12,28,0
train_n30_m3_4,12,4,0
train_n30_m3_4,13,6,1
train_n30_m3_4,13,16,0
train_n30_m3_4,13,9,0
train_n30_m3_4,13,10,0
train_n30_m3_4,14,19,1
train_n30_m3_4,14,5,0
train_n30_m3_4,15,13,1
train_n30_m3_4,15,29,0
train_n30_m3_4,15,7,0
train_n30_m3_4,16,6,0
train_n30_m3_4,16,1,1
train_n30_m3_4,16,13,0
train_n30_m3_4,16,0,0
train_n30_m3_4,17,24,1
train_n30_m3_4,17,0,0
train_n30_m3_4,17,8,0
train_n30_m3_4,17,22,0
train_n30_m3_4,17,29,0
train_n30_m3_4,17,4,0
train_n30_m3_4,18,20,1
train_n30_m3_4,19,2,1
train_n30_m3_4,19,23,0
train_n30_m3_4,19,30,0
train_n30_m3_4,19,29,0
train_n30_m3_4,20,19,0
train_n30_m3_4,20,22,1
train_n30_m3_4,20,23,0
train_n30_m3_4,21,29,1
train_n30_m3_4,21,28,0
train_n30_m3_4,21,4,0
train_n30_m3_4,21,0,0
train_n30_m3_4,21,6,0
train_n30_m3_4,22,11,1
train_n30_m3_4,22,18,0
train_n30_m3_4,23,3,1
train_n30_m3_4,23,9,0
train_n30_m3_4,23,25,0
train_n30_m3_4,23,10,0
train_n30_m3_4,24,0,1
train_n30_m3_4,24,11,0
train_n30_m3_4,24,6,0
train_n30_m3_4,25,5,1
train_n30_m3_4,26,23,1
train_n30_m3_4,26,7,0
train_n30_m3_4,26,10,0
train_n30_m3_4,27,28,1
train_n30_m3_4,27,4,0
train_n30_m3_4,27,0,0
train_n30_m3_4,27,17,0
train_n30_m3_4,28,0,1
train_n30_m3_4,29,12,0
train_n30_m3_4,29,4,0
train_n30_m3_4,29,15,1
train_n30_m3_4,30,10,0
train_n30_m3_4,30,14,1
train_n30_m3_4,30,19,0
train_n30_m3_4,30,25,0
train_n30_m3_4,30,21,0
train_n30_m3_5,0,30,1
train_n30_m3_5,0,15,1
train_n30_m3_5,0,29,0
train_n30_m3_5,0,13,0
train_n30_m3_5,0,17,0
train_n30_m3_5,1,25,1
train_n30_m3_5,1,6,0
train_n30_m3_5,1,11,0
train_n30_m3_5,1,22,0
train_n30_m3_5,1,15,0
train_n30_m3_5,1,12,0
train_n30_m3_5,1,29,0
train_n30_m3_5,2,21,1
train_n30_m3_5,2,28,0
train_n30_m3_5,2,29,0
train_n30_m3_5,2,24,0
train_n30_m3_5,3,23,1
train_n30_m3_5,3,27,0
train_n30_m3_5,3,4,0
train_n30_m3_5,4,10,1
train_n30_m3_5,4,27,0
train_n30_m3_5,4,12,0
train_n30_m3_5,5,9,0
train_n30_m3_5,5,26,0
train_n30_m3_5,5,3,1
train_n30_m3_5,5,19,0
train_n30_m3_5,6,19,0
train_n30_m3_5,6,0,1
train_n30_m3_5,7,16,1
train_n30_m3_5,7,12,0
train_n30_m3_5,7,27,0
train_n30_m3_5,8,1,0
train_n30_m3_5,8,14,0
train_n30_m3_5,8,22,1
train_n30_m3_5,8,28,0
train_n30_m3_5,8,19,0
train_n30_m3_5,9,26,1
train_n30_m3_5,10,27,1
train_n30_m3_5,10,4,0
train_n30_m3_5,10,29,0
train_n30_m3_5,11,14,1
train_n30_m3_5,11,18,0
train_n30_m3_5,11,27,0
train_n30_m3_5,12,7,1
train_n30_m3_5,12,6,0
train_n30_m3_5,13,2,1
train_n30_m3_5,13,28,0
train_n30_m3_5,13,0,0
train_n30_m3_5,13,29,0
train_n30_m3_5,13,5,0
train_n30_m3_5,13,9,0
train_n30_m3_5,14,17,1
train_n30_m3_5,14,1,0
train_n30_m3_5,14,26,0
train_n30_m3_5,14,10,0
train_n30_m3_5,15,0,1
train_n30_m3_5,16,11,1
train_n30_m3_5,16,19,0
train_n30_m3_5,17,24,1
train_n30_m3_5,18,19,1
train_n30_m3_5,18,26,0
train_n30_m3_5,18,6,0
train_n30_m3_5,18,11,0
train_n30_m3_5,18,0,0
train_n30_m3_5,19,18,0
train_n30_m3_5,19,26,0
train_n30_m3_5,19,10,0
train_n30_m3_5,19,24,0
train_n30_m3_5,20,1,1
train_n30_m3_5,20,8,0
train_n30_m3_5,20,6,0
train_n30_m3_5,20,2,0
train_n30_m3_5,21,28,0
train_n30_m3_5,21,29,1
train_n30_m3_5,22,12,1
train_n30_m3_5,22,20,0
train_n30_m3_5,23,4,1
train_n30_m3_5,23,26,0
train_n30_m3_5,23,18,0
train_n30_m3_5,24,6,1
train_n30_m3_5,24,26,0
train_n30_m3_5,24,0,0
train_n30_m3_5,24,5,0
train_n30_m3_5,25,8,1
train_n30_m3_5,25,24,0
train_n30_m3_5,25,30,0
train_n30_m3_5,26,18,1
train_n30_m3_5,26,15,0
train_n30_m3_5,27,9,1
train_n30_m3_5,28,13,1
train_n30_m3_5,28,24,0
train_n30_m3_5,28,1,0
train_n30_m3_5,29,0,0
train_n30_m3_5,29,5,1
train_n30_m3_5,29,30,0
train_n30_m3_5,30,28,1
train_n30_m3_5,30,6,0
train_n30_m3_6,0,29,0
train_n30_m3_6,0,26,1
train_n30_m3_6,0,2,1
train_n30_m3_6,1,3,1
train_n30_m3_6,1,20,0
train_n30_m3_6,1,29,0
train_n30_m3_6,2,23,0
train_n30_m3_6,2,17,1
train_n30_m3_6,3,23,0
train_n30_m3_6,3,0,1
train_n30_m3_6,3,14,0
train_n30_m3_6,3,19,0
train_n30_m3_6,4,22,1
train_n30_m3_6,4,12,0
train_n30_m3_6,4,19,0
train_n30_m3_6,5,18,1
train_n30_m3_6,6,7,1
train_n30_m3_6,6,17,0
train_n30_m3_6,6,25,0
train_n30_m3_6,6,23,0
train_n30_m3_6,7,13,1
train_n30_m3_6,7,21,0
train_n30_m3_6,7,25,0
train_n30_m3_6,7,17,0
train_n30_m3_6,8,4,1
train_n30_m3_6,9,12,0
train_n30_m3_6,9,11,0
train_n30_m3_6,9,8,1
train_n30_m3_6,10,28,1
train_n30_m3_6,11,25,1
train_n30_m3_6,11,16,0
train_n30_m3_6,11,30,0
train_n30_m3_6,11,8,0
train_n30_m3_6,11,14,0
train_n30_m3_6,12,9,1
train_n30_m3_6,12,30,0
train_n30_m3_6,12,29,0
train_n30_m3_6,13,11,1
train_n30_m3_6,13,12,0
train_n30_m3_6,14,26,0
train_n30_m3_6,14,29,1
train_n30_m3_6,14,19,0
train_n30_m3_6,15,0,1
train_n30_m3_6,15,3,0
train_n30_m3_6,15,25,0
train_n30_m3_6,16,24,1
train_n30_m3_6,16,21,0
train_n30_m3_6,16,23,0
train_n30_m3_6,16,6,0
train_n30_m3_6,17,10,1
train_n30_m3_6,17,20,0
train_n30_m3_6,17,30,0
train_n30_m3_6,18,1,1
train_n30_m3_6,18,27,0
train_n30_m3_6,18,3,0
train_n30_m3_6,18,30,0
train_n30_m3_6,19,15,1
train_n30_m3_6,19,4,0
train_n30_m3_6,19,21,0
train_n30_m3_6,20,30,1
train_n30_m3_6,20,21,0
train_n30_m3_6,20,6,0
train_n30_m3_6,21,16,1
train_n30_m3_6,21,24,0
train_n30_m3_6,21,11,0
train_n30_m3_6,21,9,0
train_n30_m3_6,22,4,0
train_n30_m3_6,22,19,1
train_n30_m3_6,22,11,0
train_n30_m3_6,22,0,0
train_n30_m3_6,23,27,1
train_n30_m3_6,23,20,0
train_n30_m3_6,24,14,1
train_n30_m3_6,24,20,0
train_n30_m3_6,24,26,0
train_n30_m3_6,24,12,0
train_n30_m3_6,24,29,0
train_n30_m3_6,24,6,0
train_n30_m3_6,25,21,1
train_n30_m3_6,25,16,0
train_n30_m3_6,25,20,0
train_n30_m3_6,25,27,0
train_n30_m3_6,26,23,1
train_n30_m3_6,26,29,0
train_n30_m3_6,26,27,0
train_n30_m3_6,27,20,1
train_n30_m3_6,27,2,0
train_n30_m3_6,27,17,0
train_n30_m3_6,27,21,0
train_n30_m3_6,28,5,1
train_n30_m3_6,28,17,0
train_n30_m3_6,28,27,0
train_n30_m3_6,28,6,0
train_n30_m3_6,29,0,1
train_n30_m3_6,29,21,0
train_n30_m3_6,30,6,1
train_n30_m3_6,30,23,0
train_n30_m3_6,30,11,0
train_n30_m3_7,0,28,0
train_n30_m3_7,0,14,1
train_n30_m3_7,0,26,0
train_n30_m3_7,0,27,1
train_n30_m3_7,0,9,0
train_n30_m3_7,0,22,1
train_n30_m3_7,1,24,0
train_n30_m3_7,1,16,1
train_n30_m3_7,1,14,0
train_n30_m3_7,1,18,0
train_n30_m3_7,1,27,0
train_n30_m3_7,2,8,1
train_n30_m3_7,2,4,0
train_n30_m3_7,2,18,0
train_n30_m3_7,3,6,0
train_n30_m3_7,3,11,1
train_n30_m3_7,3,20,0
train_n30_m3_7,4,15,1
train_n30_m3_7,5,7,0
train_n30_m3_7,5,30,1
train_n30_m3_7,5,29,0
train_n30_m3_7,6,10,1
train_n30_m3_7,7,5,1
train_n30_m3_7,7,0,0
train_n30_m3_7,7,25,0
train_n30_m3_7,7,20,0
train_n30_m3_7,8,24,1
train_n30_m3_7,8,15,0
train_n30_m3_7,8,12,0
train_n30_m3_7,9,12,1
train_n30_m3_7,9,25,0
train_n30_m3_7,9,14,0
train_n30_m3_7,9,23,0
train_n30_m3_7,10,19,1
train_n30_m3_7,10,27,0
train_n30_m3_7,11,4,1
train_n30_m3_7,11,20,0
train_n30_m3_7,11,27,0
train_n30_m3_7,11,24,0
train_n30_m3_7,12,27,0
train_n30_m3_7,12,17,1
train_n30_m3_7,12,2,0
train_n30_m3_7,12,14,0
train_n30_m3_7,13,23,1
train_n30_m3_7,13,5,0
train_n30_m3_7,13,17,0
train_n30_m3_7,14,29,0
train_n30_m3_7,14,0,0
train_n30_m3_7,14,2,1
train_n30_m3_7,14,28,0
train_n30_m3_7,14,12,0
train_n30_m3_7,15,20,1
train_n30_m3_7,15,3,0
train_n30_m3_7,15,9,0
train_n30_m3_7,15,14,0
train_n30_m3_7,16,8,0
train_n30_m3_7,16,21,1
train_n30_m3_7,16,9,0
train_n30_m3_7,17,6,1
train_n30_m3_7,18,0,1
train_n30_m3_7,18,29,0
train_n30_m3_7,18,5,0
train_n30_m3_7,19,3,1
train_n30_m3_7,19,6,0
train_n30_m3_7,19,9,0
train_n30_m3_7,20,29,1
train_n30_m3_7,20,0,0
train_n30_m3_7,21,18,1
train_n30_m3_7,21,8,0
train_n30_m3_7,21,27,0
train_n30_m3_7,22,25,1
train_n30_m3_7,23,7,1
train_n30_m3_7,23,28,0
train_n30_m3_7,24,1,1
train_n30_m3_7,24,2,0
train_n30_m3_7,24,15,0
train_n30_m3_7,24,11,0
train_n30_m3_7,25,13,1
train_n30_m3_7,25,9,0
train_n30_m3_7,25,12,0
train_n30_m3_7,25,20,0
train_n30_m3_7,25,28,0
train_n30_m3_7,26,28,1
train_n30_m3_7,26,18,0
train_n30_m3_7,26,29,0
train_n30_m3_7,26,23,0
train_n30_m3_7,26,21,0
train_n30_m3_7,27,9,1
train_n30_m3_7,27,18,0
train_n30_m3_7,27,30,0
train_n30_m3_7,28,0,1
train_n30_m3_7,28,26,0
train_n30_m3_7,28,13,0
train_n30_m3_7,29,0,1
train_n30_m3_7,29,27,0
train_n30_m3_7,29,2,0
train_n30_m3_7,29,21,0
train_n30_m3_7,30,26,1
train_n30_m3_7,30,25,0
train_n30_m5_0,0,27,1
train_n30_m5_0,0,15,1
train_n30_m5_0,0,7,1
train_n30_m5_0,0,20,1
train_n30_m5_0,0,30,0
train_n30_m5_0,0,19,0
train_n30_m5_0,0,21,0
train_n30_m5_0,0,8,1
train_n30_m5_0,1,19,0
train_n30_m5_0,1,24,1
train_n30_m5_0,1,5,0
train_n30_m5_0,1,28,0
train_n30_m5_0,1,6,0
train_n30_m5_0,1,21,0
train_n30_m5_0,2,12,0
train_n30_m5_0,2,14,1
train_n30_m5_0,2,21,0
train_n30_m5_0,2,6,0
train_n30_m5_0,3,16,1
train_n30_m5_0,3,9,0
train_n30_m5_0,3,1,0
train_n30_m5_0,3,17,0
train_n30_m5_0,3,21,0
train_n30_m5_0,3,19,0
train_n30_m5_0,4,18,1
train_n30_m5_0,5,4,1
train_n30_m5_0,5,27,0
train_n30_m5_0,5,21,0
train_n30_m5_0,6,19,1
train_n30_m5_0,6,5,0
train_n30_m5_0,6,7,0
train_n30_m5_0,6,17,0
train_n30_m5_0,7,0,1
train_n30_m5_0,7,5,0
train_n30_m5_0,7,15,0
train_n30_m5_0,7,2,0
train_n30_m5_0,8,11,1
train_n30_m5_0,9,21,1
train_n30_m5_0,10,3,1
train_n30_m5_0,10,24,0
train_n30_m5_0,10,9,0
train_n30_m5_0,10,17,0
train_n30_m5_0,10,21,0
train_n30_m5_0,10,5,0
train_n30_m5_0,11,1,0
train_n30_m5_0,11,19,0
train_n30_m5_0,11,29,1
train_n30_m5_0,12,14,0
train_n30_m5_0,12,9,0
train_n30_m5_0,12,27,0
train_n30_m5_0,13,23,1
train_n30_m5_0,13,2,0
train_n30_m5_0,13,25,0
train_n30_m5_0,14,13,1
train_n30_m5_0,14,7,0
train_n30_m5_0,14,25,0
train_n30_m5_0,15,26,1
train_n30_m5_0,15,27,0
train_n30_m5_0,15,12,0
train_n30_m5_0,15,8,0
train_n30_m5_0,16,22,1
train_n30_m5_0,16,21,0
train_n30_m5_0,16,17,0
train_n30_m5_0,16,2,0
train_n30_m5_0,17,1,1
train_n30_m5_0,17,5,0
train_n30_m5_0,18,17,1
train_n30_m5_0,18,28,0
train_n30_m5_0,19,1,0
train_n30_m5_0,20,5,1
train_n30_m5_0,20,19,0
train_n30_m5_0,20,30,0
train_n30_m5_0,20,17,0
train_n30_m5_0,20,26,0
train_n30_m5_0,21,6,1
train_n30_m5_0,21,1,0
train_n30_m5_0,22,28,1
train_n30_m5_0,22,1,0
train_n30_m5_0,23,12,1
train_n30_m5_0,23,21,0
train_n30_m5_0,24,16,0
train_n30_m5_0,24,10,1
train_n30_m5_0,24,19,0
train_n30_m5_0,25,9,1
train_n30_m5_0,25,10,0
train_n30_m5_0,25,19,0
train_n30_m5_0,26,0,0
train_n30_m5_0,26,29,0
train_n30_m5_0,26,7,0
train_n30_m5_0,26,30,1
train_n30_m5_0,27,0,1
train_n30_m5_0,27,26,0
train_n30_m5_0,27,21,0
train_n30_m5_0,27,17,0
train_n30_m5_0,28,25,1
train_n30_m5_0,28,16,0
train_n30_m5_0,28,9,0
train_n30_m5_0,28,21,0
train_n30_m5_0,28,18,0
train_n30_m5_0,28,4,0
train_n30_m5_0,29,0,1
train_n30_m5_0,30,0,0
train_n30_m5_0,30,2,1
train_n30_m5_1,0,27,1
train_n30_m5_1,0,25,1
train_n30_m5_1,0,9,1
train_n30_m5_1,0,23,0
train_n30_m5_1,1,0,1
train_n30_m5_1,1,3,0
train_n30_m5_1,1,20,0
train_n30_m5_1,1,15,0
train_n30_m5_1,1,16,0
train_n30_m5_1,1,7,0
train_n30_m5_1,2,23,1
train_n30_m5_1,2,21,0
train_n30_m5_1,3,1,0
train_n30_m5_1,3,0,1
train_n30_m5_1,3,8,0
train_n30_m5_1,3,25,0
train_n30_m5_1,3,28,0
train_n30_m5_1,4,6,1
train_n30_m5_1,4,29,0
train_n30_m5_1,5,18,1
train_n30_m5_1,6,24,0
train_n30_m5_1,6,12,1
train_n30_m5_1,7,13,1
train_n30_m5_1,7,15,0
train_n30_m5_1,7,14,0
train_n30_m5_1,7,0,0
train_n30_m5_1,8,11,0
train_n30_m5_1,8,20,0
train_n30_m5_1,8,1,1
train_n30_m5_1,8,12,0
train_n30_m5_1,8,27,0
train_n30_m5_1,9,11,1
train_n30_m5_1,9,20,0
train_n30_m5_1,9,10,0
train_n30_m5_1,10,0,1
train_n30_m5_1,10,6,0
train_n30_m5_1,10,23,0
train_n30_m5_1,10,8,0
train_n30_m5_1,11,15,1
train_n30_m5_1,11,9,0
train_n30_m5_1,11,0,0
train_n30_m5_1,11,12,0
train_n30_m5_1,12,0,1
train_n30_m5_1,12,25,0
train_n30_m5_1,12,24,0
train_n30_m5_1,12,23,0
train_n30_m5_1,12,16,0
train_n30_m5_1,12,2,0
train_n30_m5_1,13,17,1
train_n30_m5_1,13,1,0
train_n30_m5_1,14,0,1
train_n30_m5_1,14,9,0
train_n30_m5_1,14,27,0
train_n30_m5_1,14,6,0
train_n30_m5_1,14,17,0
train_n30_m5_1,15,8,1
train_n30_m5_1,15,9,0
train_n30_m5_1,16,26,1
train_n30_m5_1,16,2,0
train_n30_m5_1,16,14,0
train_n30_m5_1,17,5,1
train_n30_m5_1,17,6,0
train_n30_m5_1,17,0,0
train_n30_m5_1,18,30,1
train_n30_m5_1,19,4,1
train_n30_m5_1,19,24,0
train_n30_m5_1,19,18,0
train_n30_m5_1,20,3,1
train_n30_m5_1,20,11,0
train_n30_m5_1,20,16,0
train_n30_m5_1,21,19,1
train_n30_m5_1,21,23,0
train_n30_m5_1,21,2,0
train_n30_m5_1,21,29,0
train_n30_m5_1,21,26,0
train_n30_m5_1,21,12,0
train_n30_m5_1,22,24,1
train_n30_m5_1,22,12,0
train_n30_m5_1,23,21,1
train_n30_m5_1,23,12,0
train_n30_m5_1,24,10,1
train_n30_m5_1,24,1,0
train_n30_m5_1,25,27,0
train_n30_m5_1,25,2,1
train_n30_m5_1,26,22,1
train_n30_m5_1,26,2,0
train_n30_m5_1,26,21,0
train_n30_m5_1,26,12,0
train_n30_m5_1,26,6,0
train_n30_m5_1,27,16,1
train_n30_m5_1,27,20,0
train_n30_m5_1,27,14,0
train_n30_m5_1,27,2,0
train_n30_m5_1,27,8,0
train_n30_m5_1,28,20,1
train_n30_m5_1,28,16,0
train_n30_m5_1,28,14,0
train_n30_m5_1,28,26,0
train_n30_m5_1,29,17,0
train_n30_m5_1,29,14,1
train_n30_m5_1,29,10,0
train_n30_m5_1,30,29,1
train_n30_m5_1,30,18,0
train_n30_m5_2,0,4,1
train_n30_m5_2,0,24,1
train_n30_m5_2,0,28,1
train_n30_m5_2,0,10,1
train_n30_m5_2,0,15,1
train_n30_m5_2,0,9,0
train_n30_m5_2,0,26,0
train_n30_m5_2,1,26,1
train_n30_m5_2,1,6,0
train_n30_m5_2,1,2,0
train_n30_m5_2,2,29,1
train_n30_m5_2,2,4,0
train_n30_m5_2,2,0,0
train_n30_m5_2,2,7,0
train_n30_m5_2,2,22,0
train_n30_m5_2,2,15,0
train_n30_m5_2,3,21,0
train_n30_m5_2,3,14,1
train_n30_m5_2,3,18,0
train_n30_m5_2,3,10,0
train_n30_m5_2,4,11,0
train_n30_m5_2,4,0,1
train_n30_m5_2,4,5,0
train_n30_m5_2,4,26,0
train_n30_m5_2,5,12,0
train_n30_m5_2,5,11,1
train_n30_m5_2,6,7,1
train_n30_m5_2,7,1,1
train_n30_m5_2,8,12,1
train_n30_m5_2,8,17,0
train_n30_m5_2,8,27,0
train_n30_m5_2,8,30,0
train_n30_m5_2,9,11,0
train_n30_m5_2,10,4,0
train_n30_m5_2,10,30,1
train_n30_m5_2,10,12,0
train_n30_m5_2,10,24,0
train_n30_m5_2,11,0,1
train_n30_m5_2,11,12,0
train_n30_m5_2,12,8,0
train_n30_m5_2,12,5,1
train_n30_m5_2,12,23,0
train_n30_m5_2,12,22,0
train_n30_m5_2,13,27,1
train_n30_m5_2,13,12,0
train_n30_m5_2,14,28,0
train_n30_m5_2,14,2,1
train_n30_m5_2,14,4,0
train_n30_m5_2,15,11,0
train_n30_m5_2,15,10,0
train_n30_m5_2,15,5,0
train_n30_m5_2,16,20,1
train_n30_m5_2,16,23,0
train_n30_m5_2,16,3,0
train_n30_m5_2,17,8,1
train_n30_m5_2,17,23,0
train_n30_m5_2,17,27,0
train_n30_m5_2,17,19,0
train_n30_m5_2,17,9,0
train_n30_m5_2,18,22,1
train_n30_m5_2,18,3,0
train_n30_m5_2,18,17,0
train_n30_m5_2,18,10,0
train_n30_m5_2,19,13,1
train_n30_m5_2,19,23,0
train_n30_m5_2,19,9,0
train_n30_m5_2,19,15,0
train_n30_m5_2,20,18,1
train_n30_m5_2,20,8,0
train_n30_m5_2,20,13,0
train_n30_m5_2,21,3,1
train_n30_m5_2,21,18,0
train_n30_m5_2,21,22,0
train_n30_m5_2,21,9,0
train_n30_m5_2,21,12,0
train_n30_m5_2,22,9,1
train_n30_m5_2,22,8,0
train_n30_m5_2,23,16,1
train_n30_m5_2,23,17,0
train_n30_m5_2,23,25,0
train_n30_m5_2,24,6,1
train_n30_m5_2,24,28,0
train_n30_m5_2,24,9,0
train_n30_m5_2,24,14,0
train_n30_m5_2,24,22,0
train_n30_m5_2,25,19,1
train_n30_m5_2,25,15,0
train_n30_m5_2,26,28,0
train_n30_m5_2,26,3,0
train_n30_m5_2,26,18,0
train_n30_m5_2,27,17,1
train_n30_m5_2,27,5,0
train_n30_m5_2,27,18,0
train_n30_m5_2,27,22,0
train_n30_m5_2,28,29,0
train_n30_m5_2,28,6,0
train_n30_m5_2,29,0,1
train_n30_m5_2,30,12,0
train_n30_m5_2,30,18,0
train_n30_m5_2,30,23,1
train_n30_m5_2,30,27,0
train_n30_m5_3,0,19,0
train_n30_m5_3,0,23,1
train_n30_m5_3,0,10,0
train_n30_m5_3,0,20,1
train_n30_m5_3,0,9,1
train_n30_m5_3,0,28,1
train_n30_m5_3,0,4,1
train_n30_m5_3,0,29,0
train_n30_m5_3,1,26,1
train_n30_m5_3,1,20,0
train_n30_m5_3,1,3,0
train_n30_m5_3,1,25,0
train_n30_m5_3,2,7,1
train_n30_m5_3,2,19,0
train_n30_m5_3,2,13,0
train_n30_m5_3,3,9,0
train_n30_m5_3,3,26,0
train_n30_m5_3,3,8,0
train_n30_m5_3,3,0,0
train_n30_m5_3,3,13,1
train_n30_m5_3,4,5,1
train_n30_m5_3,5,22,1
train_n30_m5_3,5,27,0
train_n30_m5_3,5,19,0
train_n30_m5_3,5,2,0
train_n30_m5_3,5,24,0
train_n30_m5_3,6,21,1
train_n30_m5_3,6,14,0
train_n30_m5_3,7,2,0
train_n30_m5_3,7,19,0
train_n30_m5_3,7,0,1
train_n30_m5_3,7,27,0
train_n30_m5_3,7,5,0
train_n30_m5_3,8,1,1
train_n30_m5_3,8,17,0
train_n30_m5_3,8,20,0
train_n30_m5_3,8,3,0
train_n30_m5_3,8,6,0
train_n30_m5_3,8,21,0
train_n30_m5_3,9,3,1
train_n30_m5_3,9,19,0
train_n30_m5_3,10,0,1
train_n30_m5_3,10,30,0
train_n30_m5_3,11,16,1
train_n30_m5_3,11,4,0
train_n30_m5_3,11,19,0
train_n30_m5_3,12,24,1
train_n30_m5_3,12,2,0
train_n30_m5_3,12,3,0
train_n30_m5_3,12,0,0
train_n30_m5_3,13,12,1
train_n30_m5_3,14,30,1
train_n30_m5_3,14,28,0
train_n30_m5_3,14,20,0
train_n30_m5_3,14,17,0
train_n30_m5_3,15,11,1
train_n30_m5_3,15,7,0
train_n30_m5_3,15,19,0
train_n30_m5_3,15,29,0
train_n30_m5_3,16,15,0
train_n30_m5_3,16,18,1
train_n30_m5_3,16,29,0
train_n30_m5_3,17,6,0
train_n30_m5_3,17,21,0
train_n30_m5_3,17,28,0
train_n30_m5_3,17,8,1
train_n30_m5_3,17,19,0
train_n30_m5_3,18,29,0
train_n30_m5_3,18,19,1
train_n30_m5_3,18,28,0
train_n30_m5_3,19,0,1
train_n30_m5_3,19,28,0
train_n30_m5_3,19,30,0
train_n30_m5_3,20,17,1
train_n30_m5_3,20,19,0
train_n30_m5_3,20,30,0
train_n30_m5_3,21,20,0
train_n30_m5_3,21,14,1
train_n30_m5_3,21,10,0
train_n30_m5_3,21,19,0
train_n30_m5_3,21,4,0
train_n30_m5_3,22,15,1
train_n30_m5_3,22,23,0
train_n30_m5_3,23,0,1
train_n30_m5_3,23,29,0
train_n30_m5_3,24,27,1
train_n30_m5_3,25,30,0
train_n30_m5_3,25,0,1
train_n30_m5_3,25,20,0
train_n30_m5_3,26,10,1
train_n30_m5_3,26,20,0
train_n30_m5_3,26,23,0
train_n30_m5_3,27,2,1
train_n30_m5_3,27,12,0
train_n30_m5_3,27,15,0
train_n30_m5_3,27,18,0
train_n30_m5_3,28,6,1
train_n30_m5_3,28,21,0
train_n30_m5_3,28,14,0
train_n30_m5_3,29,25,1
train_n30_m5_3,29,28,0
train_n30_m5_3,29,20,0
train_n30_m5_3,30,29,1
train_n30_m5_3,30,18,0
train_n30_m5_3,30,4,0
train_n30_m5_4,0,29,1
train_n30_m5_4,0,27,1
train_n30_m5_4,0,22,1
train_n30_m5_4,0,28,1
train_n30_m5_4,0,9,1
train_n30_m5_4,0,7,0
train_n30_m5_4,0,8,0
train_n30_m5_4,0,17,0
train_n30_m5_4,1,15,0
train_n30_m5_4,1,22,0
train_n30_m5_4,1,0,1
train_n30_m5_4,2,30,1
train_n30_m5_4,2,11,0
train_n30_m5_4,2,24,0
train_n30_m5_4,3,23,1
train_n30_m5_4,3,10,0
train_n30_m5_4,3,15,0
train_n30_m5_4,4,16,1
train_n30_m5_4,4,13,0
train_n30_m5_4,4,14,0
train_n30_m5_4,4,26,0
train_n30_m5_4,5,0,1
train_n30_m5_4,5,15,0
train_n30_m5_4,6,24,1
train_n30_m5_4,6,17,0
train_n30_m5_4,7,17,0
train_n30_m5_4,7,0,1
train_n30_m5_4,8,7,1
train_n30_m5_4,8,21,0
train_n30_m5_4,8,9,0
train_n30_m5_4,8,30,0
train_n30_m5_4,8,15,0
train_n30_m5_4,8,26,0
train_n30_m5_4,9,21,0
train_n30_m5_4,9,17,0
train_n30_m5_4,9,2,1
train_n30_m5_4,10,25,1
train_n30_m5_4,10,15,0
train_n30_m5_4,10,22,0
train_n30_m5_4,11,4,1
train_n30_m5_4,11,17,0
train_n30_m5_4,11,13,0
train_n30_m5_4,11,8,0
train_n30_m5_4,11,26,0
train_n30_m5_4,11,19,0
train_n30_m5_4,12,1,1
train_n30_m5_4,12,23,0
train_n30_m5_4,13,14,1
train_n30_m5_4,13,4,0
train_n30_m5_4,14,19,0
train_n30_m5_4,14,12,1
train_n30_m5_4,14,4,0
train_n30_m5_4,15,20,0
train_n30_m5_4,15,5,1
train_n30_m5_4,16,6,1
train_n30_m5_4,16,13,0
train_n30_m5_4,16,24,0
train_n30_m5_4,16,14,0
train_n30_m5_4,17,21,1
train_n30_m5_4,17,22,0
train_n30_m5_4,17,5,0
train_n30_m5_4,17,2,0
train_n30_m5_4,18,17,1
train_n30_m5_4,18,15,0
train_n30_m5_4,18,22,0
train_n30_m5_4,19,13,1
train_n30_m5_4,19,1,0
train_n30_m5_4,20,15,0
train_n30_m5_4,20,11,1
train_n30_m5_4,21,8,1
train_n30_m5_4,21,17,0
train_n30_m5_4,21,9,0
train_n30_m5_4,21,18,0
train_n30_m5_4,21,20,0
train_n30_m5_4,22,20,1
train_n30_m5_4,22,12,0
train_n30_m5_4,23,12,0
train_n30_m5_4,23,19,1
train_n30_m5_4,23,28,0
train_n30_m5_4,24,15,1
train_n30_m5_4,24,14,0
train_n30_m5_4,25,3,1
train_n30_m5_4,25,23,0
train_n30_m5_4,25,27,0
train_n30_m5_4,26,18,1
train_n30_m5_4,26,8,0
train_n30_m5_4,26,22,0
train_n30_m5_4,27,0,1
train_n30_m5_4,27,29,0
train_n30_m5_4,27,22,0
train_n30_m5_4,27,12,0
train_n30_m5_4,28,1,0
train_n30_m5_4,28,12,0
train_n30_m5_4,28,25,0
train_n30_m5_4,28,10,1
train_n30_m5_4,28,24,0
train_n30_m5_4,28,14,0
train_n30_m5_4,29,0,1
train_n30_m5_4,29,28,0
train_n30_m5_4,29,15,0
train_n30_m5_4,29,25,0
train_n30_m5_4,29,17,0
train_n30_m5_4,30,26,1
train_n30_m5_4,30,18,0
train_n30_m5_4,30,16,0
train_n30_m5_5,0,14,0
train_n30_m5_5,0,4,1
train_n30_m5_5,0,20,0
train_n30_m5_5,0,29,1
train_n30_m5_5,0,21,1
train_n30_m5_5,0,25,1
train_n30_m5_5,1,26,1
train_n30_m5_5,1,8,0
train_n30_m5_5,1,18,0
train_n30_m5_5,2,27,1
train_n30_m5_5,2,8,0
train_n30_m5_5,2,20,0
train_n30_m5_5,3,10,0
train_n30_m5_5,3,0,1
train_n30_m5_5,3,30,0
train_n30_m5_5,3,20,0
train_n30_m5_5,4,11,1
train_n30_m5_5,4,14,0
train_n30_m5_5,5,24,1
train_n30_m5_5,5,27,0
train_n30_m5_5,5,28,0
train_n30_m5_5,6,16,1
train_n30_m5_5,6,17,0
train_n30_m5_5,6,20,0
train_n30_m5_5,6,8,0
train_n30_m5_5,6,4,0
train_n30_m5_5,7,15,1
train_n30_m5_5,8,23,1
train_n30_m5_5,8,17,0
train_n30_m5_5,8,18,0
train_n30_m5_5,8,27,0
train_n30_m5_5,8,20,0
train_n30_m5_5,8,26,0
train_n30_m5_5,9,22,0
train_n30_m5_5,9,13,1
train_n30_m5_5,9,0,0
train_n30_m5_5,9,11,0
train_n30_m5_5,10,9,1
train_n30_m5_5,11,14,1
train_n30_m5_5,11,1,0
train_n30_m5_5,11,22,0
train_n30_m5_5,11,29,0
train_n30_m5_5,11,23,0
train_n30_m5_5,11,9,0
train_n30_m5_5,11,21,0
train_n30_m5_5,12,5,1
train_n30_m5_5,12,23,0
train_n30_m5_5,12,0,0
train_n30_m5_5,13,22,1
train_n30_m5_5,13,0,0
train_n30_m5_5,13,11,0
train_n30_m5_5,13,25,0
train_n30_m5_5,13,21,0
train_n30_m5_5,14,0,1
train_n30_m5_5,14,3,0
train_n30_m5_5,14,21,0
train_n30_m5_5,15,7,0
train_n30_m5_5,15,2,1
train_n30_m5_5,16,8,1
train_n30_m5_5,16,11,0
train_n30_m5_5,17,20,1
train_n30_m5_5,18,19,1
train_n30_m5_5,18,15,0
train_n30_m5_5,19,27,0
train_n30_m5_5,19,7,0
train_n30_m5_5,19,20,0
train_n30_m5_5,19,0,1
train_n30_m5_5,20,11,0
train_n30_m5_5,20,0,1
train_n30_m5_5,20,19,0
train_n30_m5_5,20,18,0
train_n30_m5_5,21,12,1
train_n30_m5_5,21,18,0
train_n30_m5_5,21,7,0
train_n30_m5_5,21,15,0
train_n30_m5_5,21,17,0
train_n30_m5_5,22,3,1
train_n30_m5_5,22,10,0
train_n30_m5_5,22,28,0
train_n30_m5_5,22,25,0
train_n30_m5_5,22,21,0
train_n30_m5_5,23,17,1
train_n30_m5_5,23,4,0
train_n30_m5_5,23,14,0
train_n30_m5_5,24,7,1
train_n30_m5_5,25,1,1
train_n30_m5_5,25,20,0
train_n30_m5_5,25,16,0
train_n30_m5_5,26,6,1
train_n30_m5_5,26,0,0
train_n30_m5_5,26,19,0
train_n30_m5_5,27,18,1
train_n30_m5_5,27,23,0
train_n30_m5_5,27,5,0
train_n30_m5_5,27,0,0
train_n30_m5_5,28,30,1
train_n30_m5_5,28,5,0
train_n30_m5_5,28,24,0
train_n30_m5_5,29,0,1
train_n30_m5_5,29,14,0
train_n30_m5_5,29,9,0
train_n30_m5_5,30,28,0
train_n30_m5_5,30,10,1
train_n30_m5_5,30,29,0
train_n30_m5_6,0,25,1
train_n30_m5_6,0,4,1
train_n30_m5_6,0,9,1
train_n30_m5_6,0,8,1
train_n30_m5_6,0,30,1
train_n30_m5_6,1,13,1
train_n30_m5_6,1,23,0
train_n30_m5_6,1,22,0
train_n30_m5_6,2,11,1
train_n30_m5_6,2,26,0
train_n30_m5_6,3,19,0
train_n30_m5_6,3,24,1
train_n30_m5_6,4,6,1
train_n30_m5_6,4,7,0
train_n30_m5_6,4,10,0
train_n30_m5_6,4,24,0
train_n30_m5_6,4,30,0
train_n30_m5_6,5,10,1
train_n30_m5_6,5,6,0
train_n30_m5_6,5,26,0
train_n30_m5_6,5,30,0
train_n30_m5_6,5,13,0
train_n30_m5_6,6,0,1
train_n30_m5_6,6,5,0
train_n30_m5_6,6,8,0
train_n30_m5_6,7,0,1
train_n30_m5_6,7,30,0
train_n30_m5_6,7,13,0
train_n30_m5_6,8,0,1
train_n30_m5_6,8,4,0
train_n30_m5_6,9,0,1
train_n30_m5_6,9,24,0
train_n30_m5_6,9,10,0
train_n30_m5_6,10,6,0
train_n30_m5_6,10,7,1
train_n30_m5_6,10,2,0
train_n30_m5_6,11,14,1
train_n30_m5_6,11,2,0
train_n30_m5_6,11,18,0
train_n30_m5_6,12,22,1
train_n30_m5_6,12,23,0
train_n30_m5_6,12,1,0
train_n30_m5_6,12,11,0
train_n30_m5_6,13,1,0
train_n30_m5_6,13,27,1
train_n30_m5_6,14,18,1
train_n30_m5_6,14,9,0
train_n30_m5_6,15,23,1
train_n30_m5_6,15,11,0
train_n30_m5_6,15,28,0
train_n30_m5_6,15,8,0
train_n30_m5_6,16,22,0
train_n30_m5_6,16,17,0
train_n30_m5_6,16,13,0
train_n30_m5_6,16,12,1
train_n30_m5_6,16,8,0
train_n30_m5_6,17,15,1
train_n30_m5_6,17,12,0
train_n30_m5_6,17,18,0
train_n30_m5_6,17,8,0
train_n30_m5_6,18,19,1
train_n30_m5_6,18,15,0
train_n30_m5_6,18,9,0
train_n30_m5_6,19,3,1
train_n30_m5_6,19,2,0
train_n30_m5_6,19,9,0
train_n30_m5_6,20,28,1
train_n30_m5_6,20,13,0
train_n30_m5_6,21,20,1
train_n30_m5_6,21,25,0
train_n30_m5_6,21,28,0
train_n30_m5_6,21,29,0
train_n30_m5_6,21,16,0
train_n30_m5_6,22,17,1
train_n30_m5_6,22,12,0
train_n30_m5_6,23,1,1
train_n30_m5_6,23,8,0
train_n30_m5_6,24,5,1
train_n30_m5_6,24,7,0
train_n30_m5_6,24,9,0
train_n30_m5_6,24,2,0
train_n30_m5_6,25,21,1
train_n30_m5_6,25,9,0
train_n30_m5_6,25,8,0
train_n30_m5_6,25,5,0
train_n30_m5_6,25,30,0
train_n30_m5_6,25,13,0
train_n30_m5_6,26,0,1
train_n30_m5_6,26,27,0
train_n30_m5_6,26,4,0
train_n30_m5_6,27,26,1
train_n30_m5_6,27,24,0
train_n30_m5_6,27,25,0
train_n30_m5_6,28,29,1
train_n30_m5_6,28,9,0
train_n30_m5_6,28,17,0
train_n30_m5_6,29,16,1
train_n30_m5_6,29,20,0
train_n30_m5_6,29,13,0
train_n30_m5_6,29,21,0
train_n30_m5_6,29,23,0
train_n30_m5_6,30,2,1
train_n30_m5_6,30,26,0
train_n30_m5_6,30,14,0
train_n30_m5_6,30,11,0
train_n30_m5_7,0,26,1
train_n30_m5_7,0,19,1
train_n30_m5_7,0,2,1
train_n30_m5_7,0,18,0
train_n30_m5_7,0,11,0
train_n30_m5_7,0,6,1
train_n30_m5_7,1,11,1
train_n30_m5_7,2,30,1
train_n30_m5_7,2,25,0
train_n30_m5_7,2,14,0
train_n30_m5_7,2,0,0
train_n30_m5_7,2,7,0
train_n30_m5_7,3,9,1
train_n30_m5_7,3,12,0
train_n30_m5_7,3,2,0
train_n30_m5_7,4,9,0
train_n30_m5_7,4,15,1
train_n30_m5_7,4,14,0
train_n30_m5_7,5,12,1
train_n30_m5_7,5,20,0
train_n30_m5_7,5,2,0
train_n30_m5_7,5,17,0
train_n30_m5_7,6,22,1
train_n30_m5_7,6,28,0
train_n30_m5_7,6,7,0
train_n30_m5_7,6,25,0
train_n30_m5_7,7,0,1
train_n30_m5_7,7,11,0
train_n30_m5_7,7,2,0
train_n30_m5_7,8,27,0
train_n30_m5_7,8,5,1
train_n30_m5_7,8,3,0
train_n30_m5_7,8,7,0
train_n30_m5_7,9,4,1
train_n30_m5_7,9,25,0
train_n30_m5_7,9,5,0
train_n30_m5_7,10,30,0
train_n30_m5_7,10,0,1
train_n30_m5_7,10,19,0
train_n30_m5_7,11,28,1
train_n30_m5_7,11,1,0
train_n30_m5_7,11,27,0
train_n30_m5_7,11,24,0
train_n30_m5_7,11,0,0
train_n30_m5_7,11,8,0
train_n30_m5_7,12,3,0
train_n30_m5_7,12,8,0
train_n30_m5_7,12,2,0
train_n30_m5_7,13,29,1
train_n30_m5_7,13,0,0
train_n30_m5_7,14,17,1
train_n30_m5_7,14,3,0
train_n30_m5_7,14,25,0
train_n30_m5_7,14,23,0
train_n30_m5_7,15,23,1
train_n30_m5_7,15,9,0
train_n30_m5_7,15,13,0
train_n30_m5_7,16,27,1
train_n30_m5_7,16,7,0
train_n30_m5_7,16,1,0
train_n30_m5_7,17,14,0
train_n30_m5_7,17,25,1
train_n30_m5_7,17,10,0
train_n30_m5_7,17,29,0
train_n30_m5_7,17,15,0
train_n30_m5_7,18,16,0
train_n30_m5_7,18,0,1
train_n30_m5_7,19,13,1
train_n30_m5_7,19,2,0
train_n30_m5_7,20,21,1
train_n30_m5_7,20,8,0
train_n30_m5_7,20,12,0
train_n30_m5_7,21,18,1
train_n30_m5_7,21,27,0
train_n30_m5_7,22,6,0
train_n30_m5_7,22,16,1
train_n30_m5_7,22,7,0
train_n30_m5_7,22,8,0
train_n30_m5_7,23,15,0
train_n30_m5_7,23,14,1
train_n30_m5_7,23,2,0
train_n30_m5_7,24,20,1
train_n30_m5_7,24,18,0
train_n30_m5_7,24,11,0
train_n30_m5_7,25,0,1
train_n30_m5_7,25,10,0
train_n30_m5_7,25,26,0
train_n30_m5_7,25,13,0
train_n30_m5_7,25,3,0
train_n30_m5_7,25,19,0
train_n30_m5_7,26,1,1
train_n30_m5_7,26,19,0
train_n30_m5_7,26,2,0
train_n30_m5_7,26,18,0
train_n30_m5_7,27,24,1
train_n30_m5_7,27,1,0
train_n30_m5_7,28,7,1
train_n30_m5_7,28,22,0
train_n30_m5_7,28,21,0
train_n30_m5_7,29,10,1
train_n30_m5_7,29,17,0
train_n30_m5_7,29,0,0
train_n30_m5_7,30,3,1
train_n50_m2_0,0,27,1
train_n50_m2_0,0,13,1
train_n50_m2_0,0,16,0
train_n50_m2_0,1,16,1
train_n50_m2_0,1,35,0
train_n50_m2_0,2,37,1
train_n50_m2_0,2,43,0
train_n50_m2_0,3,44,0
train_n50_m2_0,3,14,1
train_n50_m2_0,3,4,0
train_n50_m2_0,4,30,1
train_n50_m2_0,4,20,0
train_n50_m2_0,4,26,0
train_n50_m2_0,4,35,0
train_n50_m2_0,5,42,1
train_n50_m2_0,5,26,0
train_n50_m2_0,5,39,0
train_n50_m2_0,5,29,0
train_n50_m2_0,6,9,1
train_n50_m2_0,6,40,0
train_n50_m2_0,6,47,0
train_n50_m2_0,6,26,0
train_n50_m2_0,6,19,0
train_n50_m2_0,7,8,0
train_n50_m2_0,7,44,1
train_n50_m2_0,8,3,1
train_n50_m2_0,9,20,1
train_n50_m2_0,9,42,0
train_n50_m2_0,10,11,1
train_n50_m2_0,11,2,1
train_n50_m2_0,12,0,1
train_n50_m2_0,12,32,0
train_n50_m2_0,13,39,1
train_n50_m2_0,13,41,0
train_n50_m2_0,13,26,0
train_n50_m2_0,13,6,0
train_n50_m2_0,13,20,0
train_n50_m2_0,14,24,1
train_n50_m2_0,14,43,0
train_n50_m2_0,15,32,1
train_n50_m2_0,16,29,1
train_n50_m2_0,16,11,0
train_n50_m2_0,16,10,0
train_n50_m2_0,16,50,0
train_n50_m2_0,17,1,1
train_n50_m2_0,17,50,0
train_n50_m2_0,18,4,1
train_n50_m2_0,18,36,0
train_n50_m2_0,18,50,0
train_n50_m2_0,19,22,1
train_n50_m2_0,19,7,0
train_n50_m2_0,19,40,0
train_n50_m2_0,20,9,0
train_n50_m2_0,20,47,1
train_n50_m2_0,20,36,0
train_n50_m2_0,21,18,1
train_n50_m2_0,21,30,0
train_n50_m2_0,22,38,1
train_n50_m2_0,23,43,1
train_n50_m2_0,23,14,0
train_n50_m2_0,23,48,0
train_n50_m2_0,23,32,0
train_n50_m2_0,24,21,1
train_n50_m2_0,24,38,0
train_n50_m2_0,24,8,0
train_n50_m2_0,24,44,0
train_n50_m2_0,24,19,0
train_n50_m2_0,25,19,1
train_n50_m2_0,26,5,1
train_n50_m2_0,26,39,0
train_n50_m2_0,27,12,0
train_n50_m2_0,27,13,0
train_n50_m2_0,27,34,1
train_n50_m2_0,27,1,0
train_n50_m2_0,28,23,1
train_n50_m2_0,28,2,0
train_n50_m2_0,29,12,1
train_n50_m2_0,29,1,0
train_n50_m2_0,29,32,0
train_n50_m2_0,30,36,1
train_n50_m2_0,30,4,0
train_n50_m2_0,31,46,1
train_n50_m2_0,31,43,0
train_n50_m2_0,31,2,0
train_n50_m2_0,32,35,1
train_n50_m2_0,32,15,0
train_n50_m2_0,32,26,0
train_n50_m2_0,32,1,0
train_n50_m2_0,32,28,0
train_n50_m2_0,32,16,0
train_n50_m2_0,33,10,1
train_n50_m2_0,33,15,0
train_n50_m2_0,33,48,0
train_n50_m2_0,34,26,0
train_n50_m2_0,34,15,1
train_n50_m2_0,35,15,0
train_n50_m2_0,35,48,1
train_n50_m2_0,35,4,0
train_n50_m2_0,35,18,0
train_n50_m2_0,36,49,1
train_n50_m2_0,36,9,0
train_n50_m2_0,37,28,1
train_n50_m2_0,37,11,0
train_n50_m2_0,38,7,1
train_n50_m2_0,38,18,0
train_n50_m2_0,38,8,0
train_n50_m2_0,38,19,0
train_n50_m2_0,38,25,0
train_n50_m2_0,39,41,1
train_n50_m2_0,39,42,0
train_n50_m2_0,39,40,0
train_n50_m2_0,39,34,0
train_n50_m2_0,39,6,0
train_n50_m2_0,39,27,0
train_n50_m2_0,39,47,0
train_n50_m2_0,40,6,1
train_n50_m2_0,41,40,1
train_n50_m2_0,41,26,0
train_n50_m2_0,41,6,0
train_n50_m2_0,41,20,0
train_n50_m2_0,41,13,0
train_n50_m2_0,41,34,0
train_n50_m2_0,41,30,0
train_n50_m2_0,42,13,0
train_n50_m2_0,42,40,0
train_n50_m2_0,42,15,0
train_n50_m2_0,43,17,0
train_n50_m2_0,43,45,1
train_n50_m2_0,43,1,0
train_n50_m2_0,43,10,0
train_n50_m2_0,44,8,1
train_n50_m2_0,44,7,0
train_n50_m2_0,44,18,0
train_n50_m2_0,44,14,0
train_n50_m2_0,44,25,0
train_n50_m2_0,45,31,1
train_n50_m2_0,45,37,0
train_n50_m2_0,45,48,0
train_n50_m2_0,46,17,1
train_n50_m2_0,46,37,0
train_n50_m2_0,46,50,0
train_n50_m2_0,47,25,1
train_n50_m2_0,47,20,0
train_n50_m2_0,47,40,0
train_n50_m2_0,47,19,0
train_n50_m2_0,47,18,0
train_n50_m2_0,48,50,1
train_n50_m2_0,49,47,0
train_n50_m2_0,49,4,0
train_n50_m2_0,49,26,1
train_n50_m2_0,49,42,0
train_n50_m2_0,50,48,0
train_n50_m2_0,50,33,1
train_n50_m2_0,50,11,0
train_n50_m2_0,50,18,0
train_n50_m2_1,0,4,0
train_n50_m2_1,0,41,0
train_n50_m2_1,0,33,1
train_n50_m2_1,0,34,1
train_n50_m2_1,0,38,0
train_n50_m2_1,0,44,0
train_n50_m2_1,0,13,0
train_n50_m2_1,0,40,0
train_n50_m2_1,1,9,0
train_n50_m2_1,1,15,1
train_n50_m2_1,1,18,0
train_n50_m2_1,1,50,0
train_n50_m2_1,1,14,0
train_n50_m2_1,1,17,0
train_n50_m2_1,1,30,0
train_n50_m2_1,2,0,1
train_n50_m2_1,2,23,0
train_n50_m2_1,3,20,1
train_n50_m2_1,3,8,0
train_n50_m2_1,4,0,1
train_n50_m2_1,4,2,0
train_n50_m2_1,4,38,0
train_n50_m2_1,4,26,0
train_n50_m2_1,5,43,1
train_n50_m2_1,5,24,0
train_n50_m2_1,6,48,1
train_n50_m2_1,6,32,0
train_n50_m2_1,7,30,1
train_n50_m2_1,7,46,0
train_n50_m2_1,7,50,0
train_n50_m2_1,7,43,0
train_n50_m2_1,7,26,0
train_n50_m2_1,7,18,0
train_n50_m2_1,8,13,1
train_n50_m2_1,8,20,0
train_n50_m2_1,8,30,0
train_n50_m2_1,9,18,1
train_n50_m2_1,10,21,1
train_n50_m2_1,11,19,0
train_n50_m2_1,11,5,1
train_n50_m2_1,11,9,0
train_n50_m2_1,11,29,0
train_n50_m2_1,12,6,1
train_n50_m2_1,12,39,0
train_n50_m2_1,13,45,1
train_n50_m2_1,13,38,0
train_n50_m2_1,13,35,0
train_n50_m2_1,13,40,0
train_n50_m2_1,14,8,1
train_n50_m2_1,14,48,0
train_n50_m2_1,14,50,0
train_n50_m2_1,14,6,0
train_n50_m2_1,15,14,1
train_n50_m2_1,15,50,0
train_n50_m2_1,16,26,0
train_n50_m2_1,16,46,1
train_n50_m2_1,16,24,0
train_n50_m2_1,16,13,0
train_n50_m2_1,17,29,1
train_n50_m2_1,17,48,0
train_n50_m2_1,17,19,0
train_n50_m2_1,18,32,1
train_n50_m2_1,18,22,0
train_n50_m2_1,18,39,0
train_n50_m2_1,18,1,0
train_n50_m2_1,19,11,1
train_n50_m2_1,19,30,0
train_n50_m2_1,19,32,0
train_n50_m2_1,20,37,1
train_n50_m2_1,21,36,1
train_n50_m2_1,21,3,0
train_n50_m2_1,21,42,0
train_n50_m2_1,22,39,1
train_n50_m2_1,22,50,0
train_n50_m2_1,22,14,0
train_n50_m2_1,23,10,1
train_n50_m2_1,23,2,0
train_n50_m2_1,23,34,0
train_n50_m2_1,23,13,0
train_n50_m2_1,23,47,0
train_n50_m2_1,24,25,1
train_n50_m2_1,24,40,0
train_n50_m2_1,25,44,1
train_n50_m2_1,25,41,0
train_n50_m2_1,25,34,0
train_n50_m2_1,26,40,1
train_n50_m2_1,26,45,0
train_n50_m2_1,26,13,0
train_n50_m2_1,27,7,1
train_n50_m2_1,27,19,0
train_n50_m2_1,28,12,1
train_n50_m2_1,28,8,0
train_n50_m2_1,29,19,1
train_n50_m2_1,29,5,0
train_n50_m2_1,30,50,1
train_n50_m2_1,30,19,0
train_n50_m2_1,30,16,0
train_n50_m2_1,31,24,1
train_n50_m2_1,31,46,0
train_n50_m2_1,32,17,1
train_n50_m2_1,32,11,0
train_n50_m2_1,32,6,0
train_n50_m2_1,33,42,1
train_n50_m2_1,33,21,0
train_n50_m2_1,33,13,0
train_n50_m2_1,33,47,0
train_n50_m2_1,33,26,0
train_n50_m2_1,34,35,1
train_n50_m2_1,34,44,0
train_n50_m2_1,35,26,1
train_n50_m2_1,35,38,0
train_n50_m2_1,36,3,1
train_n50_m2_1,37,49,1
train_n50_m2_1,37,28,0
train_n50_m2_1,37,15,0
train_n50_m2_1,37,6,0
train_n50_m2_1,38,16,0
train_n50_m2_1,38,4,1
train_n50_m2_1,38,8,0
train_n50_m2_1,38,41,0
train_n50_m2_1,39,9,1
train_n50_m2_1,39,19,0
train_n50_m2_1,39,48,0
train_n50_m2_1,39,17,0
train_n50_m2_1,39,30,0
train_n50_m2_1,40,16,1
train_n50_m2_1,40,47,0
train_n50_m2_1,41,2,1
train_n50_m2_1,41,35,0
train_n50_m2_1,41,25,0
train_n50_m2_1,42,23,1
train_n50_m2_1,42,33,0
train_n50_m2_1,43,31,1
train_n50_m2_1,43,5,0
train_n50_m2_1,43,25,0
train_n50_m2_1,43,26,0
train_n50_m2_1,43,35,0
train_n50_m2_1,44,40,0
train_n50_m2_1,44,47,1
train_n50_m2_1,44,0,0
train_n50_m2_1,45,38,1
train_n50_m2_1,45,35,0
train_n50_m2_1,45,41,0
train_n50_m2_1,46,27,1
train_n50_m2_1,47,41,1
train_n50_m2_1,48,1,1
train_n50_m2_1,48,9,0
train_n50_m2_1,48,22,0
train_n50_m2_1,48,17,0
train_n50_m2_1,48,50,0
train_n50_m2_1,48,29,0
train_n50_m2_1,49,28,1
train_n50_m2_1,50,22,1
train_n50_m2_1,50,11,0
train_n50_m2_1,50,7,0
train_n50_m2_1,50,15,0
train_n50_m2_2,0,40,1
train_n50_m2_2,0,19,0
train_n50_m2_2,0,34,1
train_n50_m2_2,0,9,0
train_n50_m2_2,0,21,0
train_n50_m2_2,0,38,0
train_n50_m2_2,1,6,1
train_n50_m2_2,1,18,0
train_n50_m2_2,2,30,1
train_n50_m2_2,2,20,0
train_n50_m2_2,3,32,1
train_n50_m2_2,3,26,0
train_n50_m2_2,4,18,1
train_n50_m2_2,4,42,0
train_n50_m2_2,4,5,0
train_n50_m2_2,5,46,1
train_n50_m2_2,5,47,0
train_n50_m2_2,5,42,0
train_n50_m2_2,5,7,0
train_n50_m2_2,5,26,0
train_n50_m2_2,6,4,1
train_n50_m2_2,6,29,0
train_n50_m2_2,7,39,1
train_n50_m2_2,7,6,0
train_n50_m2_2,7,48,0
train_n50_m2_2,7,11,0
train_n50_m2_2,8,10,0
train_n50_m2_2,8,23,1
train_n50_m2_2,8,12,0
train_n50_m2_2,9,17,1
train_n50_m2_2,9,15,0
train_n50_m2_2,10,50,1
train_n50_m2_2,10,12,0
train_n50_m2_2,11,3,1
train_n50_m2_2,11,32,0
train_n50_m2_2,12,5,1
train_n50_m2_2,12,4,0
train_n50_m2_2,13,10,1
train_n50_m2_2,14,38,1
train_n50_m2_2,14,37,0
train_n50_m2_2,14,17,0
train_n50_m2_2,15,28,1
train_n50_m2_2,15,17,0
train_n50_m2_2,16,25,1
train_n50_m2_2,16,31,0
train_n50_m2_2,16,37,0
train_n50_m2_2,17,27,1
train_n50_m2_2,17,19,0
train_n50_m2_2,18,11,1
train_n50_m2_2,18,3,0
train_n50_m2_2,18,34,0
train_n50_m2_2,18,12,0
train_n50_m2_2,18,33,0
train_n50_m2_2,19,15,1
train_n50_m2_2,19,28,0
train_n50_m2_2,20,16,1
train_n50_m2_2,20,31,0
train_n50_m2_2,20,9,0
train_n50_m2_2,21,26,1
train_n50_m2_2,21,29,0
train_n50_m2_2,21,18,0
train_n50_m2_2,22,20,1
train_n50_m2_2,22,50,0
train_n50_m2_2,23,12,1
train_n50_m2_2,23,48,0
train_n50_m2_2,23,16,0
train_n50_m2_2,24,45,0
train_n50_m2_2,24,31,1
train_n50_m2_2,24,20,0
train_n50_m2_2,24,26,0
train_n50_m2_2,24,29,0
train_n50_m2_2,24,9,0
train_n50_m2_2,25,24,1
train_n50_m2_2,25,31,0
train_n50_m2_2,25,45,0
train_n50_m2_2,25,13,0
train_n50_m2_2,25,26,0
train_n50_m2_2,26,29,1
train_n50_m2_2,26,21,0
train_n50_m2_2,26,31,0
train_n50_m2_2,26,45,0
train_n50_m2_2,26,37,0
train_n50_m2_2,26,24,0
train_n50_m2_2,27,0,1
train_n50_m2_2,27,35,0
train_n50_m2_2,27,34,0
train_n50_m2_2,27,37,0
train_n50_m2_2,27,32,0
train_n50_m2_2,28,27,0
train_n50_m2_2,28,35,1
train_n50_m2_2,28,40,0
train_n50_m2_2,29,48,1
train_n50_m2_2,29,4,0
train_n50_m2_2,29,24,0
train_n50_m2_2,30,49,1
train_n50_m2_2,30,16,0
train_n50_m2_2,30,25,0
train_n50_m2_2,31,45,1
train_n50_m2_2,31,13,0
train_n50_m2_2,32,33,1
train_n50_m2_2,32,0,0
train_n50_m2_2,33,0,1
train_n50_m2_2,33,32,0
train_n50_m2_2,33,27,0
train_n50_m2_2,33,34,0
train_n50_m2_2,33,17,0
train_n50_m2_2,33,3,0
train_n50_m2_2,34,11,0
train_n50_m2_2,34,21,1
train_n50_m2_2,34,29,0
train_n50_m2_2,34,32,0
train_n50_m2_2,35,2,1
train_n50_m2_2,35,27,0
train_n50_m2_2,35,22,0
train_n50_m2_2,36,40,0
train_n50_m2_2,36,19,1
train_n50_m2_2,36,32,0
train_n50_m2_2,36,15,0
train_n50_m2_2,37,14,1
train_n50_m2_2,37,45,0
train_n50_m2_2,37,21,0
train_n50_m2_2,37,28,0
train_n50_m2_2,37,16,0
train_n50_m2_2,37,29,0
train_n50_m2_2,38,9,1
train_n50_m2_2,39,1,1
train_n50_m2_2,39,41,0
train_n50_m2_2,40,36,1
train_n50_m2_2,40,35,0
train_n50_m2_2,41,7,1
train_n50_m2_2,41,26,0
train_n50_m2_2,42,13,1
train_n50_m2_2,42,26,0
train_n50_m2_2,42,10,0
train_n50_m2_2,43,44,1
train_n50_m2_2,43,25,0
train_n50_m2_2,44,22,1
train_n50_m2_2,44,31,0
train_n50_m2_2,45,37,1
train_n50_m2_2,45,22,0
train_n50_m2_2,45,29,0
train_n50_m2_2,46,41,0
train_n50_m2_2,46,47,1
train_n50_m2_2,46,39,0
train_n50_m2_2,46,42,0
train_n50_m2_2,46,26,0
train_n50_m2_2,47,41,1
train_n50_m2_2,47,4,0
train_n50_m2_2,48,42,1
train_n50_m2_2,48,34,0
train_n50_m2_2,48,5,0
train_n50_m2_2,49,43,1
train_n50_m2_2,49,14,0
train_n50_m2_2,50,8,1
train_n50_m2_2,50,16,0
train_n50_m2_2,50,44,0
train_n50_m2_3,0,48,1
train_n50_m2_3,0,29,0
train_n50_m2_3,0,12,1
train_n50_m2_3,0,5,0
train_n50_m2_3,1,33,1
train_n50_m2_3,1,8,0
train_n50_m2_3,2,13,1
train_n50_m2_3,2,12,0
train_n50_m2_3,3,50,1
train_n50_m2_3,3,47,0
train_n50_m2_3,3,9,0
train_n50_m2_3,4,49,1
train_n50_m2_3,4,7,0
train_n50_m2_3,4,26,0
train_n50_m2_3,4,27,0
train_n50_m2_3,5,15,0
train_n50_m2_3,5,0,1
train_n50_m2_3,5,48,0
train_n50_m2_3,5,29,0
train_n50_m2_3,5,35,0
train_n50_m2_3,6,39,1
train_n50_m2_3,6,9,0
train_n50_m2_3,7,26,1
train_n50_m2_3,7,47,0
train_n50_m2_3,8,45,1
train_n50_m2_3,8,1,0
train_n50_m2_3,8,22,0
train_n50_m2_3,9,30,1
train_n50_m2_3,9,6,0
train_n50_m2_3,9,20,0
train_n50_m2_3,10,29,0
train_n50_m2_3,10,48,0
train_n50_m2_3,10,0,0
train_n50_m2_3,10,16,1
train_n50_m2_3,10,28,0
train_n50_m2_3,11,32,1
train_n50_m2_3,11,1,0
train_n50_m2_3,11,40,0
train_n50_m2_3,11,50,0
train_n50_m2_3,12,8,1
train_n50_m2_3,12,29,0
train_n50_m2_3,12,41,0
train_n50_m2_3,13,14,1
train_n50_m2_3,13,17,0
train_n50_m2_3,14,23,1
train_n50_m2_3,14,13,0
train_n50_m2_3,14,22,0
train_n50_m2_3,15,44,1
train_n50_m2_3,15,0,0
train_n50_m2_3,15,2,0
train_n50_m2_3,16,15,1
train_n50_m2_3,17,28,1
train_n50_m2_3,18,50,0
train_n50_m2_3,18,3,1
train_n50_m2_3,18,30,0
train_n50_m2_3,18,39,0
train_n50_m2_3,19,25,1
train_n50_m2_3,19,34,0
train_n50_m2_3,19,11,0
train_n50_m2_3,19,30,0
train_n50_m2_3,20,46,1
train_n50_m2_3,20,4,0
train_n50_m2_3,20,36,0
train_n50_m2_3,21,31,1
train_n50_m2_3,21,3,0
train_n50_m2_3,21,47,0
train_n50_m2_3,21,4,0
train_n50_m2_3,22,35,1
train_n50_m2_3,22,42,0
train_n50_m2_3,22,10,0
train_n50_m2_3,22,2,0
train_n50_m2_3,22,17,0
train_n50_m2_3,23,37,1
train_n50_m2_3,23,17,0
train_n50_m2_3,23,22,0
train_n50_m2_3,24,21,1
train_n50_m2_3,24,31,0
train_n50_m2_3,24,47,0
train_n50_m2_3,24,32,0
train_n50_m2_3,25,34,1
train_n50_m2_3,25,19,0
train_n50_m2_3,25,18,0
train_n50_m2_3,25,42,0
train_n50_m2_3,26,36,1
train_n50_m2_3,26,27,0
train_n50_m2_3,26,3,0
train_n50_m2_3,27,41,1
train_n50_m2_3,27,6,0
train_n50_m2_3,27,26,0
train_n50_m2_3,27,49,0
train_n50_m2_3,28,22,0
train_n50_m2_3,28,29,1
train_n50_m2_3,28,43,0
train_n50_m2_3,29,10,1
train_n50_m2_3,29,42,0
train_n50_m2_3,30,1,1
train_n50_m2_3,31,20,1
train_n50_m2_3,32,1,0
train_n50_m2_3,32,30,0
train_n50_m2_3,32,18,1
train_n50_m2_3,32,9,0
train_n50_m2_3,32,24,0
train_n50_m2_3,32,41,0
train_n50_m2_3,33,8,0
train_n50_m2_3,33,1,0
train_n50_m2_3,33,32,0
train_n50_m2_3,33,11,0
train_n50_m2_3,33,45,0
train_n50_m2_3,33,42,1
train_n50_m2_3,33,19,0
train_n50_m2_3,33,41,0
train_n50_m2_3,34,11,1
train_n50_m2_3,34,33,0
train_n50_m2_3,34,32,0
train_n50_m2_3,35,43,1
train_n50_m2_3,36,4,1
train_n50_m2_3,36,17,0
train_n50_m2_3,37,23,0
train_n50_m2_3,37,38,1
train_n50_m2_3,37,22,0
train_n50_m2_3,38,7,1
train_n50_m2_3,38,6,0
train_n50_m2_3,38,47,0
train_n50_m2_3,38,17,0
train_n50_m2_3,39,7,0
train_n50_m2_3,39,27,1
train_n50_m2_3,39,49,0
train_n50_m2_3,40,25,0
train_n50_m2_3,40,19,1
train_n50_m2_3,40,45,0
train_n50_m2_3,40,42,0
train_n50_m2_3,41,17,1
train_n50_m2_3,41,6,0
train_n50_m2_3,41,38,0
train_n50_m2_3,41,1,0
train_n50_m2_3,41,42,0
train_n50_m2_3,42,22,1
train_n50_m2_3,43,0,1
train_n50_m2_3,44,5,1
train_n50_m2_3,44,42,0
train_n50_m2_3,44,8,0
train_n50_m2_3,45,40,1
train_n50_m2_3,46,18,0
train_n50_m2_3,46,9,1
train_n50_m2_3,46,49,0
train_n50_m2_3,47,6,1
train_n50_m2_3,47,36,0
train_n50_m2_3,48,29,0
train_n50_m2_3,48,2,1
train_n50_m2_3,48,22,0
train_n50_m2_3,48,42,0
train_n50_m2_3,49,47,1
train_n50_m2_3,50,24,1
train_n50_m2_3,50,21,0
train_n50_m2_3,50,31,0
train_n50_m2_3,50,32,0
train_n50_m2_4,0,35,1
train_n50_m2_4,0,28,1
train_n50_m2_4,1,47,1
train_n50_m2_4,1,13,0
train_n50_m2_4,1,37,0
train_n50_m2_4,2,19,1
train_n50_m2_4,2,41,0
train_n50_m2_4,2,24,0
train_n50_m2_4,3,6,0
train_n50_m2_4,3,27,1
train_n50_m2_4,3,34,0
train_n50_m2_4,4,7,1
train_n50_m2_4,4,38,0
train_n50_m2_4,5,26,1
train_n50_m2_4,5,4,0
train_n50_m2_4,5,37,0
train_n50_m2_4,6,34,1
train_n50_m2_4,6,49,0
train_n50_m2_4,7,25,1
train_n50_m2_4,7,14,0
train_n50_m2_4,7,17,0
train_n50_m2_4,8,24,1
train_n50_m2_4,8,28,0
train_n50_m2_4,8,5,0
train_n50_m2_4,8,50,0
train_n50_m2_4,8,17,0
train_n50_m2_4,9,12,1
train_n50_m2_4,9,33,0
train_n50_m2_4,10,23,1
train_n50_m2_4,10,3,0
train_n50_m2_4,10,27,0
train_n50_m2_4,10,37,0
train_n50_m2_4,10,26,0
train_n50_m2_4,10,41,0
train_n50_m2_4,11,45,0
train_n50_m2_4,11,30,1
train_n50_m2_4,11,28,0
train_n50_m2_4,11,21,0
train_n50_m2_4,12,41,1
train_n50_m2_4,13,1,1
train_n50_m2_4,13,42,0
train_n50_m2_4,14,7,0
train_n50_m2_4,14,38,1
train_n50_m2_4,14,35,0
train_n50_m2_4,14,5,0
train_n50_m2_4,15,28,0
train_n50_m2_4,15,36,1
train_n50_m2_4,15,0,0
train_n50_m2_4,16,40,1
train_n50_m2_4,17,4,1
train_n50_m2_4,17,21,0
train_n50_m2_4,17,50,0
train_n50_m2_4,18,44,1
train_n50_m2_4,18,9,0
train_n50_m2_4,18,21,0
train_n50_m2_4,19,9,1
train_n50_m2_4,19,41,0
train_n50_m2_4,20,35,0
train_n50_m2_4,20,46,1
train_n50_m2_4,20,0,0
train_n50_m2_4,20,38,0
train_n50_m2_4,20,5,0
train_n50_m2_4,21,50,1
train_n50_m2_4,21,20,0
train_n50_m2_4,22,33,1
train_n50_m2_4,22,41,0
train_n50_m2_4,22,27,0
train_n50_m2_4,23,49,1
train_n50_m2_4,23,34,0
train_n50_m2_4,23,6,0
train_n50_m2_4,23,27,0
train_n50_m2_4,23,41,0
train_n50_m2_4,23,33,0
train_n50_m2_4,24,21,1
train_n50_m2_4,24,8,0
train_n50_m2_4,24,50,0
train_n50_m2_4,24,17,0
train_n50_m2_4,25,4,0
train_n50_m2_4,25,29,1
train_n50_m2_4,26,37,1
train_n50_m2_4,26,47,0
train_n50_m2_4,26,17,0
train_n50_m2_4,27,10,0
train_n50_m2_4,27,22,1
train_n50_m2_4,28,15,1
train_n50_m2_4,28,24,0
train_n50_m2_4,28,18,0
train_n50_m2_4,28,5,0
train_n50_m2_4,29,48,1
train_n50_m2_4,29,26,0
train_n50_m2_4,30,0,1
train_n50_m2_4,30,11,0
train_n50_m2_4,30,16,0
train_n50_m2_4,31,16,0
train_n50_m2_4,31,45,1
train_n50_m2_4,31,38,0
train_n50_m2_4,31,21,0
train_n50_m2_4,32,1,0
train_n50_m2_4,32,17,1
train_n50_m2_4,32,24,0
train_n50_m2_4,33,8,1
train_n50_m2_4,33,22,0
train_n50_m2_4,34,43,1
train_n50_m2_4,34,49,0
train_n50_m2_4,35,20,1
train_n50_m2_4,35,50,0
train_n50_m2_4,35,17,0
train_n50_m2_4,36,28,0
train_n50_m2_4,36,33,0
train_n50_m2_4,36,18,1
train_n50_m2_4,36,21,0
train_n50_m2_4,36,19,0
train_n50_m2_4,36,2,0
train_n50_m2_4,37,42,1
train_n50_m2_4,38,35,0
train_n50_m2_4,38,16,1
train_n50_m2_4,38,50,0
train_n50_m2_4,38,39,0
train_n50_m2_4,39,31,1
train_n50_m2_4,39,0,0
train_n50_m2_4,39,35,0
train_n50_m2_4,39,20,0
train_n50_m2_4,39,15,0
train_n50_m2_4,40,39,1
train_n50_m2_4,40,50,0
train_n50_m2_4,41,6,1
train_n50_m2_4,41,49,0
train_n50_m2_4,41,9,0
train_n50_m2_4,42,23,0
train_n50_m2_4,42,13,1
train_n50_m2_4,42,6,0
train_n50_m2_4,42,27,0
train_n50_m2_4,43,10,1
train_n50_m2_4,43,41,0
train_n50_m2_4,43,42,0
train_n50_m2_4,44,2,1
train_n50_m2_4,44,19,0
train_n50_m2_4,44,9,0
train_n50_m2_4,44,28,0
train_n50_m2_4,45,11,1
train_n50_m2_4,45,30,0
train_n50_m2_4,45,46,0
train_n50_m2_4,45,15,0
train_n50_m2_4,46,5,1
train_n50_m2_4,46,28,0
train_n50_m2_4,47,32,1
train_n50_m2_4,47,13,0
train_n50_m2_4,47,5,0
train_n50_m2_4,48,14,1
train_n50_m2_4,48,4,0
train_n50_m2_4,48,13,0
train_n50_m2_4,48,17,0
train_n50_m2_4,49,3,1
train_n50_m2_4,49,8,0
train_n50_m2_4,49,22,0
train_n50_m2_4,50,0,1
train_n50_m2_5,0,4,1
train_n50_m2_5,0,1,0
train_n50_m2_5,0,40,1
train_n50_m2_5,0,15,0
train_n50_m2_5,1,24,1
train_n50_m2_5,1,27,0
train_n50_m2_5,1,20,0
train_n50_m2_5,1,2,0
train_n50_m2_5,2,20,1
train_n50_m2_5,2,26,0
train_n50_m2_5,2,6,0
train_n50_m2_5,3,37,1
train_n50_m2_5,3,13,0
train_n50_m2_5,4,13,1
train_n50_m2_5,5,37,0
train_n50_m2_5,5,2,1
train_n50_m2_5,5,19,0
train_n50_m2_5,6,41,1
train_n50_m2_5,6,34,0
train_n50_m2_5,6,17,0
train_n50_m2_5,7,29,0
train_n50_m2_5,7,36,1
train_n50_m2_5,7,25,0
train_n50_m2_5,7,23,0
train_n50_m2_5,8,48,1
train_n50_m2_5,8,39,0
train_n50_m2_5,8,29,0
train_n50_m2_5,8,43,0
train_n50_m2_5,8,16,0
train_n50_m2_5,9,21,1
train_n50_m2_5,9,35,0
train_n50_m2_5,9,5,0
train_n50_m2_5,10,16,1
train_n50_m2_5,10,8,0
train_n50_m2_5,11,14,1
train_n50_m2_5,11,30,0
train_n50_m2_5,11,6,0
train_n50_m2_5,12,22,0
train_n50_m2_5,12,17,1
train_n50_m2_5,12,11,0
train_n50_m2_5,13,19,1
train_n50_m2_5,13,38,0
train_n50_m2_5,13,26,0
train_n50_m2_5,14,33,1
train_n50_m2_5,15,44,1
train_n50_m2_5,15,28,0
train_n50_m2_5,15,12,0
train_n50_m2_5,15,7,0
train_n50_m2_5,16,25,1
train_n50_m2_5,16,12,0
train_n50_m2_5,17,14,0
train_n50_m2_5,17,45,0
train_n50_m2_5,17,34,1
train_n50_m2_5,18,27,1
train_n50_m2_5,18,3,0
train_n50_m2_5,19,13,0
train_n50_m2_5,19,34,0
train_n50_m2_5,19,38,1
train_n50_m2_5,19,6,0
train_n50_m2_5,19,41,0
train_n50_m2_5,20,3,1
train_n50_m2_5,20,21,0
train_n50_m2_5,21,46,1
train_n50_m2_5,22,33,0
train_n50_m2_5,22,31,1
train_n50_m2_5,22,28,0
train_n50_m2_5,23,43,1
train_n50_m2_5,23,10,0
train_n50_m2_5,23,49,0
train_n50_m2_5,23,8,0
train_n50_m2_5,24,50,1
train_n50_m2_5,24,1,0
train_n50_m2_5,24,18,0
train_n50_m2_5,24,39,0
train_n50_m2_5,24,25,0
train_n50_m2_5,25,39,1
train_n50_m2_5,26,5,1
train_n50_m2_5,26,2,0
train_n50_m2_5,27,1,1
train_n50_m2_5,28,44,0
train_n50_m2_5,28,49,0
train_n50_m2_5,28,23,1
train_n50_m2_5,28,22,0
train_n50_m2_5,28,29,0
train_n50_m2_5,29,7,1
train_n50_m2_5,30,41,0
train_n50_m2_5,30,11,1
train_n50_m2_5,30,17,0
train_n50_m2_5,30,14,0
train_n50_m2_5,30,22,0
train_n50_m2_5,30,31,0
train_n50_m2_5,31,22,0
train_n50_m2_5,31,45,1
train_n50_m2_5,31,33,0
train_n50_m2_5,32,18,1
train_n50_m2_5,32,3,0
train_n50_m2_5,32,24,0
train_n50_m2_5,32,20,0
train_n50_m2_5,32,48,0
train_n50_m2_5,32,35,0
train_n50_m2_5,33,22,1
train_n50_m2_5,33,45,0
train_n50_m2_5,33,49,0
train_n50_m2_5,34,6,1
train_n50_m2_5,35,47,1
train_n50_m2_5,35,46,0
train_n50_m2_5,35,37,0
train_n50_m2_5,35,13,0
train_n50_m2_5,36,7,0
train_n50_m2_5,36,10,1
train_n50_m2_5,36,29,0
train_n50_m2_5,36,39,0
train_n50_m2_5,36,48,0
train_n50_m2_5,37,21,0
train_n50_m2_5,37,32,1
train_n50_m2_5,38,9,1
train_n50_m2_5,38,5,0
train_n50_m2_5,38,3,0
train_n50_m2_5,39,0,1
train_n50_m2_5,39,15,0
train_n50_m2_5,40,12,1
train_n50_m2_5,40,34,0
train_n50_m2_5,41,30,1
train_n50_m2_5,41,13,0
train_n50_m2_5,41,33,0
train_n50_m2_5,42,50,0
train_n50_m2_5,42,8,1
train_n50_m2_5,43,29,1
train_n50_m2_5,43,28,0
train_n50_m2_5,44,28,1
train_n50_m2_5,44,43,0
train_n50_m2_5,45,33,0
train_n50_m2_5,45,49,1
train_n50_m2_5,45,11,0
train_n50_m2_5,46,35,1
train_n50_m2_5,46,38,0
train_n50_m2_5,46,3,0
train_n50_m2_5,46,13,0
train_n50_m2_5,46,2,0
train_n50_m2_5,47,26,1
train_n50_m2_5,47,37,0
train_n50_m2_5,47,13,0
train_n50_m2_5,47,19,0
train_n50_m2_5,48,0,1
train_n50_m2_5,48,1,0
train_n50_m2_5,48,8,0
train_n50_m2_5,49,15,1
train_n50_m2_5,49,10,0
train_n50_m2_5,49,45,0
train_n50_m2_5,49,40,0
train_n50_m2_5,49,36,0
train_n50_m2_5,49,22,0
train_n50_m2_5,50,42,1
train_n50_m2_5,50,39,0
train_n50_m2_5,50,3,0
train_n50_m2_5,50,25,0
train_n50_m2_6,0,31,1
train_n50_m2_6,0,7,1
train_n50_m2_6,0,45,0
train_n50_m2_6,1,36,0
train_n50_m2_6,1,9,1
train_n50_m2_6,1,33,0
train_n50_m2_6,2,25,1
train_n50_m2_6,2,28,0
train_n50_m2_6,3,12,1
train_n50_m2_6,3,30,0
train_n50_m2_6,4,19,1
train_n50_m2_6,4,48,0
train_n50_m2_6,5,46,0
train_n50_m2_6,5,21,0
train_n50_m2_6,5,35,1
train_n50_m2_6,6,38,1
train_n50_m2_6,6,13,0
train_n50_m2_6,6,42,0
train_n50_m2_6,7,8,1
train_n50_m2_6,7,41,0
train_n50_m2_6,7,49,0
train_n50_m2_6,8,46,1
train_n50_m2_6,8,32,0
train_n50_m2_6,8,50,0
train_n50_m2_6,8,49,0
train_n50_m2_6,9,33,0
train_n50_m2_6,9,45,1
train_n50_m2_6,9,7,0
train_n50_m2_6,10,26,1
train_n50_m2_6,10,17,0
train_n50_m2_6,10,12,0
train_n50_m2_6,10,40,0
train_n50_m2_6,11,18,1
train_n50_m2_6,11,31,0
train_n50_m2_6,11,20,0
train_n50_m2_6,12,27,1
train_n50_m2_6,12,40,0
train_n50_m2_6,12,3,0
train_n50_m2_6,12,13,0
train_n50_m2_6,12,29,0
train_n50_m2_6,12,38,0
train_n50_m2_6,12,47,0
train_n50_m2_6,13,42,0
train_n50_m2_6,13,10,1
train_n50_m2_6,13,16,0
train_n50_m2_6,14,23,1
train_n50_m2_6,14,34,0
train_n50_m2_6,14,25,0
train_n50_m2_6,14,20,0
train_n50_m2_6,14,1,0
train_n50_m2_6,14,2,0
train_n50_m2_6,15,37,0
train_n50_m2_6,15,39,1
train_n50_m2_6,16,12,0
train_n50_m2_6,16,42,1
train_n50_m2_6,16,38,0
train_n50_m2_6,17,16,1
train_n50_m2_6,18,34,1
train_n50_m2_6,19,22,1
train_n50_m2_6,19,15,0
train_n50_m2_6,20,1,1
train_n50_m2_6,20,14,0
train_n50_m2_6,20,11,0
train_n50_m2_6,21,41,1
train_n50_m2_6,21,44,0
train_n50_m2_6,21,11,0
train_n50_m2_6,22,25,0
train_n50_m2_6,22,14,1
train_n50_m2_6,22,20,0
train_n50_m2_6,23,36,1
train_n50_m2_6,23,1,0
train_n50_m2_6,23,25,0
train_n50_m2_6,24,11,1
train_n50_m2_6,24,1,0
train_n50_m2_6,24,49,0
train_n50_m2_6,24,21,0
train_n50_m2_6,24,36,0
train_n50_m2_6,25,4,1
train_n50_m2_6,25,22,0
train_n50_m2_6,25,15,0
train_n50_m2_6,25,14,0
train_n50_m2_6,25,18,0
train_n50_m2_6,25,23,0
train_n50_m2_6,25,39,0
train_n50_m2_6,26,50,1
train_n50_m2_6,26,32,0
train_n50_m2_6,27,17,1
train_n50_m2_6,27,16,0
train_n50_m2_6,27,29,0
train_n50_m2_6,28,29,1
train_n50_m2_6,28,15,0
train_n50_m2_6,29,47,1
train_n50_m2_6,30,48,1
train_n50_m2_6,30,40,0
train_n50_m2_6,31,49,0
train_n50_m2_6,31,24,1
train_n50_m2_6,31,41,0
train_n50_m2_6,31,8,0
train_n50_m2_6,31,45,0
train_n50_m2_6,32,50,0
train_n50_m2_6,32,21,1
train_n50_m2_6,32,5,0
train_n50_m2_6,32,13,0
train_n50_m2_6,33,49,1
train_n50_m2_6,33,36,0
train_n50_m2_6,34,18,0
train_n50_m2_6,34,37,1
train_n50_m2_6,34,2,0
train_n50_m2_6,34,36,0
train_n50_m2_6,34,48,0
train_n50_m2_6,35,40,1
train_n50_m2_6,35,30,0
train_n50_m2_6,35,28,0
train_n50_m2_6,36,23,0
train_n50_m2_6,36,20,1
train_n50_m2_6,36,4,0
train_n50_m2_6,37,15,1
train_n50_m2_6,37,39,0
train_n50_m2_6,37,43,0
train_n50_m2_6,38,30,1
train_n50_m2_6,38,11,0
train_n50_m2_6,38,29,0
train_n50_m2_6,39,43,1
train_n50_m2_6,39,37,0
train_n50_m2_6,39,3,0
train_n50_m2_6,40,6,1
train_n50_m2_6,40,13,0
train_n50_m2_6,41,0,1
train_n50_m2_6,41,49,0
train_n50_m2_6,41,33,0
train_n50_m2_6,41,50,0
train_n50_m2_6,41,11,0
train_n50_m2_6,42,13,1
train_n50_m2_6,42,10,0
train_n50_m2_6,42,38,0
train_n50_m2_6,43,2,1
train_n50_m2_6,43,29,0
train_n50_m2_6,44,32,1
train_n50_m2_6,44,46,0
train_n50_m2_6,44,42,0
train_n50_m2_6,45,9,0
train_n50_m2_6,45,33,1
train_n50_m2_6,45,1,0
train_n50_m2_6,46,21,0
train_n50_m2_6,46,44,0
train_n50_m2_6,46,50,0
train_n50_m2_6,46,5,1
train_n50_m2_6,47,3,1
train_n50_m2_6,47,48,0
train_n50_m2_6,48,28,1
train_n50_m2_6,48,3,0
train_n50_m2_6,48,29,0
train_n50_m2_6,49,0,1
train_n50_m2_6,49,11,0
train_n50_m2_6,50,44,1
train_n50_m2_6,50,46,0
train_n50_m2_7,0,23,1
train_n50_m2_7,0,10,1
train_n50_m2_7,1,17,1
train_n50_m2_7,1,25,0
train_n50_m2_7,2,43,1
train_n50_m2_7,2,22,0
train_n50_m2_7,2,4,0
train_n50_m2_7,3,9,1
train_n50_m2_7,3,38,0
train_n50_m2_7,3,40,0
train_n50_m2_7,4,49,1
train_n50_m2_7,5,44,1
train_n50_m2_7,5,46,0
train_n50_m2_7,5,27,0
train_n50_m2_7,6,27,1
train_n50_m2_7,6,37,0
train_n50_m2_7,6,46,0
train_n50_m2_7,6,14,0
train_n50_m2_7,6,24,0
train_n50_m2_7,6,18,0
train_n50_m2_7,7,0,1
train_n50_m2_7,7,35,0
train_n50_m2_7,8,18,1
train_n50_m2_7,8,44,0
train_n50_m2_7,8,45,0
train_n50_m2_7,9,42,1
train_n50_m2_7,9,20,0
train_n50_m2_7,9,24,0
train_n50_m2_7,10,33,1
train_n50_m2_7,10,18,0
train_n50_m2_7,10,22,0
train_n50_m2_7,11,4,1
train_n50_m2_7,11,33,0
train_n50_m2_7,11,50,0
train_n50_m2_7,11,10,0
train_n50_m2_7,12,39,1
train_n50_m2_7,12,16,0
train_n50_m2_7,12,7,0
train_n50_m2_7,12,21,0
train_n50_m2_7,12,45,0
train_n50_m2_7,12,47,0
train_n50_m2_7,13,22,1
train_n50_m2_7,14,32,1
train_n50_m2_7,14,19,0
train_n50_m2_7,14,13,0
train_n50_m2_7,14,28,0
train_n50_m2_7,15,6,1
train_n50_m2_7,15,19,0
train_n50_m2_7,16,39,0
train_n50_m2_7,16,7,1
train_n50_m2_7,16,17,0
train_n50_m2_7,16,1,0
train_n50_m2_7,16,35,0
train_n50_m2_7,17,0,1
train_n50_m2_7,17,16,0
train_n50_m2_7,18,28,1
train_n50_m2_7,18,44,0
train_n50_m2_7,18,45,0
train_n50_m2_7,19,13,0
train_n50_m2_7,19,40,0
train_n50_m2_7,19,24,0
train_n50_m2_7,19,44,0
train_n50_m2_7,19,14,1
train_n50_m2_7,20,2,1
train_n50_m2_7,20,13,0
train_n50_m2_7,20,38,0
train_n50_m2_7,20,15,0
train_n50_m2_7,21,8,1
train_n50_m2_7,21,48,0
train_n50_m2_7,21,10,0
train_n50_m2_7,21,5,0
train_n50_m2_7,21,17,0
train_n50_m2_7,21,45,0
train_n50_m2_7,22,19,0
train_n50_m2_7,22,24,1
train_n50_m2_7,23,21,1
train_n50_m2_7,23,28,0
train_n50_m2_7,23,19,0
train_n50_m2_7,24,40,1
train_n50_m2_7,24,15,0
train_n50_m2_7,24,38,0
train_n50_m2_7,24,28,0
train_n50_m2_7,25,1,1
train_n50_m2_7,25,10,0
train_n50_m2_7,26,27,0
train_n50_m2_7,26,46,1
train_n50_m2_7,27,37,1
train_n50_m2_7,27,44,0
train_n50_m2_7,27,19,0
train_n50_m2_7,28,18,0
train_n50_m2_7,28,19,1
train_n50_m2_7,28,5,0
train_n50_m2_7,29,50,1
train_n50_m2_7,29,36,0
train_n50_m2_7,29,1,0
train_n50_m2_7,29,34,0
train_n50_m2_7,30,11,0
train_n50_m2_7,30,31,1
train_n50_m2_7,30,13,0
train_n50_m2_7,30,20,0
train_n50_m2_7,31,29,1
train_n50_m2_7,32,14,0
train_n50_m2_7,32,15,1
train_n50_m2_7,32,27,0
train_n50_m2_7,32,13,0
train_n50_m2_7,33,36,0
train_n50_m2_7,33,11,1
train_n50_m2_7,33,31,0
train_n50_m2_7,33,13,0
train_n50_m2_7,33,1,0
train_n50_m2_7,34,30,1
train_n50_m2_7,34,3,0
train_n50_m2_7,34,22,0
train_n50_m2_7,35,48,1
train_n50_m2_7,35,46,0
train_n50_m2_7,36,29,0
train_n50_m2_7,36,25,1
train_n50_m2_7,37,26,1
train_n50_m2_7,37,45,0
train_n50_m2_7,37,5,0
train_n50_m2_7,37,18,0
train_n50_m2_7,38,2,0
train_n50_m2_7,38,3,1
train_n50_m2_7,38,40,0
train_n50_m2_7,38,30,0
train_n50_m2_7,38,4,0
train_n50_m2_7,39,16,1
train_n50_m2_7,39,25,0
train_n50_m2_7,39,45,0
train_n50_m2_7,40,20,1
train_n50_m2_7,40,32,0
train_n50_m2_7,41,36,1
train_n50_m2_7,42,34,1
train_n50_m2_7,42,3,0
train_n50_m2_7,42,13,0
train_n50_m2_7,42,22,0
train_n50_m2_7,43,38,1
train_n50_m2_7,43,24,0
train_n50_m2_7,43,49,0
train_n50_m2_7,43,34,0
train_n50_m2_7,44,35,1
train_n50_m2_7,44,45,0
train_n50_m2_7,45,5,1
train_n50_m2_7,45,46,0
train_n50_m2_7,45,23,0
train_n50_m2_7,45,12,0
train_n50_m2_7,46,47,1
train_n50_m2_7,46,5,0
train_n50_m2_7,47,45,1
train_n50_m2_7,48,12,1
train_n50_m2_7,48,25,0
train_n50_m2_7,48,17,0
train_n50_m2_7,49,13,1
train_n50_m2_7,50,41,1
train_n50_m2_7,50,36,0
train_n50_m2_7,50,9,0
train_n50_m3_0,0,22,0
train_n50_m3_0,0,32,0
train_n50_m3_0,0,49,0
train_n50_m3_0,0,10,1
train_n50_m3_0,0,40,1
train_n50_m3_0,0,47,0
train_n50_m3_0,0,19,1
train_n50_m3_0,0,38,0
train_n50_m3_0,1,21,1
train_n50_m3_0,1,34,0
train_n50_m3_0,1,17,0
train_n50_m3_0,2,39,1
train_n50_m3_0,3,13,1
train_n50_m3_0,3,26,0
train_n50_m3_0,4,27,1
train_n50_m3_0,4,26,0
train_n50_m3_0,5,16,0
train_n50_m3_0,5,12,1
train_n50_m3_0,5,29,0
train_n50_m3_0,5,15,0
train_n50_m3_0,5,19,0
train_n50_m3_0,6,35,1
train_n50_m3_0,6,20,0
train_n50_m3_0,6,22,0
train_n50_m3_0,7,24,1
train_n50_m3_0,7,23,0
train_n50_m3_0,7,35,0
train_n50_m3_0,7,47,0
train_n50_m3_0,7,10,0
train_n50_m3_0,8,4,1
train_n50_m3_0,8,32,0
train_n50_m3_0,9,14,1
train_n50_m3_0,9,44,0
train_n50_m3_0,9,37,0
train_n50_m3_0,9,40,0
train_n50_m3_0,9,32,0
train_n50_m3_0,10,47,1
train_n50_m3_0,10,32,0
train_n50_m3_0,10,19,0
train_n50_m3_0,11,48,1
train_n50_m3_0,11,0,0
train_n50_m3_0,12,2,1
train_n50_m3_0,13,8,1
train_n50_m3_0,14,44,1
train_n50_m3_0,14,38,0
train_n50_m3_0,15,23,0
train_n50_m3_0,15,29,1
train_n50_m3_0,15,8,0
train_n50_m3_0,15,31,0
train_n50_m3_0,16,5,1
train_n50_m3_0,16,39,0
train_n50_m3_0,16,23,0
train_n50_m3_0,17,3,0
train_n50_m3_0,17,15,1
train_n50_m3_0,17,27,0
train_n50_m3_0,18,30,0
train_n50_m3_0,18,36,1
train_n50_m3_0,18,38,0
train_n50_m3_0,19,34,1
train_n50_m3_0,19,13,0
train_n50_m3_0,19,3,0
train_n50_m3_0,20,6,1
train_n50_m3_0,20,10,0
train_n50_m3_0,20,1,0
train_n50_m3_0,21,23,0
train_n50_m3_0,21,28,1
train_n50_m3_0,21,7,0
train_n50_m3_0,21,29,0
train_n50_m3_0,21,50,0
train_n50_m3_0,22,0,1
train_n50_m3_0,22,10,0
train_n50_m3_0,22,38,0
train_n50_m3_0,22,25,0
train_n50_m3_0,23,1,1
train_n50_m3_0,23,7,0
train_n50_m3_0,23,50,0
train_n50_m3_0,23,19,0
train_n50_m3_0,23,29,0
train_n50_m3_0,24,20,1
train_n50_m3_0,24,19,0
train_n50_m3_0,25,41,1
train_n50_m3_0,25,6,0
train_n50_m3_0,25,36,0
train_n50_m3_0,26,42,1
train_n50_m3_0,26,4,0
train_n50_m3_0,26,12,0
train_n50_m3_0,27,32,1
train_n50_m3_0,27,47,0
train_n50_m3_0,27,8,0
train_n50_m3_0,28,31,1
train_n50_m3_0,28,6,0
train_n50_m3_0,28,10,0
train_n50_m3_0,29,16,1
train_n50_m3_0,29,23,0
train_n50_m3_0,30,18,1
train_n50_m3_0,30,22,0
train_n50_m3_0,31,7,1
train_n50_m3_0,31,20,0
train_n50_m3_0,31,34,0
train_n50_m3_0,32,22,0
train_n50_m3_0,32,0,1
train_n50_m3_0,32,47,0
train_n50_m3_0,32,50,0
train_n50_m3_0,33,26,1
train_n50_m3_0,33,11,0
train_n50_m3_0,33,37,0
train_n50_m3_0,33,3,0
train_n50_m3_0,33,22,0
train_n50_m3_0,34,17,1
train_n50_m3_0,34,39,0
train_n50_m3_0,35,41,0
train_n50_m3_0,35,0,1
train_n50_m3_0,36,46,1
train_n50_m3_0,36,25,0
train_n50_m3_0,36,6,0
train_n50_m3_0,36,47,0
train_n50_m3_0,37,49,1
train_n50_m3_0,37,48,0
train_n50_m3_0,37,9,0
train_n50_m3_0,38,9,1
train_n50_m3_0,39,3,1
train_n50_m3_0,39,12,0
train_n50_m3_0,39,34,0
train_n50_m3_0,40,45,0
train_n50_m3_0,40,25,1
train_n50_m3_0,40,10,0
train_n50_m3_0,41,30,1
train_n50_m3_0,41,36,0
train_n50_m3_0,42,33,0
train_n50_m3_0,42,37,1
train_n50_m3_0,42,13,0
train_n50_m3_0,42,11,0
train_n50_m3_0,42,27,0
train_n50_m3_0,43,23,1
train_n50_m3_0,43,31,0
train_n50_m3_0,43,27,0
train_n50_m3_0,44,14,0
train_n50_m3_0,44,11,1
train_n50_m3_0,45,38,1
train_n50_m3_0,45,18,0
train_n50_m3_0,45,36,0
train_n50_m3_0,45,9,0
train_n50_m3_0,45,14,0
train_n50_m3_0,45,35,0
train_n50_m3_0,45,10,0
train_n50_m3_0,46,41,0
train_n50_m3_0,46,45,1
train_n50_m3_0,47,50,1
train_n50_m3_0,47,43,0
train_n50_m3_0,47,8,0
train_n50_m3_0,48,33,1
train_n50_m3_0,48,44,0
train_n50_m3_0,48,49,0
train_n50_m3_0,48,32,0
train_n50_m3_0,48,38,0
train_n50_m3_0,49,22,1
train_n50_m3_0,49,38,0
train_n50_m3_0,50,43,1
train_n50_m3_0,50,17,0
train_n50_m3_1,0,39,0
train_n50_m3_1,0,40,1
train_n50_m3_1,0,46,1
train_n50_m3_1,0,44,0
train_n50_m3_1,0,5,0
train_n50_m3_1,0,43,1
train_n50_m3_1,1,21,0
train_n50_m3_1,1,49,0
train_n50_m3_1,1,3,1
train_n50_m3_1,1,31,0
train_n50_m3_1,1,8,0
train_n50_m3_1,2,22,1
train_n50_m3_1,2,1,0
train_n50_m3_1,2,18,0
train_n50_m3_1,2,24,0
train_n50_m3_1,3,9,1
train_n50_m3_1,3,7,0
train_n50_m3_1,3,33,0
train_n50_m3_1,4,16,1
train_n50_m3_1,4,26,0
train_n50_m3_1,4,7,0
train_n50_m3_1,5,12,1
train_n50_m3_1,5,7,0
train_n50_m3_1,5,17,0
train_n50_m3_1,5,0,0
train_n50_m3_1,6,28,1
train_n50_m3_1,6,27,0
train_n50_m3_1,6,33,0
train_n50_m3_1,6,30,0
train_n50_m3_1,6,4,0
train_n50_m3_1,6,3,0
train_n50_m3_1,6,1,0
train_n50_m3_1,6,50,0
train_n50_m3_1,7,5,1
train_n50_m3_1,7,37,0
train_n50_m3_1,7,44,0
train_n50_m3_1,8,30,1
train_n50_m3_1,8,16,0
train_n50_m3_1,9,7,1
train_n50_m3_1,9,13,0
train_n50_m3_1,9,40,0
train_n50_m3_1,10,0,1
train_n50_m3_1,10,15,0
train_n50_m3_1,10,47,0
train_n50_m3_1,10,38,0
train_n50_m3_1,11,23,1
train_n50_m3_1,11,15,0
train_n50_m3_1,11,39,0
train_n50_m3_1,12,37,1
train_n50_m3_1,12,5,0
train_n50_m3_1,12,9,0
train_n50_m3_1,13,15,0
train_n50_m3_1,13,17,1
train_n50_m3_1,14,19,1
train_n50_m3_1,14,15,0
train_n50_m3_1,14,42,0
train_n50_m3_1,15,38,1
train_n50_m3_1,15,12,0
train_n50_m3_1,15,17,0
train_n50_m3_1,16,27,1
train_n50_m3_1,16,36,0
train_n50_m3_1,17,13,0
train_n50_m3_1,17,40,0
train_n50_m3_1,18,42,1
train_n50_m3_1,18,35,0
train_n50_m3_1,18,24,0
train_n50_m3_1,18,1,0
train_n50_m3_1,19,48,1
train_n50_m3_1,19,38,0
train_n50_m3_1,19,15,0
train_n50_m3_1,20,42,0
train_n50_m3_1,20,25,1
train_n50_m3_1,21,29,1
train_n50_m3_1,21,1,0
train_n50_m3_1,21,31,0
train_n50_m3_1,22,21,1
train_n50_m3_1,23,41,1
train_n50_m3_1,23,11,0
train_n50_m3_1,23,47,0
train_n50_m3_1,23,13,0
train_n50_m3_1,23,37,0
train_n50_m3_1,24,20,1
train_n50_m3_1,24,17,0
train_n50_m3_1,24,49,0
train_n50_m3_1,25,18,1
train_n50_m3_1,25,42,0
train_n50_m3_1,26,50,1
train_n50_m3_1,26,4,0
train_n50_m3_1,26,37,0
train_n50_m3_1,27,6,1
train_n50_m3_1,27,50,0
train_n50_m3_1,27,3,0
train_n50_m3_1,28,31,1
train_n50_m3_1,28,9,0
train_n50_m3_1,29,1,1
train_n50_m3_1,29,21,0
train_n50_m3_1,29,35,0
train_n50_m3_1,29,3,0
train_n50_m3_1,30,9,0
train_n50_m3_1,30,7,0
train_n50_m3_1,30,17,0
train_n50_m3_1,30,6,0
train_n50_m3_1,30,12,0
train_n50_m3_1,31,45,1
train_n50_m3_1,31,28,0
train_n50_m3_1,31,6,0
train_n50_m3_1,31,8,0
train_n50_m3_1,31,29,0
train_n50_m3_1,32,26,1
train_n50_m3_1,33,45,0
train_n50_m3_1,33,34,1
train_n50_m3_1,33,30,0
train_n50_m3_1,33,3,0
train_n50_m3_1,33,29,0
train_n50_m3_1,34,8,1
train_n50_m3_1,34,33,0
train_n50_m3_1,34,17,0
train_n50_m3_1,35,49,1
train_n50_m3_1,35,2,0
train_n50_m3_1,35,25,0
train_n50_m3_1,35,42,0
train_n50_m3_1,35,9,0
train_n50_m3_1,36,32,1
train_n50_m3_1,37,12,0
train_n50_m3_1,37,39,1
train_n50_m3_1,37,41,0
train_n50_m3_1,37,9,0
train_n50_m3_1,38,24,1
train_n50_m3_1,38,23,0
train_n50_m3_1,38,12,0
train_n50_m3_1,39,0,1
train_n50_m3_1,39,10,0
train_n50_m3_1,39,15,0
train_n50_m3_1,40,47,1
train_n50_m3_1,40,39,0
train_n50_m3_1,41,10,1
train_n50_m3_1,42,49,0
train_n50_m3_1,42,14,1
train_n50_m3_1,43,36,1
train_n50_m3_1,43,50,0
train_n50_m3_1,43,12,0
train_n50_m3_1,44,37,0
train_n50_m3_1,44,36,0
train_n50_m3_1,44,0,1
train_n50_m3_1,44,26,0
train_n50_m3_1,45,33,1
train_n50_m3_1,45,34,0
train_n50_m3_1,45,21,0
train_n50_m3_1,45,9,0
train_n50_m3_1,46,15,1
train_n50_m3_1,46,5,0
train_n50_m3_1,47,13,1
train_n50_m3_1,47,23,0
train_n50_m3_1,48,11,1
train_n50_m3_1,48,15,0
train_n50_m3_1,49,2,1
train_n50_m3_1,50,4,1
train_n50_m3_2,0,13,1
train_n50_m3_2,0,38,0
train_n50_m3_2,0,32,1
train_n50_m3_2,0,30,1
train_n50_m3_2,1,42,1
train_n50_m3_2,2,16,1
train_n50_m3_2,2,14,0
train_n50_m3_2,2,20,0
train_n50_m3_2,3,35,1
train_n50_m3_2,3,20,0
train_n50_m3_2,4,23,1
train_n50_m3_2,4,24,0
train_n50_m3_2,4,3,0
train_n50_m3_2,5,49,1
train_n50_m3_2,5,35,0
train_n50_m3_2,6,38,1
train_n50_m3_2,6,8,0
train_n50_m3_2,7,19,1
train_n50_m3_2,8,44,1
train_n50_m3_2,9,24,1
train_n50_m3_2,9,35,0
train_n50_m3_2,9,42,0
train_n50_m3_2,10,48,1
train_n50_m3_2,10,30,0
train_n50_m3_2,11,33,1
train_n50_m3_2,11,17,0
train_n50_m3_2,11,26,0
train_n50_m3_2,12,46,1
train_n50_m3_2,12,26,0
train_n50_m3_2,12,42,0
train_n50_m3_2,12,14,0
train_n50_m3_2,12,31,0
train_n50_m3_2,12,29,0
train_n50_m3_2,13,6,0
train_n50_m3_2,13,21,1
train_n50_m3_2,13,32,0
train_n50_m3_2,13,47,0
train_n50_m3_2,13,37,0
train_n50_m3_2,14,31,1
train_n50_m3_2,15,0,1
train_n50_m3_2,15,38,0
train_n50_m3_2,15,44,0
train_n50_m3_2,16,37,1
train_n50_m3_2,16,17,0
train_n50_m3_2,16,29,0
train_n50_m3_2,17,26,1
train_n50_m3_2,17,33,0
train_n50_m3_2,18,2,1
train_n50_m3_2,18,37,0
train_n50_m3_2,18,26,0
train_n50_m3_2,18,1,0
train_n50_m3_2,18,20,0
train_n50_m3_2,19,27,1
train_n50_m3_2,20,0,1
train_n50_m3_2,20,32,0
train_n50_m3_2,20,44,0
train_n50_m3_2,21,38,0
train_n50_m3_2,21,6,0
train_n50_m3_2,21,32,0
train_n50_m3_2,21,30,0
train_n50_m3_2,22,10,1
train_n50_m3_2,22,8,0
train_n50_m3_2,22,27,0
train_n50_m3_2,22,21,0
train_n50_m3_2,23,43,1
train_n50_m3_2,23,24,0
train_n50_m3_2,23,25,0
train_n50_m3_2,23,29,0
train_n50_m3_2,24,25,1
train_n50_m3_2,24,9,0
train_n50_m3_2,24,49,0
train_n50_m3_2,24,41,0
train_n50_m3_2,24,42,0
train_n50_m3_2,25,11,1
train_n50_m3_2,25,41,0
train_n50_m3_2,25,23,0
train_n50_m3_2,26,36,1
train_n50_m3_2,26,33,0
train_n50_m3_2,26,46,0
train_n50_m3_2,27,50,1
train_n50_m3_2,27,43,0
train_n50_m3_2,27,39,0
train_n50_m3_2,28,39,1
train_n50_m3_2,28,21,0
train_n50_m3_2,28,22,0
train_n50_m3_2,28,38,0
train_n50_m3_2,28,47,0
train_n50_m3_2,29,42,0
train_n50_m3_2,29,14,1
train_n50_m3_2,29,25,0
train_n50_m3_2,30,3,1
train_n50_m3_2,30,31,0
train_n50_m3_2,30,44,0
train_n50_m3_2,30,13,0
train_n50_m3_2,31,15,1
train_n50_m3_2,31,3,0
train_n50_m3_2,31,14,0
train_n50_m3_2,31,42,0
train_n50_m3_2,32,1,1
train_n50_m3_2,33,41,1
train_n50_m3_2,33,24,0
train_n50_m3_2,33,42,0
train_n50_m3_2,33,36,0
train_n50_m3_2,34,22,1
train_n50_m3_2,35,4,1
train_n50_m3_2,35,23,0
train_n50_m3_2,35,30,0
train_n50_m3_2,35,43,0
train_n50_m3_2,35,31,0
train_n50_m3_2,35,24,0
train_n50_m3_2,36,40,1
train_n50_m3_2,36,2,0
train_n50_m3_2,36,12,0
train_n50_m3_2,36,18,0
train_n50_m3_2,36,11,0
train_n50_m3_2,37,20,1
train_n50_m3_2,37,1,0
train_n50_m3_2,38,0,1
train_n50_m3_2,39,45,1
train_n50_m3_2,39,8,0
train_n50_m3_2,39,0,0
train_n50_m3_2,40,12,1
train_n50_m3_2,41,29,1
train_n50_m3_2,41,4,0
train_n50_m3_2,41,14,0
train_n50_m3_2,41,35,0
train_n50_m3_2,42,14,0
train_n50_m3_2,42,41,0
train_n50_m3_2,42,17,1
train_n50_m3_2,42,33,0
train_n50_m3_2,42,4,0
train_n50_m3_2,43,23,0
train_n50_m3_2,43,5,1
train_n50_m3_2,43,7,0
train_n50_m3_2,43,19,0
train_n50_m3_2,43,3,0
train_n50_m3_2,44,28,1
train_n50_m3_2,44,15,0
train_n50_m3_2,45,47,1
train_n50_m3_2,46,18,1
train_n50_m3_2,46,16,0
train_n50_m3_2,46,42,0
train_n50_m3_2,46,15,0
train_n50_m3_2,46,14,0
train_n50_m3_2,47,6,1
train_n50_m3_2,47,20,0
train_n50_m3_2,47,28,0
train_n50_m3_2,48,10,0
train_n50_m3_2,48,8,1
train_n50_m3_2,48,22,0
train_n50_m3_2,48,38,0
train_n50_m3_2,49,9,1
train_n50_m3_2,49,33,0
train_n50_m3_2,49,29,0
train_n50_m3_2,50,34,1
train_n50_m3_2,50,10,0
train_n50_m3_2,50,28,0
train_n50_m3_2,50,39,0
train_n50_m3_3,0,33,1
train_n50_m3_3,0,46,1
train_n50_m3_3,0,3,0
train_n50_m3_3,0,25,1
train_n50_m3_3,1,44,1
train_n50_m3_3,1,45,0
train_n50_m3_3,1,22,0
train_n50_m3_3,2,43,1
train_n50_m3_3,2,39,0
train_n50_m3_3,3,12,1
train_n50_m3_3,3,8,0
train_n50_m3_3,4,23,1
train_n50_m3_3,4,25,0
train_n50_m3_3,4,27,0
train_n50_m3_3,5,0,1
train_n50_m3_3,5,27,0
train_n50_m3_3,5,46,0
train_n50_m3_3,6,45,1
train_n50_m3_3,6,1,0
train_n50_m3_3,6,24,0
train_n50_m3_3,6,32,0
train_n50_m3_3,6,17,0
train_n50_m3_3,6,28,0
train_n50_m3_3,7,18,1
train_n50_m3_3,7,19,0
train_n50_m3_3,7,42,0
train_n50_m3_3,8,31,1
train_n50_m3_3,8,48,0
train_n50_m3_3,8,5,0
train_n50_m3_3,9,34,1
train_n50_m3_3,9,42,0
train_n50_m3_3,10,0,1
train_n50_m3_3,10,27,0
train_n50_m3_3,10,5,0
train_n50_m3_3,11,22,1
train_n50_m3_3,11,28,0
train_n50_m3_3,11,38,0
train_n50_m3_3,11,48,0
train_n50_m3_3,12,5,1
train_n50_m3_3,12,27,0
train_n50_m3_3,12,46,0
train_n50_m3_3,13,35,0
train_n50_m3_3,13,18,0
train_n50_m3_3,13,20,1
train_n50_m3_3,13,39,0
train_n50_m3_3,14,28,0
train_n50_m3_3,14,21,1
train_n50_m3_3,15,40,1
train_n50_m3_3,15,1,0
train_n50_m3_3,15,16,0
train_n50_m3_3,16,24,1
train_n50_m3_3,16,6,0
train_n50_m3_3,16,17,0
train_n50_m3_3,17,39,1
train_n50_m3_3,17,41,0
train_n50_m3_3,18,42,1
train_n50_m3_3,18,19,0
train_n50_m3_3,19,37,1
train_n50_m3_3,19,35,0
train_n50_m3_3,19,7,0
train_n50_m3_3,20,35,1
train_n50_m3_3,20,37,0
train_n50_m3_3,20,7,0
train_n50_m3_3,20,18,0
train_n50_m3_3,20,42,0
train_n50_m3_3,20,34,0
train_n50_m3_3,20,17,0
train_n50_m3_3,20,43,0
train_n50_m3_3,21,42,0
train_n50_m3_3,21,17,1
train_n50_m3_3,21,33,0
train_n50_m3_3,22,15,1
train_n50_m3_3,22,50,0
train_n50_m3_3,22,14,0
train_n50_m3_3,22,32,0
train_n50_m3_3,23,3,1
train_n50_m3_3,23,0,0
train_n50_m3_3,23,46,0
train_n50_m3_3,24,41,1
train_n50_m3_3,24,50,0
train_n50_m3_3,25,48,0
train_n50_m3_3,25,47,1
train_n50_m3_3,26,30,1
train_n50_m3_3,26,10,0
train_n50_m3_3,26,0,0
train_n50_m3_3,26,27,0
train_n50_m3_3,27,0,1
train_n50_m3_3,28,27,0
train_n50_m3_3,28,10,1
train_n50_m3_3,29,11,1
train_n50_m3_3,29,22,0
train_n50_m3_3,29,40,0
train_n50_m3_3,29,5,0
train_n50_m3_3,30,29,1
train_n50_m3_3,30,11,0
train_n50_m3_3,30,22,0
train_n50_m3_3,31,4,1
train_n50_m3_3,31,5,0
train_n50_m3_3,31,10,0
train_n50_m3_3,31,34,0
train_n50_m3_3,32,1,1
train_n50_m3_3,32,15,0
train_n50_m3_3,32,40,0
train_n50_m3_3,32,41,0
train_n50_m3_3,32,45,0
train_n50_m3_3,32,36,0
train_n50_m3_3,32,17,0
train_n50_m3_3,33,14,1
train_n50_m3_3,33,10,0
train_n50_m3_3,33,38,0
train_n50_m3_3,33,29,0
train_n50_m3_3,34,19,0
train_n50_m3_3,34,8,1
train_n50_m3_3,34,42,0
train_n50_m3_3,35,49,0
train_n50_m3_3,35,9,1
train_n50_m3_3,35,18,0
train_n50_m3_3,36,16,1
train_n50_m3_3,36,24,0
train_n50_m3_3,36,2,0
train_n50_m3_3,37,13,1
train_n50_m3_3,37,43,0
train_n50_m3_3,37,21,0
train_n50_m3_3,38,26,1
train_n50_m3_3,38,30,0
train_n50_m3_3,38,0,0
train_n50_m3_3,38,14,0
train_n50_m3_3,39,7,1
train_n50_m3_3,40,32,1
train_n50_m3_3,40,50,0
train_n50_m3_3,41,50,1
train_n50_m3_3,41,28,0
train_n50_m3_3,41,39,0
train_n50_m3_3,42,2,1
train_n50_m3_3,43,21,0
train_n50_m3_3,43,48,1
train_n50_m3_3,43,47,0
train_n50_m3_3,43,33,0
train_n50_m3_3,43,37,0
train_n50_m3_3,43,49,0
train_n50_m3_3,44,6,1
train_n50_m3_3,44,50,0
train_n50_m3_3,44,21,0
train_n50_m3_3,45,44,0
train_n50_m3_3,45,36,1
train_n50_m3_3,45,41,0
train_n50_m3_3,46,38,1
train_n50_m3_3,46,5,0
train_n50_m3_3,46,12,0
train_n50_m3_3,46,11,0
train_n50_m3_3,46,48,0
train_n50_m3_3,47,49,1
train_n50_m3_3,47,2,0
train_n50_m3_3,47,18,0
train_n50_m3_3,47,48,0
train_n50_m3_3,48,27,1
train_n50_m3_3,48,2,0
train_n50_m3_3,49,19,1
train_n50_m3_3,50,28,1
train_n50_m3_4,0,37,0
train_n50_m3_4,0,32,1
train_n50_m3_4,0,30,1
train_n50_m3_4,1,29,1
train_n50_m3_4,1,46,0
train_n50_m3_4,1,20,0
train_n50_m3_4,2,40,0
train_n50_m3_4,2,30,0
train_n50_m3_4,2,49,0
train_n50_m3_4,2,8,1
train_n50_m3_4,3,24,1
train_n50_m3_4,3,27,0
train_n50_m3_4,4,16,1
train_n50_m3_4,4,33,0
train_n50_m3_4,4,39,0
train_n50_m3_4,5,1,1
train_n50_m3_4,5,25,0
train_n50_m3_4,5,11,0
train_n50_m3_4,6,17,1
train_n50_m3_4,7,18,1
train_n50_m3_4,7,28,0
train_n50_m3_4,7,35,0
train_n50_m3_4,7,34,0
train_n50_m3_4,7,47,0
train_n50_m3_4,8,13,1
train_n50_m3_4,8,24,0
train_n50_m3_4,8,40,0
train_n50_m3_4,8,49,0
train_n50_m3_4,8,27,0
train_n50_m3_4,8,10,0
train_n50_m3_4,9,11,1
train_n50_m3_4,10,27,1
train_n50_m3_4,10,44,0
train_n50_m3_4,10,49,0
train_n50_m3_4,11,25,1
train_n50_m3_4,11,44,0
train_n50_m3_4,11,28,0
train_n50_m3_4,12,50,1
train_n50_m3_4,12,47,0
train_n50_m3_4,13,9,1
train_n50_m3_4,13,2,0
train_n50_m3_4,14,15,1
train_n50_m3_4,14,22,0
train_n50_m3_4,15,22,1
train_n50_m3_4,15,21,0
train_n50_m3_4,15,16,0
train_n50_m3_4,16,23,1
train_n50_m3_4,16,39,0
train_n50_m3_4,17,20,1
train_n50_m3_4,17,10,0
train_n50_m3_4,17,44,0
train_n50_m3_4,18,47,1
train_n50_m3_4,18,39,0
train_n50_m3_4,18,23,0
train_n50_m3_4,19,5,1
train_n50_m3_4,19,1,0
train_n50_m3_4,19,25,0
train_n50_m3_4,19,20,0
train_n50_m3_4,20,3,1
train_n50_m3_4,20,25,0
train_n50_m3_4,20,13,0
train_n50_m3_4,20,48,0
train_n50_m3_4,21,15,0
train_n50_m3_4,21,36,1
train_n50_m3_4,21,14,0
train_n50_m3_4,21,18,0
train_n50_m3_4,21,46,0
train_n50_m3_4,22,45,1
train_n50_m3_4,22,34,0
train_n50_m3_4,22,26,0
train_n50_m3_4,23,36,0
train_n50_m3_4,23,39,1
train_n50_m3_4,24,44,1
train_n50_m3_4,24,3,0
train_n50_m3_4,25,48,1
train_n50_m3_4,25,20,0
train_n50_m3_4,25,19,0
train_n50_m3_4,26,36,0
train_n50_m3_4,26,14,1
train_n50_m3_4,26,22,0
train_n50_m3_4,27,49,0
train_n50_m3_4,27,32,0
train_n50_m3_4,27,10,0
train_n50_m3_4,27,44,0
train_n50_m3_4,27,0,1
train_n50_m3_4,28,10,1
train_n50_m3_4,28,20,0
train_n50_m3_4,28,6,0
train_n50_m3_4,29,43,1
train_n50_m3_4,29,35,0
train_n50_m3_4,30,40,1
train_n50_m3_4,30,49,0
train_n50_m3_4,30,8,0
train_n50_m3_4,31,35,1
train_n50_m3_4,31,34,0
train_n50_m3_4,31,10,0
train_n50_m3_4,32,49,0
train_n50_m3_4,32,2,1
train_n50_m3_4,32,8,0
train_n50_m3_4,33,38,1
train_n50_m3_4,33,4,0
train_n50_m3_4,33,27,0
train_n50_m3_4,33,28,0
train_n50_m3_4,34,42,1
train_n50_m3_4,35,28,1
train_n50_m3_4,35,34,0
train_n50_m3_4,35,38,0
train_n50_m3_4,35,45,0
train_n50_m3_4,36,26,1
train_n50_m3_4,36,46,0
train_n50_m3_4,37,12,1
train_n50_m3_4,37,50,0
train_n50_m3_4,37,8,0
train_n50_m3_4,37,24,0
train_n50_m3_4,37,38,0
train_n50_m3_4,38,7,1
train_n50_m3_4,38,33,0
train_n50_m3_4,39,21,1
train_n50_m3_4,39,22,0
train_n50_m3_4,39,18,0
train_n50_m3_4,40,37,1
train_n50_m3_4,40,3,0
train_n50_m3_4,41,19,1
train_n50_m3_4,41,5,0
train_n50_m3_4,41,42,0
train_n50_m3_4,41,17,0
train_n50_m3_4,41,11,0
train_n50_m3_4,42,46,1
train_n50_m3_4,42,31,0
train_n50_m3_4,43,6,1
train_n50_m3_4,43,42,0
train_n50_m3_4,44,3,0
train_n50_m3_4,44,27,0
train_n50_m3_4,44,49,1
train_n50_m3_4,44,30,0
train_n50_m3_4,44,37,0
train_n50_m3_4,44,17,0
train_n50_m3_4,45,34,1
train_n50_m3_4,45,31,0
train_n50_m3_4,45,42,0
train_n50_m3_4,45,18,0
train_n50_m3_4,46,31,1
train_n50_m3_4,46,35,0
train_n50_m3_4,47,4,1
train_n50_m3_4,47,38,0
train_n50_m3_4,47,27,0
train_n50_m3_4,48,41,1
train_n50_m3_4,48,6,0
train_n50_m3_4,48,1,0
train_n50_m3_4,48,20,0
train_n50_m3_4,48,11,0
train_n50_m3_4,49,32,0
train_n50_m3_4,49,0,1
train_n50_m3_4,49,8,0
train_n50_m3_4,50,0,1
train_n50_m3_4,50,33,0
train_n50_m3_4,50,30,0
train_n50_m3_4,50,47,0
train_n50_m3_5,0,34,0
train_n50_m3_5,0,2,1
train_n50_m3_5,0,7,1
train_n50_m3_5,0,13,1
train_n50_m3_5,1,36,0
train_n50_m3_5,1,44,0
train_n50_m3_5,1,24,0
train_n50_m3_5,2,9,1
train_n50_m3_5,2,42,0
train_n50_m3_5,2,17,0
train_n50_m3_5,2,3,0
train_n50_m3_5,3,31,1
train_n50_m3_5,3,18,0
train_n50_m3_5,4,8,1
train_n50_m3_5,4,41,0
train_n50_m3_5,4,6,0
train_n50_m3_5,4,39,0
train_n50_m3_5,5,41,1
train_n50_m3_5,5,6,0
train_n50_m3_5,5,24,0
train_n50_m3_5,5,44,0
train_n50_m3_5,6,10,1
train_n50_m3_5,6,5,0
train_n50_m3_5,6,22,0
train_n50_m3_5,7,21,1
train_n50_m3_5,7,42,0
train_n50_m3_5,8,5,1
train_n50_m3_5,8,41,0
train_n50_m3_5,8,6,0
train_n50_m3_5,8,10,0
train_n50_m3_5,9,32,1
train_n50_m3_5,9,46,0
train_n50_m3_5,10,26,0
train_n50_m3_5,10,33,1
train_n50_m3_5,11,4,1
train_n50_m3_5,11,14,0
train_n50_m3_5,11,33,0
train_n50_m3_5,12,46,1
train_n50_m3_5,12,50,0
train_n50_m3_5,13,38,1
train_n50_m3_5,13,6,0
train_n50_m3_5,14,26,0
train_n50_m3_5,14,47,0
train_n50_m3_5,14,22,1
train_n50_m3_5,14,5,0
train_n50_m3_5,15,43,1
train_n50_m3_5,15,44,0
train_n50_m3_5,15,48,0
train_n50_m3_5,15,24,0
train_n50_m3_5,16,32,0
train_n50_m3_5,16,17,1
train_n50_m3_5,16,9,0
train_n50_m3_5,16,46,0
train_n50_m3_5,16,35,0
train_n50_m3_5,16,18,0
train_n50_m3_5,17,12,1
train_n50_m3_5,17,16,0
train_n50_m3_5,17,2,0
train_n50_m3_5,18,36,0
train_n50_m3_5,18,25,1
train_n50_m3_5,19,23,1
train_n50_m3_5,19,7,0
train_n50_m3_5,20,19,0
train_n50_m3_5,20,7,0
train_n50_m3_5,20,30,1
train_n50_m3_5,20,35,0
train_n50_m3_5,20,10,0
train_n50_m3_5,20,38,0
train_n50_m3_5,21,19,1
train_n50_m3_5,21,38,0
train_n50_m3_5,22,29,1
train_n50_m3_5,22,23,0
train_n50_m3_5,22,7,0
train_n50_m3_5,23,47,1
train_n50_m3_5,24,37,0
train_n50_m3_5,24,11,1
train_n50_m3_5,24,47,0
train_n50_m3_5,24,45,0
train_n50_m3_5,25,3,1
train_n50_m3_5,25,17,0
train_n50_m3_5,26,39,1
train_n50_m3_5,26,11,0
train_n50_m3_5,26,5,0
train_n50_m3_5,27,45,1
train_n50_m3_5,27,15,0
train_n50_m3_5,28,44,1
train_n50_m3_5,28,38,0
train_n50_m3_5,28,15,0
train_n50_m3_5,28,43,0
train_n50_m3_5,28,27,0
train_n50_m3_5,28,13,0
train_n50_m3_5,28,47,0
train_n50_m3_5,29,40,1
train_n50_m3_5,29,10,0
train_n50_m3_5,29,39,0
train_n50_m3_5,30,0,1
train_n50_m3_5,30,42,0
train_n50_m3_5,31,34,1
train_n50_m3_5,31,13,0
train_n50_m3_5,31,38,0
train_n50_m3_5,32,16,1
train_n50_m3_5,32,42,0
train_n50_m3_5,32,25,0
train_n50_m3_5,32,17,0
train_n50_m3_5,32,3,0
train_n50_m3_5,33,26,1
train_n50_m3_5,34,42,1
train_n50_m3_5,34,32,0
train_n50_m3_5,35,32,0
train_n50_m3_5,35,0,1
train_n50_m3_5,36,1,1
train_n50_m3_5,36,24,0
train_n50_m3_5,36,50,0
train_n50_m3_5,37,11,0
train_n50_m3_5,37,5,0
train_n50_m3_5,37,15,1
train_n50_m3_5,37,6,0
train_n50_m3_5,38,28,1
train_n50_m3_5,39,14,1
train_n50_m3_5,40,7,0
train_n50_m3_5,40,20,1
train_n50_m3_5,40,6,0
train_n50_m3_5,41,37,1
train_n50_m3_5,41,39,0
train_n50_m3_5,42,31,0
train_n50_m3_5,42,0,1
train_n50_m3_5,42,35,0
train_n50_m3_5,42,12,0
train_n50_m3_5,42,46,0
train_n50_m3_5,42,13,0
train_n50_m3_5,43,48,1
train_n50_m3_5,43,15,0
train_n50_m3_5,43,45,0
train_n50_m3_5,43,24,0
train_n50_m3_5,43,49,0
train_n50_m3_5,43,37,0
train_n50_m3_5,43,18,0
train_n50_m3_5,43,38,0
train_n50_m3_5,43,50,0
train_n50_m3_5,44,24,1
train_n50_m3_5,44,15,0
train_n50_m3_5,44,38,0
train_n50_m3_5,44,48,0
train_n50_m3_5,45,36,1
train_n50_m3_5,46,50,1
train_n50_m3_5,47,6,1
train_n50_m3_5,47,38,0
train_n50_m3_5,47,41,0
train_n50_m3_5,47,13,0
train_n50_m3_5,47,22,0
train_n50_m3_5,48,43,0
train_n50_m3_5,48,49,1
train_n50_m3_5,48,24,0
train_n50_m3_5,48,37,0
train_n50_m3_5,49,27,1
train_n50_m3_5,49,24,0
train_n50_m3_5,49,12,0
train_n50_m3_5,50,18,1
train_n50_m3_6,0,43,0
train_n50_m3_6,0,34,1
train_n50_m3_6,0,39,1
train_n50_m3_6,0,47,0
train_n50_m3_6,0,36,1
train_n50_m3_6,0,8,0
train_n50_m3_6,0,38,0
train_n50_m3_6,0,2,0
train_n50_m3_6,1,12,1
train_n50_m3_6,1,6,0
train_n50_m3_6,2,21,1
train_n50_m3_6,2,36,0
train_n50_m3_6,2,13,0
train_n50_m3_6,2,47,0
train_n50_m3_6,3,22,0
train_n50_m3_6,3,45,1
train_n50_m3_6,3,11,0
train_n50_m3_6,3,38,0
train_n50_m3_6,4,16,0
train_n50_m3_6,4,50,1
train_n50_m3_6,4,30,0
train_n50_m3_6,4,32,0
train_n50_m3_6,5,0,1
train_n50_m3_6,5,25,0
train_n50_m3_6,6,1,1
train_n50_m3_6,6,49,0
train_n50_m3_6,6,46,0
train_n50_m3_6,6,15,0
train_n50_m3_6,6,11,0
train_n50_m3_6,7,15,1
train_n50_m3_6,7,33,0
train_n50_m3_6,7,29,0
train_n50_m3_6,8,24,1
train_n50_m3_6,8,0,0
train_n50_m3_6,8,38,0
train_n50_m3_6,8,42,0
train_n50_m3_6,9,37,1
train_n50_m3_6,9,35,0
train_n50_m3_6,9,13,0
train_n50_m3_6,10,38,1
train_n50_m3_6,10,11,0
train_n50_m3_6,11,49,0
train_n50_m3_6,11,41,0
train_n50_m3_6,11,42,1
train_n50_m3_6,11,10,0
train_n50_m3_6,11,7,0
train_n50_m3_6,11,46,0
train_n50_m3_6,12,41,1
train_n50_m3_6,12,1,0
train_n50_m3_6,12,35,0
train_n50_m3_6,13,32,1
train_n50_m3_6,13,31,0
train_n50_m3_6,13,21,0
train_n50_m3_6,14,40,1
train_n50_m3_6,14,16,0
train_n50_m3_6,15,46,1
train_n50_m3_6,15,23,0
train_n50_m3_6,15,12,0
train_n50_m3_6,16,48,0
train_n50_m3_6,16,30,1
train_n50_m3_6,16,32,0
train_n50_m3_6,17,0,1
train_n50_m3_6,17,47,0
train_n50_m3_6,17,31,0
train_n50_m3_6,18,6,1
train_n50_m3_6,18,20,0
train_n50_m3_6,18,28,0
train_n50_m3_6,18,37,0
train_n50_m3_6,19,8,0
train_n50_m3_6,19,27,1
train_n50_m3_6,19,25,0
train_n50_m3_6,20,11,0
train_n50_m3_6,20,15,0
train_n50_m3_6,20,22,1
train_n50_m3_6,21,29,1
train_n50_m3_6,21,13,0
train_n50_m3_6,22,19,1
train_n50_m3_6,23,44,0
train_n50_m3_6,23,9,1
train_n50_m3_6,23,48,0
train_n50_m3_6,23,21,0
train_n50_m3_6,24,3,1
train_n50_m3_6,25,2,0
train_n50_m3_6,25,43,1
train_n50_m3_6,25,47,0
train_n50_m3_6,25,0,0
train_n50_m3_6,26,38,0
train_n50_m3_6,26,29,0
train_n50_m3_6,26,23,1
train_n50_m3_6,26,32,0
train_n50_m3_6,27,5,1
train_n50_m3_6,27,25,0
train_n50_m3_6,27,38,0
train_n50_m3_6,28,20,1
train_n50_m3_6,28,19,0
train_n50_m3_6,28,18,0
train_n50_m3_6,29,26,0
train_n50_m3_6,29,44,1
train_n50_m3_6,29,32,0
train_n50_m3_6,29,36,0
train_n50_m3_6,29,31,0
train_n50_m3_6,30,13,1
train_n50_m3_6,30,14,0
train_n50_m3_6,30,50,0
train_n50_m3_6,31,13,0
train_n50_m3_6,31,47,1
train_n50_m3_6,32,30,0
train_n50_m3_6,32,14,1
train_n50_m3_6,33,49,1
train_n50_m3_6,33,12,0
train_n50_m3_6,33,18,0
train_n50_m3_6,34,8,1
train_n50_m3_6,34,3,0
train_n50_m3_6,35,7,1
train_n50_m3_6,35,37,0
train_n50_m3_6,35,46,0
train_n50_m3_6,36,25,0
train_n50_m3_6,36,26,1
train_n50_m3_6,36,47,0
train_n50_m3_6,36,32,0
train_n50_m3_6,37,35,1
train_n50_m3_6,37,49,0
train_n50_m3_6,38,25,1
train_n50_m3_6,38,2,0
train_n50_m3_6,38,10,0
train_n50_m3_6,39,2,1
train_n50_m3_6,39,38,0
train_n50_m3_6,39,27,0
train_n50_m3_6,40,30,0
train_n50_m3_6,40,31,1
train_n50_m3_6,40,50,0
train_n50_m3_6,41,33,1
train_n50_m3_6,41,46,0
train_n50_m3_6,42,10,1
train_n50_m3_6,42,41,0
train_n50_m3_6,43,0,1
train_n50_m3_6,43,27,0
train_n50_m3_6,43,36,0
train_n50_m3_6,43,38,0
train_n50_m3_6,43,26,0
train_n50_m3_6,43,21,0
train_n50_m3_6,44,48,1
train_n50_m3_6,44,9,0
train_n50_m3_6,45,28,1
train_n50_m3_6,45,34,0
train_n50_m3_6,45,49,0
train_n50_m3_6,46,18,1
train_n50_m3_6,47,39,0
train_n50_m3_6,47,17,1
train_n50_m3_6,47,30,0
train_n50_m3_6,48,4,1
train_n50_m3_6,48,44,0
train_n50_m3_6,48,50,0
train_n50_m3_6,48,2,0
train_n50_m3_6,49,11,1
train_n50_m3_6,49,1,0
train_n50_m3_6,50,16,1
train_n50_m3_6,50,48,0
train_n50_m3_6,50,37,0
train_n50_m3_7,0,31,0
train_n50_m3_7,0,36,1
train_n50_m3_7,0,7,1
train_n50_m3_7,0,16,1
train_n50_m3_7,0,44,0
train_n50_m3_7,1,47,1
train_n50_m3_7,1,12,0
train_n50_m3_7,1,34,0
train_n50_m3_7,2,35,1
train_n50_m3_7,2,25,0
train_n50_m3_7,2,50,0
train_n50_m3_7,2,3,0
train_n50_m3_7,2,30,0
train_n50_m3_7,2,20,0
train_n50_m3_7,3,31,1
train_n50_m3_7,3,0,0
train_n50_m3_7,4,8,0
train_n50_m3_7,4,18,1
train_n50_m3_7,5,33,0
train_n50_m3_7,5,17,1
train_n50_m3_7,5,23,0
train_n50_m3_7,5,16,0
train_n50_m3_7,5,30,0
train_n50_m3_7,6,11,1
train_n50_m3_7,6,25,0
train_n50_m3_7,7,31,0
train_n50_m3_7,7,0,0
train_n50_m3_7,7,39,1
train_n50_m3_7,7,9,0
train_n50_m3_7,8,4,1
train_n50_m3_7,8,43,0
train_n50_m3_7,9,27,1
train_n50_m3_7,9,22,0
train_n50_m3_7,9,36,0
train_n50_m3_7,10,7,0
train_n50_m3_7,10,12,1
train_n50_m3_7,10,32,0
train_n50_m3_7,10,31,0
train_n50_m3_7,11,21,1
train_n50_m3_7,12,42,1
train_n50_m3_7,13,28,1
train_n50_m3_7,13,46,0
train_n50_m3_7,13,3,0
train_n50_m3_7,13,14,0
train_n50_m3_7,14,45,0
train_n50_m3_7,14,40,1
train_n50_m3_7,14,48,0
train_n50_m3_7,14,49,0
train_n50_m3_7,14,35,0
train_n50_m3_7,15,34,0
train_n50_m3_7,15,22,1
train_n50_m3_7,15,12,0
train_n50_m3_7,15,40,0
train_n50_m3_7,16,11,0
train_n50_m3_7,16,20,1
train_n50_m3_7,16,35,0
train_n50_m3_7,16,40,0
train_n50_m3_7,17,23,1
train_n50_m3_7,17,5,0
train_n50_m3_7,18,29,1
train_n50_m3_7,18,12,0
train_n50_m3_7,19,41,1
train_n50_m3_7,19,29,0
train_n50_m3_7,19,4,0
train_n50_m3_7,19,33,0
train_n50_m3_7,19,36,0
train_n50_m3_7,20,44,1
train_n50_m3_7,20,16,0
train_n50_m3_7,21,50,1
train_n50_m3_7,21,11,0
train_n50_m3_7,21,25,0
train_n50_m3_7,21,44,0
train_n50_m3_7,21,13,0
train_n50_m3_7,22,34,1
train_n50_m3_7,22,24,0
train_n50_m3_7,22,9,0
train_n50_m3_7,23,6,1
train_n50_m3_7,23,0,0
train_n50_m3_7,23,30,0
train_n50_m3_7,24,49,0
train_n50_m3_7,24,46,1
train_n50_m3_7,24,34,0
train_n50_m3_7,24,39,0
train_n50_m3_7,25,2,1
train_n50_m3_7,25,40,0
train_n50_m3_7,25,3,0
train_n50_m3_7,25,50,0
train_n50_m3_7,25,13,0
train_n50_m3_7,25,49,0
train_n50_m3_7,26,19,1
train_n50_m3_7,27,15,1
train_n50_m3_7,27,40,0
train_n50_m3_7,28,25,1
train_n50_m3_7,28,46,0
train_n50_m3_7,28,49,0
train_n50_m3_7,29,26,1
train_n50_m3_7,29,19,0
train_n50_m3_7,30,0,1
train_n50_m3_7,30,3,0
train_n50_m3_7,30,48,0
train_n50_m3_7,31,30,0
train_n50_m3_7,31,0,1
train_n50_m3_7,31,3,0
train_n50_m3_7,31,32,0
train_n50_m3_7,31,16,0
train_n50_m3_7,31,10,0
train_n50_m3_7,32,0,1
train_n50_m3_7,33,5,1
train_n50_m3_7,34,24,1
train_n50_m3_7,35,48,0
train_n50_m3_7,35,30,1
train_n50_m3_7,36,10,1
train_n50_m3_7,36,39,0
train_n50_m3_7,36,43,0
train_n50_m3_7,36,42,0
train_n50_m3_7,37,1,1
train_n50_m3_7,37,9,0
train_n50_m3_7,37,8,0
train_n50_m3_7,37,49,0
train_n50_m3_7,37,22,0
train_n50_m3_7,37,4,0
train_n50_m3_7,37,15,0
train_n50_m3_7,38,32,1
train_n50_m3_7,38,18,0
train_n50_m3_7,39,49,1
train_n50_m3_7,39,48,0
train_n50_m3_7,40,48,1
train_n50_m3_7,41,19,0
train_n50_m3_7,41,43,1
train_n50_m3_7,41,5,0
train_n50_m3_7,41,4,0
train_n50_m3_7,41,36,0
train_n50_m3_7,42,37,1
train_n50_m3_7,43,38,1
train_n50_m3_7,43,4,0
train_n50_m3_7,44,33,1
train_n50_m3_7,45,14,1
train_n50_m3_7,45,48,0
train_n50_m3_7,46,45,1
train_n50_m3_7,46,48,0
train_n50_m3_7,46,13,0
train_n50_m3_7,46,28,0
train_n50_m3_7,46,34,0
train_n50_m3_7,47,8,1
train_n50_m3_7,47,42,0
train_n50_m3_7,47,1,0
train_n50_m3_7,47,32,0
train_n50_m3_7,48,3,1
train_n50_m3_7,48,49,0
train_n50_m3_7,48,7,0
train_n50_m3_7,48,24,0
train_n50_m3_7,49,9,1
train_n50_m3_7,49,34,0
train_n50_m3_7,50,21,0
train_n50_m3_7,50,16,0
train_n50_m3_7,50,25,0
train_n50_m3_7,50,13,1
train_n50_m3_7,50,48,0
train_n50_m3_7,50,6,0
train_n50_m5_0,0,3,1
train_n50_m5_0,0,4,1
train_n50_m5_0,0,13,1
train_n50_m5_0,0,17,1
train_n50_m5_0,0,6,0
train_n50_m5_0,0,26,1
train_n50_m5_0,1,21,1
train_n50_m5_0,1,8,0
train_n50_m5_0,2,1,1
train_n50_m5_0,2,32,0
train_n50_m5_0,2,29,0
train_n50_m5_0,2,38,0
train_n50_m5_0,2,31,0
train_n50_m5_0,3,7,0
train_n50_m5_0,3,0,1
train_n50_m5_0,3,49,0
train_n50_m5_0,3,6,0
train_n50_m5_0,3,18,0
train_n50_m5_0,4,46,1
train_n50_m5_0,5,0,1
train_n50_m5_0,5,3,0
train_n50_m5_0,5,39,0
train_n50_m5_0,6,18,1
train_n50_m5_0,6,7,0
train_n50_m5_0,6,40,0
train_n50_m5_0,6,42,0
train_n50_m5_0,7,0,1
train_n50_m5_0,7,49,0
train_n50_m5_0,7,42,0
train_n50_m5_0,7,17,0
train_n50_m5_0,7,30,0
train_n50_m5_0,7,6,0
train_n50_m5_0,8,20,1
train_n50_m5_0,8,16,0
train_n50_m5_0,8,21,0
train_n50_m5_0,8,1,0
train_n50_m5_0,9,47,1
train_n50_m5_0,9,37,0
train_n50_m5_0,10,45,1
train_n50_m5_0,10,39,0
train_n50_m5_0,10,11,0
train_n50_m5_0,10,25,0
train_n50_m5_0,11,48,0
train_n50_m5_0,11,8,1
train_n50_m5_0,11,33,0
train_n50_m5_0,11,42,0
train_n50_m5_0,12,34,0
train_n50_m5_0,12,9,1
train_n50_m5_0,13,6,1
train_n50_m5_0,14,35,1
train_n50_m5_0,14,38,0
train_n50_m5_0,15,38,1
train_n50_m5_0,15,20,0
train_n50_m5_0,16,48,1
train_n50_m5_0,16,23,0
train_n50_m5_0,16,8,0
train_n50_m5_0,17,22,1
train_n50_m5_0,18,50,1
train_n50_m5_0,18,13,0
train_n50_m5_0,18,40,0
train_n50_m5_0,18,44,0
train_n50_m5_0,19,10,1
train_n50_m5_0,19,11,0
train_n50_m5_0,20,29,1
train_n50_m5_0,20,21,0
train_n50_m5_0,20,11,0
train_n50_m5_0,21,25,0
train_n50_m5_0,21,20,0
train_n50_m5_0,21,15,1
train_n50_m5_0,21,14,0
train_n50_m5_0,22,13,0
train_n50_m5_0,22,24,1
train_n50_m5_0,22,43,0
train_n50_m5_0,22,49,0
train_n50_m5_0,22,7,0
train_n50_m5_0,23,16,1
train_n50_m5_0,23,48,0
train_n50_m5_0,23,25,0
train_n50_m5_0,23,11,0
train_n50_m5_0,23,19,0
train_n50_m5_0,23,38,0
train_n50_m5_0,24,41,1
train_n50_m5_0,25,23,1
train_n50_m5_0,25,19,0
train_n50_m5_0,25,28,0
train_n50_m5_0,26,11,1
train_n50_m5_0,26,44,0
train_n50_m5_0,26,7,0
train_n50_m5_0,27,2,1
train_n50_m5_0,27,31,0
train_n50_m5_0,28,19,1
train_n50_m5_0,28,10,0
train_n50_m5_0,28,11,0
train_n50_m5_0,29,25,1
train_n50_m5_0,29,23,0
train_n50_m5_0,30,26,0
train_n50_m5_0,30,36,0
train_n50_m5_0,30,28,0
train_n50_m5_0,31,14,1
train_n50_m5_0,31,15,0
train_n50_m5_0,31,38,0
train_n50_m5_0,31,11,0
train_n50_m5_0,31,21,0
train_n50_m5_0,31,36,0
train_n50_m5_0,32,27,1
train_n50_m5_0,32,1,0
train_n50_m5_0,32,38,0
train_n50_m5_0,33,28,1
train_n50_m5_0,33,45,0
train_n50_m5_0,33,42,0
train_n50_m5_0,34,12,1
train_n50_m5_0,34,17,0
train_n50_m5_0,35,32,1
train_n50_m5_0,36,42,1
train_n50_m5_0,36,44,0
train_n50_m5_0,37,34,1
train_n50_m5_0,37,24,0
train_n50_m5_0,37,50,0
train_n50_m5_0,37,17,0
train_n50_m5_0,38,15,0
train_n50_m5_0,38,14,0
train_n50_m5_0,38,25,0
train_n50_m5_0,39,5,1
train_n50_m5_0,40,43,1
train_n50_m5_0,40,22,0
train_n50_m5_0,40,12,0
train_n50_m5_0,40,3,0
train_n50_m5_0,41,44,0
train_n50_m5_0,41,31,1
train_n50_m5_0,41,14,0
train_n50_m5_0,41,37,0
train_n50_m5_0,41,42,0
train_n50_m5_0,42,49,1
train_n50_m5_0,42,5,0
train_n50_m5_0,43,40,0
train_n50_m5_0,43,37,1
train_n50_m5_0,43,24,0
train_n50_m5_0,43,13,0
train_n50_m5_0,44,17,0
train_n50_m5_0,44,30,0
train_n50_m5_0,44,7,1
train_n50_m5_0,44,18,0
train_n50_m5_0,45,39,1
train_n50_m5_0,45,30,0
train_n50_m5_0,45,16,0
train_n50_m5_0,45,48,0
train_n50_m5_0,45,11,0
train_n50_m5_0,46,33,1
train_n50_m5_0,46,36,0
train_n50_m5_0,47,41,0
train_n50_m5_0,47,44,1
train_n50_m5_0,48,30,1
train_n50_m5_0,48,26,0
train_n50_m5_0,48,38,0
train_n50_m5_0,49,0,1
train_n50_m5_0,49,3,0
train_n50_m5_0,49,4,0
train_n50_m5_0,49,42,0
train_n50_m5_0,49,44,0
train_n50_m5_0,50,22,0
train_n50_m5_0,50,17,0
train_n50_m5_0,50,6,0
train_n50_m5_0,50,40,1
train_n50_m5_1,0,33,1
train_n50_m5_1,0,4,1
train_n50_m5_1,0,6,1
train_n50_m5_1,0,43,0
train_n50_m5_1,0,49,1
train_n50_m5_1,0,31,0
train_n50_m5_1,1,17,1
train_n50_m5_1,1,9,0
train_n50_m5_1,1,26,0
train_n50_m5_1,1,12,0
train_n50_m5_1,1,42,0
train_n50_m5_1,1,18,0
train_n50_m5_1,1,7,0
train_n50_m5_1,2,42,0
train_n50_m5_1,2,15,0
train_n50_m5_1,3,24,1
train_n50_m5_1,3,36,0
train_n50_m5_1,4,0,1
train_n50_m5_1,4,19,0
train_n50_m5_1,4,42,0
train_n50_m5_1,5,27,1
train_n50_m5_1,5,16,0
train_n50_m5_1,5,32,0
train_n50_m5_1,5,21,0
train_n50_m5_1,6,34,0
train_n50_m5_1,6,19,1
train_n50_m5_1,6,15,0
train_n50_m5_1,7,47,1
train_n50_m5_1,7,17,0
train_n50_m5_1,7,30,0
train_n50_m5_1,7,11,0
train_n50_m5_1,8,32,0
train_n50_m5_1,8,7,1
train_n50_m5_1,8,20,0
train_n50_m5_1,8,11,0
train_n50_m5_1,8,16,0
train_n50_m5_1,8,17,0
train_n50_m5_1,8,21,0
train_n50_m5_1,9,18,1
train_n50_m5_1,9,16,0
train_n50_m5_1,9,50,0
train_n50_m5_1,10,37,1
train_n50_m5_1,10,36,0
train_n50_m5_1,10,22,0
train_n50_m5_1,11,5,1
train_n50_m5_1,11,16,0
train_n50_m5_1,11,23,0
train_n50_m5_1,12,45,0
train_n50_m5_1,12,29,1
train_n50_m5_1,12,9,0
train_n50_m5_1,12,42,0
train_n50_m5_1,13,21,1
train_n50_m5_1,14,39,1
train_n50_m5_1,14,16,0
train_n50_m5_1,15,28,1
train_n50_m5_1,15,50,0
train_n50_m5_1,15,49,0
train_n50_m5_1,15,35,0
train_n50_m5_1,15,29,0
train_n50_m5_1,16,30,1
train_n50_m5_1,16,21,0
train_n50_m5_1,17,44,1
train_n50_m5_1,17,21,0
train_n50_m5_1,18,45,1
train_n50_m5_1,18,12,0
train_n50_m5_1,18,29,0
train_n50_m5_1,18,41,0
train_n50_m5_1,18,44,0
train_n50_m5_1,19,15,1
train_n50_m5_1,19,34,0
train_n50_m5_1,20,11,1
train_n50_m5_1,20,5,0
train_n50_m5_1,20,21,0
train_n50_m5_1,21,16,1
train_n50_m5_1,22,36,1
train_n50_m5_1,22,0,0
train_n50_m5_1,23,10,1
train_n50_m5_1,23,27,0
train_n50_m5_1,23,25,0
train_n50_m5_1,24,31,1
train_n50_m5_1,25,3,0
train_n50_m5_1,26,41,1
train_n50_m5_1,26,28,0
train_n50_m5_1,26,15,0
train_n50_m5_1,27,14,1
train_n50_m5_1,27,23,0
train_n50_m5_1,27,13,0
train_n50_m5_1,27,11,0
train_n50_m5_1,28,42,1
train_n50_m5_1,28,50,0
train_n50_m5_1,28,2,0
train_n50_m5_1,28,43,0
train_n50_m5_1,29,45,0
train_n50_m5_1,29,46,0
train_n50_m5_1,29,19,0
train_n50_m5_1,30,16,0
train_n50_m5_1,30,21,0
train_n50_m5_1,30,32,1
train_n50_m5_1,30,14,0
train_n50_m5_1,31,0,1
train_n50_m5_1,32,8,1
train_n50_m5_1,32,47,0
train_n50_m5_1,32,21,0
train_n50_m5_1,33,38,1
train_n50_m5_1,33,29,0
train_n50_m5_1,33,43,0
train_n50_m5_1,33,24,0
train_n50_m5_1,34,46,1
train_n50_m5_1,34,49,0
train_n50_m5_1,35,49,0
train_n50_m5_1,35,50,1
train_n50_m5_1,35,42,0
train_n50_m5_1,35,28,0
train_n50_m5_1,36,48,1
train_n50_m5_1,36,38,0
train_n50_m5_1,37,25,1
train_n50_m5_1,37,39,0
train_n50_m5_1,37,22,0
train_n50_m5_1,37,13,0
train_n50_m5_1,38,22,1
train_n50_m5_1,38,36,0
train_n50_m5_1,38,37,0
train_n50_m5_1,38,14,0
train_n50_m5_1,39,27,0
train_n50_m5_1,39,23,1
train_n50_m5_1,39,37,0
train_n50_m5_1,39,13,0
train_n50_m5_1,39,3,0
train_n50_m5_1,39,16,0
train_n50_m5_1,40,9,1
train_n50_m5_1,40,44,0
train_n50_m5_1,40,45,0
train_n50_m5_1,41,45,0
train_n50_m5_1,41,43,1
train_n50_m5_1,41,29,0
train_n50_m5_1,41,40,0
train_n50_m5_1,42,15,0
train_n50_m5_1,42,26,1
train_n50_m5_1,43,34,1
train_n50_m5_1,43,35,0
train_n50_m5_1,43,41,0
train_n50_m5_1,44,40,1
train_n50_m5_1,44,9,0
train_n50_m5_1,44,1,0
train_n50_m5_1,44,21,0
train_n50_m5_1,45,12,1
train_n50_m5_1,45,9,0
train_n50_m5_1,45,26,0
train_n50_m5_1,46,43,0
train_n50_m5_1,46,0,1
train_n50_m5_1,47,20,1
train_n50_m5_1,47,30,0
train_n50_m5_1,48,3,1
train_n50_m5_1,48,10,0
train_n50_m5_1,48,14,0
train_n50_m5_1,48,27,0
train_n50_m5_1,49,35,1
train_n50_m5_1,50,43,0
train_n50_m5_1,50,41,0
train_n50_m5_1,50,2,1
train_n50_m5_1,50,26,0
train_n50_m5_2,0,6,1
train_n50_m5_2,0,45,1
train_n50_m5_2,0,19,0
train_n50_m5_2,0,33,1
train_n50_m5_2,0,16,0
train_n50_m5_2,0,43,0
train_n50_m5_2,1,41,1
train_n50_m5_2,1,35,0
train_n50_m5_2,1,0,0
train_n50_m5_2,2,14,0
train_n50_m5_2,2,12,1
train_n50_m5_2,2,38,0
train_n50_m5_2,2,23,0
train_n50_m5_2,3,30,0
train_n50_m5_2,4,0,1
train_n50_m5_2,4,20,0
train_n50_m5_2,4,45,0
train_n50_m5_2,5,14,1
train_n50_m5_2,5,39,0
train_n50_m5_2,5,38,0
train_n50_m5_2,5,41,0
train_n50_m5_2,6,9,1
train_n50_m5_2,6,19,0
train_n50_m5_2,7,31,0
train_n50_m5_2,7,37,0
train_n50_m5_2,7,32,0
train_n50_m5_2,7,23,1
train_n50_m5_2,7,18,0
train_n50_m5_2,7,50,0
train_n50_m5_2,7,17,0
train_n50_m5_2,8,7,1
train_n50_m5_2,8,31,0
train_n50_m5_2,9,0,1
train_n50_m5_2,9,19,0
train_n50_m5_2,9,29,0
train_n50_m5_2,10,13,1
train_n50_m5_2,11,25,1
train_n50_m5_2,11,20,0
train_n50_m5_2,12,39,1
train_n50_m5_2,12,26,0
train_n50_m5_2,12,21,0
train_n50_m5_2,13,40,1
train_n50_m5_2,13,20,0
train_n50_m5_2,13,17,0
train_n50_m5_2,14,2,1
train_n50_m5_2,14,30,0
train_n50_m5_2,14,26,0
train_n50_m5_2,15,31,1
train_n50_m5_2,15,28,0
train_n50_m5_2,15,23,0
train_n50_m5_2,15,13,0
train_n50_m5_2,16,48,1
train_n50_m5_2,16,29,0
train_n50_m5_2,16,1,0
train_n50_m5_2,16,9,0
train_n50_m5_2,17,18,1
train_n50_m5_2,17,40,0
train_n50_m5_2,17,7,0
train_n50_m5_2,18,15,1
train_n50_m5_2,18,32,0
train_n50_m5_2,18,8,0
train_n50_m5_2,18,37,0
train_n50_m5_2,19,22,0
train_n50_m5_2,19,48,0
train_n50_m5_2,19,16,0
train_n50_m5_2,19,0,1
train_n50_m5_2,19,46,0
train_n50_m5_2,20,50,1
train_n50_m5_2,20,4,0
train_n50_m5_2,20,36,0
train_n50_m5_2,20,40,0
train_n50_m5_2,20,9,0
train_n50_m5_2,20,46,0
train_n50_m5_2,21,42,1
train_n50_m5_2,21,12,0
train_n50_m5_2,22,46,1
train_n50_m5_2,22,16,0
train_n50_m5_2,22,41,0
train_n50_m5_2,23,38,1
train_n50_m5_2,24,37,1
train_n50_m5_2,24,49,0
train_n50_m5_2,24,2,0
train_n50_m5_2,24,34,0
train_n50_m5_2,25,27,1
train_n50_m5_2,25,47,0
train_n50_m5_2,25,50,0
train_n50_m5_2,25,4,0
train_n50_m5_2,25,13,0
train_n50_m5_2,26,49,1
train_n50_m5_2,26,42,0
train_n50_m5_2,26,21,0
train_n50_m5_2,26,2,0
train_n50_m5_2,26,14,0
train_n50_m5_2,27,47,1
train_n50_m5_2,27,9,0
train_n50_m5_2,28,17,1
train_n50_m5_2,28,23,0
train_n50_m5_2,29,48,0
train_n50_m5_2,29,19,1
train_n50_m5_2,29,33,0
train_n50_m5_2,30,21,1
train_n50_m5_2,30,2,0
train_n50_m5_2,30,42,0
train_n50_m5_2,30,14,0
train_n50_m5_2,31,20,1
train_n50_m5_2,31,36,0
train_n50_m5_2,32,8,1
train_n50_m5_2,32,28,0
train_n50_m5_2,32,40,0
train_n50_m5_2,32,38,0
train_n50_m5_2,33,1,1
train_n50_m5_2,33,29,0
train_n50_m5_2,34,3,1
train_n50_m5_2,34,44,0
train_n50_m5_2,35,16,1
train_n50_m5_2,35,14,0
train_n50_m5_2,35,4,0
train_n50_m5_2,36,38,0
train_n50_m5_2,36,44,0
train_n50_m5_2,37,32,1
train_n50_m5_2,37,28,0
train_n50_m5_2,37,36,0
train_n50_m5_2,38,23,0
train_n50_m5_2,38,36,1
train_n50_m5_2,38,30,0
train_n50_m5_2,38,34,0
train_n50_m5_2,38,7,0
train_n50_m5_2,39,30,1
train_n50_m5_2,40,28,1
train_n50_m5_2,40,10,0
train_n50_m5_2,40,23,0
train_n50_m5_2,41,35,1
train_n50_m5_2,41,1,0
train_n50_m5_2,41,0,0
train_n50_m5_2,41,9,0
train_n50_m5_2,41,3,0
train_n50_m5_2,42,21,0
train_n50_m5_2,42,26,1
train_n50_m5_2,42,14,0
train_n50_m5_2,43,11,1
train_n50_m5_2,43,25,0
train_n50_m5_2,43,22,0
train_n50_m5_2,44,38,0
train_n50_m5_2,44,36,0
train_n50_m5_2,44,24,1
train_n50_m5_2,45,22,1
train_n50_m5_2,45,1,0
train_n50_m5_2,46,43,1
train_n50_m5_2,46,16,0
train_n50_m5_2,47,10,1
train_n50_m5_2,47,11,0
train_n50_m5_2,47,9,0
train_n50_m5_2,48,29,1
train_n50_m5_2,48,45,0
train_n50_m5_2,48,46,0
train_n50_m5_2,49,34,1
train_n50_m5_2,49,30,0
train_n50_m5_2,49,44,0
train_n50_m5_2,49,24,0
train_n50_m5_2,50,4,1
train_n50_m5_2,50,15,0
train_n50_m5_3,0,33,1
train_n50_m5_3,0,38,1
train_n50_m5_3,0,1,1
train_n50_m5_3,0,26,0
train_n50_m5_3,0,45,0
train_n50_m5_3,0,37,0
train_n50_m5_3,1,0,0
train_n50_m5_3,1,8,1
train_n50_m5_3,1,31,0
train_n50_m5_3,1,3,0
train_n50_m5_3,2,50,0
train_n50_m5_3,2,12,0
train_n50_m5_3,2,7,1
train_n50_m5_3,2,15,0
train_n50_m5_3,2,19,0
train_n50_m5_3,3,43,1
train_n50_m5_3,3,44,0
train_n50_m5_3,4,25,1
train_n50_m5_3,4,43,0
train_n50_m5_3,4,37,0
train_n50_m5_3,4,30,0
train_n50_m5_3,5,18,0
train_n50_m5_3,5,50,0
train_n50_m5_3,5,19,0
train_n50_m5_3,6,30,0
train_n50_m5_3,6,40,1
train_n50_m5_3,7,42,1
train_n50_m5_3,7,48,0
train_n50_m5_3,8,39,1
train_n50_m5_3,8,0,0
train_n50_m5_3,9,1,0
train_n50_m5_3,9,41,1
train_n50_m5_3,10,20,1
train_n50_m5_3,10,23,0
train_n50_m5_3,11,45,1
train_n50_m5_3,11,50,0
train_n50_m5_3,12,14,1
train_n50_m5_3,12,10,0
train_n50_m5_3,12,48,0
train_n50_m5_3,12,31,0
train_n50_m5_3,13,4,1
train_n50_m5_3,13,46,0
train_n50_m5_3,14,18,1
train_n50_m5_3,14,27,0
train_n50_m5_3,15,27,1
train_n50_m5_3,15,33,0
train_n50_m5_3,15,0,0
train_n50_m5_3,16,49,1
train_n50_m5_3,16,18,0
train_n50_m5_3,16,37,0
train_n50_m5_3,17,0,1
train_n50_m5_3,17,1,0
train_n50_m5_3,17,45,0
train_n50_m5_3,18,5,1
train_n50_m5_3,18,14,0
train_n50_m5_3,19,8,0
train_n50_m5_3,19,17,0
train_n50_m5_3,19,0,1
train_n50_m5_3,19,27,0
train_n50_m5_3,19,45,0
train_n50_m5_3,20,24,1
train_n50_m5_3,21,44,0
train_n50_m5_3,21,1,0
train_n50_m5_3,21,3,0
train_n50_m5_3,21,0,1
train_n50_m5_3,21,39,0
train_n50_m5_3,22,47,1
train_n50_m5_3,22,25,0
train_n50_m5_3,22,4,0
train_n50_m5_3,23,14,0
train_n50_m5_3,23,50,1
train_n50_m5_3,23,10,0
train_n50_m5_3,23,45,0
train_n50_m5_3,24,31,1
train_n50_m5_3,24,8,0
train_n50_m5_3,24,17,0
train_n50_m5_3,25,29,1
train_n50_m5_3,25,4,0
train_n50_m5_3,25,46,0
train_n50_m5_3,25,47,0
train_n50_m5_3,26,37,0
train_n50_m5_3,26,0,1
train_n50_m5_3,26,45,0
train_n50_m5_3,27,2,1
train_n50_m5_3,27,15,0
train_n50_m5_3,27,12,0
train_n50_m5_3,27,8,0
train_n50_m5_3,28,30,0
train_n50_m5_3,28,6,1
train_n50_m5_3,28,16,0
train_n50_m5_3,29,36,1
train_n50_m5_3,29,47,0
train_n50_m5_3,30,32,0
train_n50_m5_3,30,28,1
train_n50_m5_3,30,16,0
train_n50_m5_3,30,11,0
train_n50_m5_3,31,19,1
train_n50_m5_3,31,8,0
train_n50_m5_3,31,48,0
train_n50_m5_3,31,1,0
train_n50_m5_3,31,20,0
train_n50_m5_3,32,30,1
train_n50_m5_3,33,17,0
train_n50_m5_3,33,9,1
train_n50_m5_3,33,24,0
train_n50_m5_3,33,39,0
train_n50_m5_3,34,36,0
train_n50_m5_3,34,46,1
train_n50_m5_3,34,6,0
train_n50_m5_3,34,32,0
train_n50_m5_3,34,16,0
train_n50_m5_3,34,26,0
train_n50_m5_3,35,11,1
train_n50_m5_3,35,45,0
train_n50_m5_3,35,40,0
train_n50_m5_3,36,22,1
train_n50_m5_3,36,30,0
train_n50_m5_3,36,28,0
train_n50_m5_3,36,6,0
train_n50_m5_3,37,26,1
train_n50_m5_3,37,16,0
train_n50_m5_3,37,32,0
train_n50_m5_3,38,3,1
train_n50_m5_3,38,0,0
train_n50_m5_3,38,26,0
train_n50_m5_3,38,1,0
train_n50_m5_3,39,15,1
train_n50_m5_3,39,20,0
train_n50_m5_3,40,28,0
train_n50_m5_3,40,11,0
train_n50_m5_3,40,35,1
train_n50_m5_3,41,44,1
train_n50_m5_3,42,10,1
train_n50_m5_3,42,7,0
train_n50_m5_3,42,50,0
train_n50_m5_3,42,48,0
train_n50_m5_3,43,13,1
train_n50_m5_3,43,26,0
train_n50_m5_3,44,21,1
train_n50_m5_3,44,1,0
train_n50_m5_3,45,18,0
train_n50_m5_3,45,0,1
train_n50_m5_3,46,34,0
train_n50_m5_3,46,37,1
train_n50_m5_3,46,29,0
train_n50_m5_3,46,6,0
train_n50_m5_3,47,34,1
train_n50_m5_3,47,22,0
train_n50_m5_3,47,28,0
train_n50_m5_3,47,49,0
train_n50_m5_3,48,23,1
train_n50_m5_3,48,20,0
train_n50_m5_3,48,27,0
train_n50_m5_3,48,14,0
train_n50_m5_3,48,2,0
train_n50_m5_3,48,45,0
train_n50_m5_3,49,32,1
train_n50_m5_3,49,46,0
train_n50_m5_3,50,12,1
train_n50_m5_3,50,2,0
train_n50_m5_3,50,5,0
train_n50_m5_3,50,42,0
train_n50_m5_4,0,2,1
train_n50_m5_4,0,9,1
train_n50_m5_4,0,6,1
train_n50_m5_4,0,32,1
train_n50_m5_4,0,34,1
train_n50_m5_4,0,41,0
train_n50_m5_4,0,47,0
train_n50_m5_4,1,45,1
train_n50_m5_4,1,22,0
train_n50_m5_4,1,25,0
train_n50_m5_4,1,8,0
train_n50_m5_4,2,46,1
train_n50_m5_4,3,39,1
train_n50_m5_4,3,43,0
train_n50_m5_4,4,28,1
train_n50_m5_4,5,27,1
train_n50_m5_4,5,4,0
train_n50_m5_4,5,28,0
train_n50_m5_4,6,20,0
train_n50_m5_4,6,0,1
train_n50_m5_4,6,38,0
train_n50_m5_4,7,29,1
train_n50_m5_4,7,24,0
train_n50_m5_4,7,36,0
train_n50_m5_4,8,26,1
train_n50_m5_4,8,1,0
train_n50_m5_4,9,20,0
train_n50_m5_4,9,6,0
train_n50_m5_4,9,46,0
train_n50_m5_4,9,8,0
train_n50_m5_4,9,44,1
train_n50_m5_4,10,21,0
train_n50_m5_4,10,27,0
train_n50_m5_4,10,4,1
train_n50_m5_4,10,45,0
train_n50_m5_4,10,1,0
train_n50_m5_4,11,36,1
train_n50_m5_4,11,27,0
train_n50_m5_4,12,50,1
train_n50_m5_4,13,14,1
train_n50_m5_4,13,39,0
train_n50_m5_4,13,41,0
train_n50_m5_4,14,37,1
train_n50_m5_4,14,13,0
train_n50_m5_4,14,40,0
train_n50_m5_4,14,41,0
train_n50_m5_4,15,8,1
train_n50_m5_4,16,10,1
train_n50_m5_4,16,21,0
train_n50_m5_4,17,23,1
train_n50_m5_4,17,12,0
train_n50_m5_4,18,12,1
train_n50_m5_4,18,7,0
train_n50_m5_4,18,33,0
train_n50_m5_4,19,43,1
train_n50_m5_4,19,35,0
train_n50_m5_4,19,12,0
train_n50_m5_4,20,0,1
train_n50_m5_4,20,26,0
train_n50_m5_4,21,30,1
train_n50_m5_4,21,48,0
train_n50_m5_4,21,4,0
train_n50_m5_4,22,47,0
train_n50_m5_4,22,28,0
train_n50_m5_4,22,1,1
train_n50_m5_4,22,45,0
train_n50_m5_4,22,48,0
train_n50_m5_4,22,6,0
train_n50_m5_4,23,33,1
train_n50_m5_4,23,47,0
train_n50_m5_4,24,11,1
train_n50_m5_4,24,18,0
train_n50_m5_4,24,43,0
train_n50_m5_4,25,31,1
train_n50_m5_4,26,42,1
train_n50_m5_4,26,8,0
train_n50_m5_4,26,32,0
train_n50_m5_4,26,1,0
train_n50_m5_4,27,49,1
train_n50_m5_4,27,1,0
train_n50_m5_4,27,10,0
train_n50_m5_4,27,30,0
train_n50_m5_4,28,4,0
train_n50_m5_4,28,44,0
train_n50_m5_4,28,15,0
train_n50_m5_4,28,42,0
train_n50_m5_4,28,45,0
train_n50_m5_4,28,26,0
train_n50_m5_4,28,6,0
train_n50_m5_4,29,24,1
train_n50_m5_4,29,7,0
train_n50_m5_4,29,50,0
train_n50_m5_4,29,18,0
train_n50_m5_4,30,16,1
train_n50_m5_4,30,21,0
train_n50_m5_4,30,44,0
train_n50_m5_4,30,28,0
train_n50_m5_4,30,15,0
train_n50_m5_4,31,21,1
train_n50_m5_4,31,48,0
train_n50_m5_4,31,36,0
train_n50_m5_4,32,6,0
train_n50_m5_4,32,20,0
train_n50_m5_4,32,47,1
train_n50_m5_4,32,42,0
train_n50_m5_4,32,38,0
train_n50_m5_4,33,14,0
train_n50_m5_4,34,41,0
train_n50_m5_4,34,47,0
train_n50_m5_4,34,40,1
train_n50_m5_4,35,7,1
train_n50_m5_4,35,18,0
train_n50_m5_4,35,19,0
train_n50_m5_4,35,43,0
train_n50_m5_4,35,33,0
train_n50_m5_4,35,37,0
train_n50_m5_4,36,19,1
train_n50_m5_4,36,50,0
train_n50_m5_4,36,29,0
train_n50_m5_4,36,12,0
train_n50_m5_4,37,17,1
train_n50_m5_4,37,12,0
train_n50_m5_4,38,3,1
train_n50_m5_4,39,13,1
train_n50_m5_4,39,17,0
train_n50_m5_4,39,3,0
train_n50_m5_4,39,34,0
train_n50_m5_4,40,33,0
train_n50_m5_4,40,18,1
train_n50_m5_4,40,36,0
train_n50_m5_4,41,23,0
train_n50_m5_4,41,6,0
train_n50_m5_4,41,20,0
train_n50_m5_4,41,0,1
train_n50_m5_4,42,26,0
train_n50_m5_4,42,20,1
train_n50_m5_4,43,41,1
train_n50_m5_4,43,19,0
train_n50_m5_4,43,35,0
train_n50_m5_4,44,15,1
train_n50_m5_4,44,8,0
train_n50_m5_4,44,26,0
train_n50_m5_4,44,1,0
train_n50_m5_4,44,45,0
train_n50_m5_4,45,1,0
train_n50_m5_4,45,48,1
train_n50_m5_4,45,4,0
train_n50_m5_4,45,19,0
train_n50_m5_4,46,38,1
train_n50_m5_4,46,0,0
train_n50_m5_4,46,6,0
train_n50_m5_4,47,22,1
train_n50_m5_4,47,1,0
train_n50_m5_4,47,5,0
train_n50_m5_4,47,15,0
train_n50_m5_4,48,5,1
train_n50_m5_4,48,1,0
train_n50_m5_4,48,47,0
train_n50_m5_4,48,15,0
train_n50_m5_4,49,25,1
train_n50_m5_4,49,22,0
train_n50_m5_4,50,35,1
train_n50_m5_4,50,36,0
train_n50_m5_5,0,49,0
train_n50_m5_5,0,16,1
train_n50_m5_5,0,31,1
train_n50_m5_5,0,37,1
train_n50_m5_5,0,34,1
train_n50_m5_5,1,24,1
train_n50_m5_5,1,23,0
train_n50_m5_5,2,29,1
train_n50_m5_5,2,7,0
train_n50_m5_5,2,45,0
train_n50_m5_5,2,37,0
train_n50_m5_5,2,15,0
train_n50_m5_5,2,20,0
train_n50_m5_5,3,6,1
train_n50_m5_5,3,45,0
train_n50_m5_5,3,33,0
train_n50_m5_5,4,10,1
train_n50_m5_5,4,21,0
train_n50_m5_5,4,39,0
train_n50_m5_5,4,40,0
train_n50_m5_5,5,13,1
train_n50_m5_5,5,48,0
train_n50_m5_5,5,3,0
train_n50_m5_5,6,33,0
train_n50_m5_5,6,7,0
train_n50_m5_5,6,9,1
train_n50_m5_5,7,48,0
train_n50_m5_5,7,15,1
train_n50_m5_5,8,17,1
train_n50_m5_5,8,43,0
train_n50_m5_5,8,22,0
train_n50_m5_5,9,6,0
train_n50_m5_5,9,32,1
train_n50_m5_5,9,27,0
train_n50_m5_5,10,23,1
train_n50_m5_5,10,26,0
train_n50_m5_5,10,46,0
train_n50_m5_5,11,27,1
train_n50_m5_5,11,20,0
train_n50_m5_5,12,48,1
train_n50_m5_5,12,5,0
train_n50_m5_5,12,40,0
train_n50_m5_5,12,41,0
train_n50_m5_5,12,39,0
train_n50_m5_5,13,18,1
train_n50_m5_5,13,20,0
train_n50_m5_5,13,44,0
train_n50_m5_5,14,24,0
train_n50_m5_5,14,9,0
train_n50_m5_5,15,0,1
train_n50_m5_5,15,31,0
train_n50_m5_5,16,3,1
train_n50_m5_5,17,21,1
train_n50_m5_5,17,39,0
train_n50_m5_5,18,27,0
train_n50_m5_5,18,1,1
train_n50_m5_5,19,18,0
train_n50_m5_5,19,20,1
train_n50_m5_5,19,5,0
train_n50_m5_5,20,19,0
train_n50_m5_5,20,18,0
train_n50_m5_5,20,13,0
train_n50_m5_5,20,5,0
train_n50_m5_5,20,45,1
train_n50_m5_5,21,43,1
train_n50_m5_5,21,39,0
train_n50_m5_5,22,28,1
train_n50_m5_5,22,49,0
train_n50_m5_5,22,15,0
train_n50_m5_5,23,26,1
train_n50_m5_5,23,21,0
train_n50_m5_5,23,1,0
train_n50_m5_5,23,46,0
train_n50_m5_5,23,5,0
train_n50_m5_5,24,36,1
train_n50_m5_5,24,44,0
train_n50_m5_5,24,20,0
train_n50_m5_5,25,11,1
train_n50_m5_5,25,36,0
train_n50_m5_5,25,1,0
train_n50_m5_5,26,10,0
train_n50_m5_5,26,47,1
train_n50_m5_5,26,40,0
train_n50_m5_5,27,44,0
train_n50_m5_5,27,14,1
train_n50_m5_5,27,9,0
train_n50_m5_5,27,47,0
train_n50_m5_5,28,8,1
train_n50_m5_5,29,50,1
train_n50_m5_5,29,9,0
train_n50_m5_5,29,48,0
train_n50_m5_5,30,5,0
train_n50_m5_5,30,45,0
train_n50_m5_5,31,42,1
train_n50_m5_5,31,35,0
train_n50_m5_5,31,15,0
train_n50_m5_5,32,25,1
train_n50_m5_5,32,3,0
train_n50_m5_5,33,2,1
train_n50_m5_5,33,45,0
train_n50_m5_5,33,16,0
train_n50_m5_5,34,39,1
train_n50_m5_5,34,28,0
train_n50_m5_5,35,0,1
train_n50_m5_5,35,48,0
train_n50_m5_5,35,31,0
train_n50_m5_5,35,45,0
train_n50_m5_5,36,44,1
train_n50_m5_5,36,32,0
train_n50_m5_5,37,5,1
train_n50_m5_5,37,48,0
train_n50_m5_5,37,3,0
train_n50_m5_5,38,0,1
train_n50_m5_5,38,28,0
train_n50_m5_5,38,22,0
train_n50_m5_5,38,12,0
train_n50_m5_5,38,42,0
train_n50_m5_5,39,4,1
train_n50_m5_5,39,5,0
train_n50_m5_5,39,21,0
train_n50_m5_5,40,5,0
train_n50_m5_5,40,30,1
train_n50_m5_5,40,13,0
train_n50_m5_5,40,46,0
train_n50_m5_5,41,33,1
train_n50_m5_5,41,2,0
train_n50_m5_5,41,16,0
train_n50_m5_5,42,22,1
train_n50_m5_5,42,15,0
train_n50_m5_5,43,10,0
train_n50_m5_5,43,46,1
train_n50_m5_5,43,30,0
train_n50_m5_5,43,5,0
train_n50_m5_5,43,37,0
train_n50_m5_5,44,19,1
train_n50_m5_5,44,36,0
train_n50_m5_5,44,13,0
train_n50_m5_5,44,47,0
train_n50_m5_5,45,7,0
train_n50_m5_5,45,12,1
train_n50_m5_5,45,3,0
train_n50_m5_5,45,16,0
train_n50_m5_5,45,41,0
train_n50_m5_5,45,33,0
train_n50_m5_5,46,17,0
train_n50_m5_5,46,49,1
train_n50_m5_5,46,37,0
train_n50_m5_5,47,40,1
train_n50_m5_5,48,15,0
train_n50_m5_5,48,37,0
train_n50_m5_5,48,0,1
train_n50_m5_5,48,30,0
train_n50_m5_5,48,40,0
train_n50_m5_5,49,0,1
train_n50_m5_5,49,42,0
train_n50_m5_5,49,34,0
train_n50_m5_5,49,30,0
train_n50_m5_5,50,41,0
train_n50_m5_5,50,3,0
train_n50_m5_5,50,45,0
train_n50_m5_5,50,35,1
train_n50_m5_5,50,12,0
train_n50_m5_6,0,9,1
train_n50_m5_6,0,24,1
train_n50_m5_6,0,4,1
train_n50_m5_6,0,12,0
train_n50_m5_6,0,40,0
train_n50_m5_6,0,50,1
train_n50_m5_6,1,47,0
train_n50_m5_6,1,11,0
train_n50_m5_6,1,38,0
train_n50_m5_6,1,2,1
train_n50_m5_6,1,32,0
train_n50_m5_6,2,14,0
train_n50_m5_6,2,7,0
train_n50_m5_6,2,40,1
train_n50_m5_6,2,5,0
train_n50_m5_6,2,36,0
train_n50_m5_6,3,6,0
train_n50_m5_6,3,43,1
train_n50_m5_6,4,27,1
train_n50_m5_6,4,41,0
train_n50_m5_6,5,23,1
train_n50_m5_6,5,27,0
train_n50_m5_6,6,3,1
train_n50_m5_6,7,40,0
train_n50_m5_6,7,22,0
train_n50_m5_6,7,2,0
train_n50_m5_6,7,25,0
train_n50_m5_6,7,47,0
train_n50_m5_6,8,48,1
train_n50_m5_6,8,20,0
train_n50_m5_6,8,12,0
train_n50_m5_6,9,0,1
train_n50_m5_6,9,4,0
train_n50_m5_6,9,7,0
train_n50_m5_6,10,36,1
train_n50_m5_6,10,21,0
train_n50_m5_6,11,32,0
train_n50_m5_6,11,1,1
train_n50_m5_6,11,25,0
train_n50_m5_6,11,46,0
train_n50_m5_6,11,2,0
train_n50_m5_6,12,35,1
train_n50_m5_6,12,33,0
train_n50_m5_6,12,50,0
train_n50_m5_6,13,14,1
train_n50_m5_6,13,37,0
train_n50_m5_6,14,7,1
train_n50_m5_6,14,13,0
train_n50_m5_6,14,25,0
train_n50_m5_6,14,50,0
train_n50_m5_6,15,38,1
train_n50_m5_6,15,47,0
train_n50_m5_6,15,37,0
train_n50_m5_6,15,48,0
train_n50_m5_6,16,21,1
train_n50_m5_6,16,35,0
train_n50_m5_6,17,32,1
train_n50_m5_6,17,47,0
train_n50_m5_6,18,45,1
train_n50_m5_6,18,36,0
train_n50_m5_6,18,12,0
train_n50_m5_6,19,26,1
train_n50_m5_6,20,16,1
train_n50_m5_6,20,48,0
train_n50_m5_6,20,29,0
train_n50_m5_6,20,33,0
train_n50_m5_6,21,8,1
train_n50_m5_6,21,48,0
train_n50_m5_6,21,45,0
train_n50_m5_6,21,36,0
train_n50_m5_6,21,20,0
train_n50_m5_6,21,50,0
train_n50_m5_6,22,41,1
train_n50_m5_6,22,40,0
train_n50_m5_6,23,17,1
train_n50_m5_6,23,25,0
train_n50_m5_6,24,12,1
train_n50_m5_6,24,50,0
train_n50_m5_6,25,2,0
train_n50_m5_6,25,30,1
train_n50_m5_6,25,47,0
train_n50_m5_6,25,7,0
train_n50_m5_6,25,10,0
train_n50_m5_6,26,0,1
train_n50_m5_6,26,31,0
train_n50_m5_6,26,40,0
train_n50_m5_6,27,34,0
train_n50_m5_6,27,22,1
train_n50_m5_6,27,31,0
train_n50_m5_6,27,5,0
train_n50_m5_6,28,5,1
train_n50_m5_6,28,25,0
train_n50_m5_6,29,48,0
train_n50_m5_6,29,35,0
train_n50_m5_6,29,19,1
train_n50_m5_6,30,13,1
train_n50_m5_6,30,5,0
train_n50_m5_6,30,23,0
train_n50_m5_6,31,26,0
train_n50_m5_6,32,11,0
train_n50_m5_6,32,23,0
train_n50_m5_6,32,37,1
train_n50_m5_6,32,2,0
train_n50_m5_6,33,12,0
train_n50_m5_6,33,24,0
train_n50_m5_6,33,48,0
train_n50_m5_6,33,0,1
train_n50_m5_6,34,31,0
train_n50_m5_6,34,0,1
train_n50_m5_6,34,26,0
train_n50_m5_6,34,19,0
train_n50_m5_6,34,7,0
train_n50_m5_6,35,6,1
train_n50_m5_6,35,43,0
train_n50_m5_6,36,10,0
train_n50_m5_6,36,1,0
train_n50_m5_6,36,18,1
train_n50_m5_6,36,8,0
train_n50_m5_6,37,25,1
train_n50_m5_6,37,47,0
train_n50_m5_6,37,14,0
train_n50_m5_6,37,7,0
train_n50_m5_6,38,46,1
train_n50_m5_6,39,38,0
train_n50_m5_6,39,15,1
train_n50_m5_6,39,1,0
train_n50_m5_6,39,47,0
train_n50_m5_6,40,31,1
train_n50_m5_6,41,42,1
train_n50_m5_6,41,5,0
train_n50_m5_6,41,14,0
train_n50_m5_6,41,27,0
train_n50_m5_6,41,4,0
train_n50_m5_6,42,28,1
train_n50_m5_6,42,40,0
train_n50_m5_6,43,20,1
train_n50_m5_6,43,48,0
train_n50_m5_6,44,39,1
train_n50_m5_6,44,49,0
train_n50_m5_6,45,50,0
train_n50_m5_6,45,33,1
train_n50_m5_6,46,38,0
train_n50_m5_6,46,49,1
train_n50_m5_6,46,36,0
train_n50_m5_6,46,25,0
train_n50_m5_6,46,30,0
train_n50_m5_6,47,44,1
train_n50_m5_6,47,36,0
train_n50_m5_6,47,37,0
train_n50_m5_6,47,30,0
train_n50_m5_6,47,7,0
train_n50_m5_6,48,29,1
train_n50_m5_6,48,18,0
train_n50_m5_6,48,20,0
train_n50_m5_6,48,10,0
train_n50_m5_6,49,11,1
train_n50_m5_6,49,10,0
train_n50_m5_6,50,47,0
train_n50_m5_6,50,29,0
train_n50_m5_6,50,10,1
train_n50_m5_6,50,22,0
train_n50_m5_6,50,25,0
train_n50_m5_7,0,45,1
train_n50_m5_7,0,21,1
train_n50_m5_7,0,5,1
train_n50_m5_7,0,46,1
train_n50_m5_7,1,6,1
train_n50_m5_7,1,26,0
train_n50_m5_7,2,27,0
train_n50_m5_7,2,19,1
train_n50_m5_7,2,23,0
train_n50_m5_7,3,9,1
train_n50_m5_7,3,15,0
train_n50_m5_7,3,27,0
train_n50_m5_7,4,32,0
train_n50_m5_7,4,40,1
train_n50_m5_7,4,37,0
train_n50_m5_7,4,45,0
train_n50_m5_7,5,15,1
train_n50_m5_7,5,34,0
train_n50_m5_7,5,2,0
train_n50_m5_7,6,29,1
train_n50_m5_7,6,33,0
train_n50_m5_7,6,26,0
train_n50_m5_7,7,32,0
train_n50_m5_7,7,37,1
train_n50_m5_7,7,45,0
train_n50_m5_7,7,28,0
train_n50_m5_7,8,43,1
train_n50_m5_7,8,42,0
train_n50_m5_7,9,22,1
train_n50_m5_7,9,39,0
train_n50_m5_7,9,18,0
train_n50_m5_7,10,22,0
train_n50_m5_7,10,50,0
train_n50_m5_7,10,16,0
train_n50_m5_7,10,34,0
train_n50_m5_7,11,8,1
train_n50_m5_7,11,33,0
train_n50_m5_7,11,49,0
train_n50_m5_7,11,37,0
train_n50_m5_7,12,0,1
train_n50_m5_7,12,45,0
train_n50_m5_7,12,46,0
train_n50_m5_7,12,17,0
train_n50_m5_7,13,37,0
train_n50_m5_7,14,24,1
train_n50_m5_7,14,23,0
train_n50_m5_7,14,6,0
train_n50_m5_7,14,39,0
train_n50_m5_7,15,3,1
train_n50_m5_7,15,45,0
train_n50_m5_7,16,2,1
train_n50_m5_7,16,13,0
train_n50_m5_7,17,34,1
train_n50_m5_7,17,15,0
train_n50_m5_7,17,3,0
train_n50_m5_7,17,19,0
train_n50_m5_7,18,50,1
train_n50_m5_7,18,15,0
train_n50_m5_7,18,0,0
train_n50_m5_7,19,27,0
train_n50_m5_7,19,39,0
train_n50_m5_7,20,30,1
train_n50_m5_7,20,23,0
train_n50_m5_7,20,25,0
train_n50_m5_7,20,39,0
train_n50_m5_7,20,24,0
train_n50_m5_7,20,10,0
train_n50_m5_7,21,7,1
train_n50_m5_7,21,4,0
train_n50_m5_7,21,39,0
train_n50_m5_7,22,10,1
train_n50_m5_7,23,48,1
train_n50_m5_7,23,25,0
train_n50_m5_7,23,30,0
train_n50_m5_7,23,2,0
train_n50_m5_7,24,25,0
train_n50_m5_7,24,33,1
train_n50_m5_7,24,42,0
train_n50_m5_7,24,23,0
train_n50_m5_7,25,24,0
train_n50_m5_7,25,14,0
train_n50_m5_7,25,23,1
train_n50_m5_7,25,26,0
train_n50_m5_7,26,39,1
train_n50_m5_7,26,33,0
train_n50_m5_7,27,31,1
train_n50_m5_7,27,22,0
train_n50_m5_7,28,32,1
train_n50_m5_7,28,38,0
train_n50_m5_7,29,38,1
train_n50_m5_7,29,24,0
train_n50_m5_7,29,25,0
train_n50_m5_7,29,42,0
train_n50_m5_7,30,25,0
train_n50_m5_7,30,23,0
train_n50_m5_7,30,35,0
train_n50_m5_7,30,16,1
train_n50_m5_7,30,49,0
train_n50_m5_7,31,9,0
train_n50_m5_7,31,0,1
train_n50_m5_7,32,4,1
train_n50_m5_7,32,1,0
train_n50_m5_7,32,38,0
train_n50_m5_7,33,41,1
train_n50_m5_7,33,25,0
train_n50_m5_7,34,46,0
train_n50_m5_7,34,18,1
train_n50_m5_7,34,15,0
train_n50_m5_7,34,10,0
train_n50_m5_7,34,31,0
train_n50_m5_7,35,20,1
train_n50_m5_7,35,16,0
train_n50_m5_7,35,48,0
train_n50_m5_7,35,39,0
train_n50_m5_7,36,4,0
train_n50_m5_7,36,12,1
train_n50_m5_7,36,31,0
train_n50_m5_7,36,13,0
train_n50_m5_7,36,1,0
train_n50_m5_7,37,1,1
train_n50_m5_7,37,14,0
train_n50_m5_7,37,7,0
train_n50_m5_7,37,16,0
train_n50_m5_7,38,11,1
train_n50_m5_7,38,43,0
train_n50_m5_7,38,49,0
train_n50_m5_7,39,27,1
train_n50_m5_7,39,2,0
train_n50_m5_7,39,13,0
train_n50_m5_7,39,37,0
train_n50_m5_7,40,36,1
train_n50_m5_7,40,4,0
train_n50_m5_7,40,32,0
train_n50_m5_7,40,31,0
train_n50_m5_7,40,37,0
train_n50_m5_7,41,49,1
train_n50_m5_7,41,38,0
train_n50_m5_7,42,26,1
train_n50_m5_7,43,38,0
train_n50_m5_7,43,33,0
train_n50_m5_7,43,28,1
train_n50_m5_7,43,37,0
train_n50_m5_7,43,42,0
train_n50_m5_7,44,9,0
train_n50_m5_7,45,0,1
train_n50_m5_7,45,34,0
train_n50_m5_7,46,17,1
train_n50_m5_7,46,0,0
train_n50_m5_7,47,35,1
train_n50_m5_7,47,48,0
train_n50_m5_7,47,42,0
train_n50_m5_7,48,42,1
train_n50_m5_7,48,14,0
train_n50_m5_7,49,25,1
train_n50_m5_7,49,48,0
train_n50_m5_7,49,42,0
train_n50_m5_7,49,8,0
train_n50_m5_7,49,26,0
train_n50_m5_7,50,18,0
train_n50_m5_7,50,44,1
train_n75_m2_0,0,22,1
train_n75_m2_0,0,29,1
train_n75_m2_0,0,26,0
train_n75_m2_0,1,37,1
train_n75_m2_0,1,57,0
train_n75_m2_0,1,40,0
train_n75_m2_0,1,49,0
train_n75_m2_0,2,25,1
train_n75_m2_0,2,18,0
train_n75_m2_0,2,36,0
train_n75_m2_0,2,65,0
train_n75_m2_0,2,34,0
train_n75_m2_0,3,50,1
train_n75_m2_0,3,36,0
train_n75_m2_0,3,64,0
train_n75_m2_0,4,59,1
train_n75_m2_0,5,31,1
train_n75_m2_0,5,8,0
train_n75_m2_0,5,29,0
train_n75_m2_0,6,15,0
train_n75_m2_0,6,48,1
train_n75_m2_0,7,69,1
train_n75_m2_0,8,28,0
train_n75_m2_0,8,35,1
train_n75_m2_0,8,47,0
train_n75_m2_0,9,53,1
train_n75_m2_0,9,12,0
train_n75_m2_0,9,11,0
train_n75_m2_0,10,11,0
train_n75_m2_0,10,4,1
train_n75_m2_0,11,24,1
train_n75_m2_0,12,13,1
train_n75_m2_0,12,40,0
train_n75_m2_0,13,56,1
train_n75_m2_0,13,9,0
train_n75_m2_0,13,23,0
train_n75_m2_0,14,34,0
train_n75_m2_0,14,67,0
train_n75_m2_0,14,27,1
train_n75_m2_0,15,34,1
train_n75_m2_0,15,48,0
train_n75_m2_0,15,73,0
train_n75_m2_0,15,21,0
train_n75_m2_0,16,9,1
train_n75_m2_0,16,29,0
train_n75_m2_0,17,6,1
train_n75_m2_0,18,36,1
train_n75_m2_0,18,2,0
train_n75_m2_0,18,25,0
train_n75_m2_0,18,71,0
train_n75_m2_0,19,42,0
train_n75_m2_0,19,63,0
train_n75_m2_0,19,28,1
train_n75_m2_0,19,14,0
train_n75_m2_0,20,42,0
train_n75_m2_0,20,63,1
train_n75_m2_0,20,8,0
train_n75_m2_0,20,31,0
train_n75_m2_0,21,74,1
train_n75_m2_0,21,34,0
train_n75_m2_0,21,6,0
train_n75_m2_0,22,23,1
train_n75_m2_0,22,29,0
train_n75_m2_0,22,8,0
train_n75_m2_0,22,16,0
train_n75_m2_0,23,12,1
train_n75_m2_0,23,0,0
train_n75_m2_0,23,57,0
train_n75_m2_0,23,30,0
train_n75_m2_0,24,52,1
train_n75_m2_0,24,33,0
train_n75_m2_0,24,54,0
train_n75_m2_0,24,53,0
train_n75_m2_0,25,51,1
train_n75_m2_0,25,38,0
train_n75_m2_0,26,33,0
train_n75_m2_0,26,54,0
train_n75_m2_0,26,57,1
train_n75_m2_0,26,37,0
train_n75_m2_0,26,58,0
train_n75_m2_0,26,52,0
train_n75_m2_0,27,0,1
train_n75_m2_0,27,22,0
train_n75_m2_0,27,37,0
train_n75_m2_0,27,33,0
train_n75_m2_0,28,47,1
train_n75_m2_0,28,14,0
train_n75_m2_0,28,21,0
train_n75_m2_0,28,22,0
train_n75_m2_0,28,20,0
train_n75_m2_0,28,6,0
train_n75_m2_0,29,16,1
train_n75_m2_0,29,9,0
train_n75_m2_0,29,30,0
train_n75_m2_0,30,70,1
train_n75_m2_0,30,31,0
train_n75_m2_0,31,8,1
train_n75_m2_0,31,9,0
train_n75_m2_0,32,73,1
train_n75_m2_0,32,60,0
train_n75_m2_0,32,67,0
train_n75_m2_0,33,26,1
train_n75_m2_0,33,11,0
train_n75_m2_0,34,6,0
train_n75_m2_0,34,67,1
train_n75_m2_0,34,32,0
train_n75_m2_0,35,20,1
train_n75_m2_0,35,61,0
train_n75_m2_0,36,39,1
train_n75_m2_0,36,69,0
train_n75_m2_0,37,1,0
train_n75_m2_0,37,33,1
train_n75_m2_0,37,27,0
train_n75_m2_0,37,39,0
train_n75_m2_0,38,32,1
train_n75_m2_0,38,21,0
train_n75_m2_0,38,14,0
train_n75_m2_0,39,1,1
train_n75_m2_0,39,37,0
train_n75_m2_0,40,27,0
train_n75_m2_0,40,0,1
train_n75_m2_0,40,22,0
train_n75_m2_0,40,12,0
train_n75_m2_0,40,17,0
train_n75_m2_0,40,54,0
train_n75_m2_0,41,54,1
train_n75_m2_0,41,44,0
train_n75_m2_0,41,37,0
train_n75_m2_0,42,19,1
train_n75_m2_0,42,74,0
train_n75_m2_0,42,14,0
train_n75_m2_0,43,64,1
train_n75_m2_0,43,4,0
train_n75_m2_0,44,41,1
train_n75_m2_0,44,1,0
train_n75_m2_0,44,58,0
train_n75_m2_0,44,37,0
train_n75_m2_0,45,55,0
train_n75_m2_0,45,11,1
train_n75_m2_0,45,13,0
train_n75_m2_0,46,66,1
train_n75_m2_0,46,5,0
train_n75_m2_0,47,21,1
train_n75_m2_0,47,48,0
train_n75_m2_0,47,73,0
train_n75_m2_0,47,32,0
train_n75_m2_0,48,14,1
train_n75_m2_0,48,67,0
train_n75_m2_0,48,68,0
train_n75_m2_0,49,43,1
train_n75_m2_0,49,39,0
train_n75_m2_0,49,37,0
train_n75_m2_0,50,3,0
train_n75_m2_0,50,71,1
train_n75_m2_0,50,51,0
train_n75_m2_0,50,68,0
train_n75_m2_0,51,2,0
train_n75_m2_0,51,18,1
train_n75_m2_0,51,60,0
train_n75_m2_0,52,58,1
train_n75_m2_0,52,10,0
train_n75_m2_0,53,13,0
train_n75_m2_0,53,55,0
train_n75_m2_0,53,75,1
train_n75_m2_0,53,46,0
train_n75_m2_0,54,7,1
train_n75_m2_0,54,40,0
train_n75_m2_0,54,10,0
train_n75_m2_0,55,45,1
train_n75_m2_0,55,9,0
train_n75_m2_0,55,11,0
train_n75_m2_0,55,52,0
train_n75_m2_0,56,30,1
train_n75_m2_0,56,55,0
train_n75_m2_0,56,23,0
train_n75_m2_0,57,40,1
train_n75_m2_0,57,22,0
train_n75_m2_0,58,24,0
train_n75_m2_0,58,10,1
train_n75_m2_0,59,44,1
train_n75_m2_0,60,68,1
train_n75_m2_0,61,42,1
train_n75_m2_0,61,48,0
train_n75_m2_0,62,65,1
train_n75_m2_0,62,68,0
train_n75_m2_0,63,61,1
train_n75_m2_0,63,28,0
train_n75_m2_0,63,74,0
train_n75_m2_0,63,73,0
train_n75_m2_0,64,72,1
train_n75_m2_0,64,69,0
train_n75_m2_0,64,1,0
train_n75_m2_0,64,7,0
train_n75_m2_0,65,60,1
train_n75_m2_0,65,73,0
train_n75_m2_0,65,62,0
train_n75_m2_0,65,21,0
train_n75_m2_0,65,48,0
train_n75_m2_0,66,55,1
train_n75_m2_0,67,17,1
train_n75_m2_0,68,38,1
train_n75_m2_0,69,1,0
train_n75_m2_0,69,37,0
train_n75_m2_0,69,49,1
train_n75_m2_0,69,41,0
train_n75_m2_0,69,36,0
train_n75_m2_0,69,57,0
train_n75_m2_0,69,18,0
train_n75_m2_0,70,5,1
train_n75_m2_0,70,30,0
train_n75_m2_0,71,2,1
train_n75_m2_0,71,25,0
train_n75_m2_0,71,72,0
train_n75_m2_0,72,3,1
train_n75_m2_0,72,2,0
train_n75_m2_0,72,64,0
train_n75_m2_0,72,71,0
train_n75_m2_0,73,15,1
train_n75_m2_0,73,14,0
train_n75_m2_0,74,62,1
train_n75_m2_0,74,47,0
train_n75_m2_0,74,19,0
train_n75_m2_0,74,42,0
train_n75_m2_0,75,46,1
train_n75_m2_0,75,66,0
train_n75_m2_0,75,53,0
train_n75_m2_0,75,13,0
train_n75_m2_0,75,56,0
train_n75_m2_0,75,29,0
train_n75_m2_0,75,12,0
train_n75_m2_0,75,31,0
train_n75_m2_1,0,63,1
train_n75_m2_1,0,9,1
train_n75_m2_1,1,72,1
train_n75_m2_1,2,41,1
train_n75_m2_1,3,28,1
train_n75_m2_1,3,16,0
train_n75_m2_1,4,75,1
train_n75_m2_1,4,3,0
train_n75_m2_1,5,8,1
train_n75_m2_1,5,21,0
train_n75_m2_1,5,23,0
train_n75_m2_1,5,17,0
train_n75_m2_1,5,56,0
train_n75_m2_1,6,3,1
train_n75_m2_1,6,30,0
train_n75_m2_1,6,25,0
train_n75_m2_1,7,46,1
train_n75_m2_1,7,72,0
train_n75_m2_1,7,1,0
train_n75_m2_1,7,30,0
train_n75_m2_1,8,21,1
train_n75_m2_1,8,0,0
train_n75_m2_1,9,60,1
train_n75_m2_1,9,36,0
train_n75_m2_1,9,17,0
train_n75_m2_1,10,32,1
train_n75_m2_1,10,59,0
train_n75_m2_1,10,30,0
train_n75_m2_1,11,34,1
train_n75_m2_1,11,1,0
train_n75_m2_1,12,50,1
train_n75_m2_1,13,58,1
train_n75_m2_1,14,45,0
train_n75_m2_1,14,55,1
train_n75_m2_1,14,25,0
train_n75_m2_1,14,61,0
train_n75_m2_1,14,39,0
train_n75_m2_1,15,0,1
train_n75_m2_1,15,49,0
train_n75_m2_1,15,23,0
train_n75_m2_1,16,43,1
train_n75_m2_1,16,70,0
train_n75_m2_1,16,25,0
train_n75_m2_1,16,46,0
train_n75_m2_1,17,62,0
train_n75_m2_1,17,54,0
train_n75_m2_1,17,44,0
train_n75_m2_1,17,35,1
train_n75_m2_1,17,56,0
train_n75_m2_1,18,42,1
train_n75_m2_1,18,12,0
train_n75_m2_1,18,38,0
train_n75_m2_1,19,68,1
train_n75_m2_1,19,45,0
train_n75_m2_1,19,16,0
train_n75_m2_1,19,61,0
train_n75_m2_1,20,37,1
train_n75_m2_1,20,61,0
train_n75_m2_1,21,63,0
train_n75_m2_1,21,51,1
train_n75_m2_1,21,27,0
train_n75_m2_1,22,61,0
train_n75_m2_1,22,55,0
train_n75_m2_1,22,20,1
train_n75_m2_1,22,26,0
train_n75_m2_1,22,13,0
train_n75_m2_1,22,37,0
train_n75_m2_1,23,27,0
train_n75_m2_1,23,44,1
train_n75_m2_1,24,59,1
train_n75_m2_1,24,34,0
train_n75_m2_1,25,45,1
train_n75_m2_1,25,60,0
train_n75_m2_1,25,55,0
train_n75_m2_1,26,52,1
train_n75_m2_1,26,37,0
train_n75_m2_1,26,22,0
train_n75_m2_1,27,15,1
train_n75_m2_1,27,71,0
train_n75_m2_1,28,4,1
train_n75_m2_1,28,9,0
train_n75_m2_1,29,10,1
train_n75_m2_1,29,40,0
train_n75_m2_1,29,24,0
train_n75_m2_1,29,31,0
train_n75_m2_1,30,73,1
train_n75_m2_1,30,7,0
train_n75_m2_1,31,64,1
train_n75_m2_1,31,40,0
train_n75_m2_1,31,4,0
train_n75_m2_1,32,11,1
train_n75_m2_1,32,34,0
train_n75_m2_1,32,1,0
train_n75_m2_1,33,36,1
train_n75_m2_1,33,45,0
train_n75_m2_1,34,30,1
train_n75_m2_1,34,29,0
train_n75_m2_1,34,48,0
train_n75_m2_1,34,75,0
train_n75_m2_1,35,56,1
train_n75_m2_1,36,33,0
train_n75_m2_1,36,60,0
train_n75_m2_1,36,66,0
train_n75_m2_1,36,71,1
train_n75_m2_1,37,13,1
train_n75_m2_1,37,26,0
train_n75_m2_1,37,57,0
train_n75_m2_1,37,55,0
train_n75_m2_1,38,45,0
train_n75_m2_1,38,47,1
train_n75_m2_1,38,16,0
train_n75_m2_1,38,65,0
train_n75_m2_1,39,74,1
train_n75_m2_1,39,53,0
train_n75_m2_1,40,67,1
train_n75_m2_1,40,32,0
train_n75_m2_1,40,4,0
train_n75_m2_1,41,37,0
train_n75_m2_1,41,26,1
train_n75_m2_1,41,56,0
train_n75_m2_1,42,19,0
train_n75_m2_1,42,12,1
train_n75_m2_1,42,38,0
train_n75_m2_1,42,74,0
train_n75_m2_1,42,45,0
train_n75_m2_1,43,6,1
train_n75_m2_1,43,16,0
train_n75_m2_1,44,62,0
train_n75_m2_1,44,17,1
train_n75_m2_1,44,71,0
train_n75_m2_1,45,50,0
train_n75_m2_1,45,38,1
train_n75_m2_1,45,25,0
train_n75_m2_1,45,65,0
train_n75_m2_1,45,47,0
train_n75_m2_1,45,61,0
train_n75_m2_1,46,70,1
train_n75_m2_1,46,43,0
train_n75_m2_1,46,74,0
train_n75_m2_1,46,30,0
train_n75_m2_1,47,39,1
train_n75_m2_1,47,14,0
train_n75_m2_1,48,1,1
train_n75_m2_1,48,30,0
train_n75_m2_1,49,31,1
train_n75_m2_1,49,75,0
train_n75_m2_1,50,14,1
train_n75_m2_1,50,39,0
train_n75_m2_1,50,16,0
train_n75_m2_1,50,33,0
train_n75_m2_1,51,49,1
train_n75_m2_1,51,23,0
train_n75_m2_1,51,5,0
train_n75_m2_1,51,69,0
train_n75_m2_1,52,57,1
train_n75_m2_1,52,54,0
train_n75_m2_1,52,37,0
train_n75_m2_1,52,13,0
train_n75_m2_1,53,39,0
train_n75_m2_1,53,16,0
train_n75_m2_1,54,33,1
train_n75_m2_1,54,22,0
train_n75_m2_1,54,60,0
train_n75_m2_1,54,35,0
train_n75_m2_1,55,61,1
train_n75_m2_1,55,33,0
train_n75_m2_1,55,66,0
train_n75_m2_1,55,65,0
train_n75_m2_1,56,62,1
train_n75_m2_1,56,52,0
train_n75_m2_1,56,33,0
train_n75_m2_1,57,52,0
train_n75_m2_1,57,66,1
train_n75_m2_1,57,58,0
train_n75_m2_1,57,35,0
train_n75_m2_1,57,13,0
train_n75_m2_1,58,2,1
train_n75_m2_1,59,48,1
train_n75_m2_1,59,11,0
train_n75_m2_1,59,29,0
train_n75_m2_1,59,30,0
train_n75_m2_1,59,3,0
train_n75_m2_1,60,65,1
train_n75_m2_1,60,75,0
train_n75_m2_1,60,17,0
train_n75_m2_1,60,23,0
train_n75_m2_1,61,22,1
train_n75_m2_1,62,69,1
train_n75_m2_1,62,56,0
train_n75_m2_1,62,21,0
train_n75_m2_1,63,23,1
train_n75_m2_1,63,71,0
train_n75_m2_1,63,75,0
train_n75_m2_1,63,4,0
train_n75_m2_1,64,40,1
train_n75_m2_1,64,0,0
train_n75_m2_1,65,25,1
train_n75_m2_1,65,50,0
train_n75_m2_1,65,43,0
train_n75_m2_1,66,54,1
train_n75_m2_1,66,55,0
train_n75_m2_1,66,35,0
train_n75_m2_1,67,32,0
train_n75_m2_1,67,29,1
train_n75_m2_1,67,3,0
train_n75_m2_1,68,18,1
train_n75_m2_1,68,47,0
train_n75_m2_1,68,38,0
train_n75_m2_1,69,5,1
train_n75_m2_1,69,21,0
train_n75_m2_1,69,23,0
train_n75_m2_1,69,71,0
train_n75_m2_1,70,16,1
train_n75_m2_1,71,27,1
train_n75_m2_1,71,23,0
train_n75_m2_1,72,7,1
train_n75_m2_1,72,46,0
train_n75_m2_1,72,6,0
train_n75_m2_1,72,3,0
train_n75_m2_1,73,24,1
train_n75_m2_1,73,30,0
train_n75_m2_1,73,7,0
train_n75_m2_1,73,1,0
train_n75_m2_1,73,16,0
train_n75_m2_1,74,53,1
train_n75_m2_1,74,50,0
train_n75_m2_1,74,45,0
train_n75_m2_1,75,0,1
train_n75_m2_1,75,3,0
train_n75_m2_1,75,63,0
train_n75_m2_2,0,56,1
train_n75_m2_2,0,72,1
train_n75_m2_2,0,24,0
train_n75_m2_2,0,4,0
train_n75_m2_2,0,3,0
train_n75_m2_2,1,62,1
train_n75_m2_2,2,73,1
train_n75_m2_2,2,71,0
train_n75_m2_2,3,12,1
train_n75_m2_2,3,10,0
train_n75_m2_2,3,21,0
train_n75_m2_2,3,54,0
train_n75_m2_2,4,59,1
train_n75_m2_2,4,49,0
train_n75_m2_2,4,19,0
train_n75_m2_2,4,20,0
train_n75_m2_2,5,18,1
train_n75_m2_2,5,71,0
train_n75_m2_2,5,32,0
train_n75_m2_2,6,0,1
train_n75_m2_2,7,31,1
train_n75_m2_2,7,15,0
train_n75_m2_2,7,74,0
train_n75_m2_2,7,24,0
train_n75_m2_2,7,59,0
train_n75_m2_2,8,37,0
train_n75_m2_2,8,57,1
train_n75_m2_2,9,21,1
train_n75_m2_2,9,26,0
train_n75_m2_2,10,3,1
train_n75_m2_2,10,41,0
train_n75_m2_2,10,54,0
train_n75_m2_2,10,25,0
train_n75_m2_2,11,33,1
train_n75_m2_2,12,41,1
train_n75_m2_2,13,14,1
train_n75_m2_2,13,49,0
train_n75_m2_2,13,68,0
train_n75_m2_2,14,45,1
train_n75_m2_2,14,19,0
train_n75_m2_2,14,49,0
train_n75_m2_2,14,58,0
train_n75_m2_2,14,17,0
train_n75_m2_2,15,48,1
train_n75_m2_2,15,36,0
train_n75_m2_2,15,44,0
train_n75_m2_2,15,63,0
train_n75_m2_2,15,49,0
train_n75_m2_2,16,44,1
train_n75_m2_2,16,31,0
train_n75_m2_2,16,47,0
train_n75_m2_2,17,40,0
train_n75_m2_2,17,58,1
train_n75_m2_2,18,69,1
train_n75_m2_2,18,73,0
train_n75_m2_2,18,71,0
train_n75_m2_2,18,70,0
train_n75_m2_2,18,42,0
train_n75_m2_2,19,61,1
train_n75_m2_2,19,14,0
train_n75_m2_2,20,68,1
train_n75_m2_2,21,43,1
train_n75_m2_2,21,12,0
train_n75_m2_2,22,60,1
train_n75_m2_2,23,9,1
train_n75_m2_2,23,71,0
train_n75_m2_2,23,21,0
train_n75_m2_2,23,26,0
train_n75_m2_2,23,60,0
train_n75_m2_2,24,74,0
train_n75_m2_2,24,63,0
train_n75_m2_2,24,6,1
train_n75_m2_2,24,66,0
train_n75_m2_2,24,0,0
train_n75_m2_2,24,29,0
train_n75_m2_2,25,51,1
train_n75_m2_2,26,32,1
train_n75_m2_2,26,71,0
train_n75_m2_2,26,9,0
train_n75_m2_2,26,18,0
train_n75_m2_2,26,54,0
train_n75_m2_2,26,42,0
train_n75_m2_2,27,75,1
train_n75_m2_2,28,30,0
train_n75_m2_2,28,55,1
train_n75_m2_2,29,0,1
train_n75_m2_2,29,42,0
train_n75_m2_2,29,70,0
train_n75_m2_2,30,28,1
train_n75_m2_2,31,35,0
train_n75_m2_2,31,15,1
train_n75_m2_2,32,71,0
train_n75_m2_2,32,23,1
train_n75_m2_2,33,52,1
train_n75_m2_2,33,16,0
train_n75_m2_2,33,50,0
train_n75_m2_2,33,35,0
train_n75_m2_2,33,7,0
train_n75_m2_2,33,24,0
train_n75_m2_2,34,53,1
train_n75_m2_2,34,30,0
train_n75_m2_2,34,21,0
train_n75_m2_2,35,7,1
train_n75_m2_2,35,36,0
train_n75_m2_2,35,15,0
train_n75_m2_2,35,61,0
train_n75_m2_2,36,35,1
train_n75_m2_2,36,74,0
train_n75_m2_2,36,24,0
train_n75_m2_2,37,22,1
train_n75_m2_2,37,20,0
train_n75_m2_2,38,66,1
train_n75_m2_2,39,46,1
train_n75_m2_2,39,1,0
train_n75_m2_2,39,51,0
train_n75_m2_2,39,3,0
train_n75_m2_2,40,17,1
train_n75_m2_2,40,13,0
train_n75_m2_2,41,25,1
train_n75_m2_2,41,43,0
train_n75_m2_2,41,10,0
train_n75_m2_2,41,9,0
train_n75_m2_2,41,30,0
train_n75_m2_2,41,53,0
train_n75_m2_2,42,70,1
train_n75_m2_2,42,8,0
train_n75_m2_2,42,0,0
train_n75_m2_2,42,43,0
train_n75_m2_2,43,21,0
train_n75_m2_2,43,3,0
train_n75_m2_2,43,54,1
train_n75_m2_2,43,51,0
train_n75_m2_2,44,47,1
train_n75_m2_2,44,7,0
train_n75_m2_2,45,64,1
train_n75_m2_2,46,34,1
train_n75_m2_2,47,50,1
train_n75_m2_2,47,11,0
train_n75_m2_2,47,33,0
train_n75_m2_2,47,48,0
train_n75_m2_2,47,7,0
train_n75_m2_2,47,35,0
train_n75_m2_2,48,74,1
train_n75_m2_2,48,16,0
train_n75_m2_2,48,36,0
train_n75_m2_2,48,7,0
train_n75_m2_2,48,52,0
train_n75_m2_2,48,63,0
train_n75_m2_2,48,33,0
train_n75_m2_2,49,19,1
train_n75_m2_2,49,14,0
train_n75_m2_2,49,74,0
train_n75_m2_2,49,24,0
train_n75_m2_2,49,15,0
train_n75_m2_2,50,47,0
train_n75_m2_2,50,27,1
train_n75_m2_2,50,33,0
train_n75_m2_2,51,1,1
train_n75_m2_2,51,26,0
train_n75_m2_2,52,44,0
train_n75_m2_2,52,36,1
train_n75_m2_2,52,11,0
train_n75_m2_2,53,30,1
train_n75_m2_2,53,55,0
train_n75_m2_2,53,10,0
train_n75_m2_2,54,42,1
train_n75_m2_2,54,70,0
train_n75_m2_2,54,10,0
train_n75_m2_2,55,67,1
train_n75_m2_2,55,30,0
train_n75_m2_2,55,0,0
train_n75_m2_2,56,63,1
train_n75_m2_2,56,24,0
train_n75_m2_2,56,59,0
train_n75_m2_2,56,49,0
train_n75_m2_2,57,2,1
train_n75_m2_2,57,73,0
train_n75_m2_2,57,8,0
train_n75_m2_2,57,60,0
train_n75_m2_2,58,20,1
train_n75_m2_2,58,68,0
train_n75_m2_2,58,14,0
train_n75_m2_2,58,4,0
train_n75_m2_2,58,61,0
train_n75_m2_2,58,22,0
train_n75_m2_2,59,49,1
train_n75_m2_2,59,14,0
train_n75_m2_2,60,29,1
train_n75_m2_2,61,13,1
train_n75_m2_2,61,68,0
train_n75_m2_2,62,39,1
train_n75_m2_2,62,30,0
train_n75_m2_2,63,4,1
train_n75_m2_2,63,49,0
train_n75_m2_2,63,0,0
train_n75_m2_2,63,61,0
train_n75_m2_2,64,40,1
train_n75_m2_2,64,4,0
train_n75_m2_2,64,31,0
train_n75_m2_2,65,71,0
train_n75_m2_2,65,26,1
train_n75_m2_2,65,73,0
train_n75_m2_2,65,70,0
train_n75_m2_2,66,72,0
train_n75_m2_2,66,27,0
train_n75_m2_2,66,16,1
train_n75_m2_2,66,29,0
train_n75_m2_2,67,38,1
train_n75_m2_2,67,30,0
train_n75_m2_2,68,20,0
train_n75_m2_2,68,59,0
train_n75_m2_2,68,8,1
train_n75_m2_2,68,60,0
train_n75_m2_2,69,57,0
train_n75_m2_2,69,71,1
train_n75_m2_2,70,37,1
train_n75_m2_2,71,65,1
train_n75_m2_2,71,2,0
train_n75_m2_2,72,29,0
train_n75_m2_2,72,10,1
train_n75_m2_2,72,3,0
train_n75_m2_2,72,54,0
train_n75_m2_2,73,18,0
train_n75_m2_2,73,5,1
train_n75_m2_2,74,24,1
train_n75_m2_2,74,48,0
train_n75_m2_2,74,59,0
train_n75_m2_2,74,49,0
train_n75_m2_2,75,11,1
train_n75_m2_2,75,33,0
train_n75_m2_2,75,38,0
train_n75_m2_3,0,29,0
train_n75_m2_3,0,39,1
train_n75_m2_3,0,65,1
train_n75_m2_3,0,64,0
train_n75_m2_3,0,57,0
train_n75_m2_3,1,29,1
train_n75_m2_3,1,39,0
train_n75_m2_3,1,65,0
train_n75_m2_3,1,52,0
train_n75_m2_3,2,61,1
train_n75_m2_3,2,38,0
train_n75_m2_3,2,22,0
train_n75_m2_3,2,15,0
train_n75_m2_3,3,22,0
train_n75_m2_3,3,38,1
train_n75_m2_3,4,31,1
train_n75_m2_3,4,62,0
train_n75_m2_3,4,75,0
train_n75_m2_3,4,33,0
train_n75_m2_3,4,12,0
train_n75_m2_3,4,51,0
train_n75_m2_3,5,52,0
train_n75_m2_3,5,64,1
train_n75_m2_3,6,44,1
train_n75_m2_3,6,28,0
train_n75_m2_3,6,30,0
train_n75_m2_3,6,19,0
train_n75_m2_3,6,41,0
train_n75_m2_3,7,0,1
train_n75_m2_3,8,69,1
train_n75_m2_3,8,24,0
train_n75_m2_3,9,12,1
train_n75_m2_3,10,72,1
train_n75_m2_3,10,2,0
train_n75_m2_3,10,38,0
train_n75_m2_3,10,53,0
train_n75_m2_3,11,24,1
train_n75_m2_3,11,36,0
train_n75_m2_3,12,73,1
train_n75_m2_3,12,27,0
train_n75_m2_3,12,31,0
train_n75_m2_3,12,62,0
train_n75_m2_3,13,8,1
train_n75_m2_3,14,35,1
train_n75_m2_3,14,13,0
train_n75_m2_3,14,47,0
train_n75_m2_3,15,32,1
train_n75_m2_3,16,59,1
train_n75_m2_3,16,7,0
train_n75_m2_3,16,68,0
train_n75_m2_3,17,5,0
train_n75_m2_3,17,66,1
train_n75_m2_3,17,64,0
train_n75_m2_3,18,26,1
train_n75_m2_3,18,17,0
train_n75_m2_3,18,39,0
train_n75_m2_3,18,66,0
train_n75_m2_3,18,0,0
train_n75_m2_3,19,41,1
train_n75_m2_3,20,11,1
train_n75_m2_3,20,36,0
train_n75_m2_3,20,7,0
train_n75_m2_3,20,0,0
train_n75_m2_3,21,15,1
train_n75_m2_3,21,17,0
train_n75_m2_3,22,3,1
train_n75_m2_3,22,10,0
train_n75_m2_3,22,26,0
train_n75_m2_3,23,71,1
train_n75_m2_3,23,72,0
train_n75_m2_3,24,63,0
train_n75_m2_3,24,70,0
train_n75_m2_3,24,57,1
train_n75_m2_3,24,29,0
train_n75_m2_3,25,35,0
train_n75_m2_3,25,42,1
train_n75_m2_3,26,17,1
train_n75_m2_3,26,5,0
train_n75_m2_3,27,75,1
train_n75_m2_3,27,42,0
train_n75_m2_3,28,37,1
train_n75_m2_3,29,0,1
train_n75_m2_3,29,39,0
train_n75_m2_3,30,21,1
train_n75_m2_3,30,6,0
train_n75_m2_3,31,43,0
train_n75_m2_3,31,27,1
train_n75_m2_3,31,48,0
train_n75_m2_3,31,12,0
train_n75_m2_3,31,41,0
train_n75_m2_3,32,49,1
train_n75_m2_3,32,51,0
train_n75_m2_3,33,43,1
train_n75_m2_3,33,25,0
train_n75_m2_3,33,12,0
train_n75_m2_3,34,50,0
train_n75_m2_3,34,7,1
train_n75_m2_3,35,56,1
train_n75_m2_3,35,69,0
train_n75_m2_3,35,8,0
train_n75_m2_3,35,62,0
train_n75_m2_3,36,63,1
train_n75_m2_3,36,20,0
train_n75_m2_3,36,59,0
train_n75_m2_3,36,50,0
train_n75_m2_3,37,15,0
train_n75_m2_3,37,30,1
train_n75_m2_3,37,44,0
train_n75_m2_3,37,49,0
train_n75_m2_3,38,10,1
train_n75_m2_3,38,71,0
train_n75_m2_3,38,17,0
train_n75_m2_3,39,0,0
train_n75_m2_3,39,1,0
train_n75_m2_3,39,53,0
train_n75_m2_3,39,52,0
train_n75_m2_3,40,32,0
train_n75_m2_3,40,15,0
train_n75_m2_3,40,51,1
train_n75_m2_3,40,28,0
train_n75_m2_3,41,40,1
train_n75_m2_3,41,15,0
train_n75_m2_3,42,68,1
train_n75_m2_3,42,13,0
train_n75_m2_3,42,12,0
train_n75_m2_3,42,70,0
train_n75_m2_3,43,62,1
train_n75_m2_3,43,31,0
train_n75_m2_3,44,74,1
train_n75_m2_3,44,40,0
train_n75_m2_3,44,15,0
train_n75_m2_3,45,46,1
train_n75_m2_3,45,34,0
train_n75_m2_3,46,22,1
train_n75_m2_3,46,1,0
train_n75_m2_3,46,2,0
train_n75_m2_3,47,36,1
train_n75_m2_3,47,63,0
train_n75_m2_3,47,11,0
train_n75_m2_3,47,59,0
train_n75_m2_3,48,9,1
train_n75_m2_3,48,56,0
train_n75_m2_3,48,55,0
train_n75_m2_3,49,6,1
train_n75_m2_3,50,34,1
train_n75_m2_3,50,59,0
train_n75_m2_3,51,5,1
train_n75_m2_3,51,66,0
train_n75_m2_3,51,49,0
train_n75_m2_3,51,26,0
train_n75_m2_3,52,58,1
train_n75_m2_3,52,17,0
train_n75_m2_3,52,18,0
train_n75_m2_3,52,0,0
train_n75_m2_3,53,18,1
train_n75_m2_3,53,29,0
train_n75_m2_3,54,58,0
train_n75_m2_3,54,65,0
train_n75_m2_3,54,70,1
train_n75_m2_3,55,4,1
train_n75_m2_3,55,48,0
train_n75_m2_3,55,41,0
train_n75_m2_3,56,33,1
train_n75_m2_3,56,62,0
train_n75_m2_3,56,12,0
train_n75_m2_3,56,27,0
train_n75_m2_3,57,34,0
train_n75_m2_3,57,50,1
train_n75_m2_3,57,63,0
train_n75_m2_3,57,45,0
train_n75_m2_3,57,36,0
train_n75_m2_3,57,29,0
train_n75_m2_3,58,54,1
train_n75_m2_3,58,64,0
train_n75_m2_3,58,29,0
train_n75_m2_3,58,39,0
train_n75_m2_3,59,20,1
train_n75_m2_3,59,11,0
train_n75_m2_3,60,19,1
train_n75_m2_3,61,53,1
train_n75_m2_3,61,71,0
train_n75_m2_3,61,3,0
train_n75_m2_3,62,4,0
train_n75_m2_3,62,55,1
train_n75_m2_3,62,25,0
train_n75_m2_3,63,16,1
train_n75_m2_3,63,34,0
train_n75_m2_3,64,1,1
train_n75_m2_3,64,29,0
train_n75_m2_3,65,52,1
train_n75_m2_3,65,58,0
train_n75_m2_3,65,18,0
train_n75_m2_3,66,28,1
train_n75_m2_3,66,2,0
train_n75_m2_3,67,69,0
train_n75_m2_3,67,47,1
train_n75_m2_3,67,36,0
train_n75_m2_3,67,24,0
train_n75_m2_3,67,11,0
train_n75_m2_3,68,67,1
train_n75_m2_3,68,54,0
train_n75_m2_3,68,63,0
train_n75_m2_3,69,14,1
train_n75_m2_3,69,68,0
train_n75_m2_3,69,33,0
train_n75_m2_3,70,13,1
train_n75_m2_3,70,24,0
train_n75_m2_3,70,36,0
train_n75_m2_3,70,47,0
train_n75_m2_3,70,67,0
train_n75_m2_3,70,54,0
train_n75_m2_3,70,0,0
train_n75_m2_3,71,2,1
train_n75_m2_3,71,38,0
train_n75_m2_3,71,21,0
train_n75_m2_3,72,10,0
train_n75_m2_3,72,23,1
train_n75_m2_3,72,53,0
train_n75_m2_3,72,30,0
train_n75_m2_3,73,12,0
train_n75_m2_3,73,25,1
train_n75_m2_3,73,31,0
train_n75_m2_3,74,6,0
train_n75_m2_3,74,60,1
train_n75_m2_3,74,30,0
train_n75_m2_3,74,28,0
train_n75_m2_3,74,51,0
train_n75_m2_3,75,48,1
train_n75_m2_3,75,62,0
train_n75_m2_3,75,73,0
train_n75_m2_4,0,30,1
train_n75_m2_4,0,60,1
train_n75_m2_4,0,53,0
train_n75_m2_4,0,62,0
train_n75_m2_4,0,44,0
train_n75_m2_4,1,25,1
train_n75_m2_4,1,18,0
train_n75_m2_4,1,24,0
train_n75_m2_4,1,32,0
train_n75_m2_4,1,44,0
train_n75_m2_4,2,20,0
train_n75_m2_4,2,59,1
train_n75_m2_4,3,0,1
train_n75_m2_4,3,30,0
train_n75_m2_4,4,67,1
train_n75_m2_4,4,70,0
train_n75_m2_4,5,48,1
train_n75_m2_4,5,27,0
train_n75_m2_4,6,7,0
train_n75_m2_4,6,2,0
train_n75_m2_4,6,10,1
train_n75_m2_4,7,6,1
train_n75_m2_4,7,46,0
train_n75_m2_4,7,9,0
train_n75_m2_4,7,67,0
train_n75_m2_4,7,51,0
train_n75_m2_4,8,66,1
train_n75_m2_4,8,33,0
train_n75_m2_4,8,34,0
train_n75_m2_4,9,58,1
train_n75_m2_4,9,71,0
train_n75_m2_4,10,27,1
train_n75_m2_4,10,7,0
train_n75_m2_4,10,22,0
train_n75_m2_4,11,64,0
train_n75_m2_4,11,16,1
train_n75_m2_4,11,26,0
train_n75_m2_4,12,41,1
train_n75_m2_4,12,21,0
train_n75_m2_4,12,14,0
train_n75_m2_4,13,24,1
train_n75_m2_4,13,11,0
train_n75_m2_4,13,30,0
train_n75_m2_4,13,14,0
train_n75_m2_4,14,38,0
train_n75_m2_4,14,75,0
train_n75_m2_4,14,69,1
train_n75_m2_4,15,57,1
train_n75_m2_4,15,48,0
train_n75_m2_4,15,49,0
train_n75_m2_4,15,68,0
train_n75_m2_4,15,36,0
train_n75_m2_4,16,28,1
train_n75_m2_4,16,1,0
train_n75_m2_4,17,63,1
train_n75_m2_4,17,41,0
train_n75_m2_4,18,11,1
train_n75_m2_4,18,25,0
train_n75_m2_4,18,63,0
train_n75_m2_4,19,47,1
train_n75_m2_4,19,42,0
train_n75_m2_4,20,70,1
train_n75_m2_4,21,38,1
train_n75_m2_4,21,63,0
train_n75_m2_4,21,33,0
train_n75_m2_4,22,32,1
train_n75_m2_4,22,68,0
train_n75_m2_4,22,58,0
train_n75_m2_4,22,57,0
train_n75_m2_4,23,37,1
train_n75_m2_4,24,44,1
train_n75_m2_4,24,16,0
train_n75_m2_4,24,30,0
train_n75_m2_4,24,9,0
train_n75_m2_4,25,64,1
train_n75_m2_4,25,13,0
train_n75_m2_4,26,17,1
train_n75_m2_4,26,11,0
train_n75_m2_4,27,68,1
train_n75_m2_4,27,15,0
train_n75_m2_4,27,65,0
train_n75_m2_4,27,6,0
train_n75_m2_4,28,14,1
train_n75_m2_4,28,17,0
train_n75_m2_4,29,61,1
train_n75_m2_4,29,54,0
train_n75_m2_4,30,3,0
train_n75_m2_4,30,13,1
train_n75_m2_4,30,24,0
train_n75_m2_4,31,48,0
train_n75_m2_4,31,36,0
train_n75_m2_4,31,54,1
train_n75_m2_4,31,49,0
train_n75_m2_4,32,9,1
train_n75_m2_4,33,3,1
train_n75_m2_4,34,56,1
train_n75_m2_4,34,62,0
train_n75_m2_4,34,73,0
train_n75_m2_4,35,8,1
train_n75_m2_4,35,41,0
train_n75_m2_4,35,73,0
train_n75_m2_4,36,52,1
train_n75_m2_4,36,27,0
train_n75_m2_4,37,29,1
train_n75_m2_4,37,4,0
train_n75_m2_4,37,2,0
train_n75_m2_4,38,12,1
train_n75_m2_4,38,75,0
train_n75_m2_4,38,33,0
train_n75_m2_4,38,21,0
train_n75_m2_4,39,45,1
train_n75_m2_4,40,55,1
train_n75_m2_4,40,22,0
train_n75_m2_4,40,46,0
train_n75_m2_4,40,18,0
train_n75_m2_4,41,75,1
train_n75_m2_4,41,38,0
train_n75_m2_4,41,0,0
train_n75_m2_4,42,34,1
train_n75_m2_4,42,8,0
train_n75_m2_4,43,66,0
train_n75_m2_4,43,35,1
train_n75_m2_4,44,71,1
train_n75_m2_4,44,13,0
train_n75_m2_4,44,51,0
train_n75_m2_4,45,66,0
train_n75_m2_4,45,42,1
train_n75_m2_4,45,19,0
train_n75_m2_4,45,56,0
train_n75_m2_4,45,43,0
train_n75_m2_4,45,50,0
train_n75_m2_4,45,60,0
train_n75_m2_4,46,24,0
train_n75_m2_4,46,53,1
train_n75_m2_4,47,42,0
train_n75_m2_4,47,70,0
train_n75_m2_4,47,20,1
train_n75_m2_4,47,62,0
train_n75_m2_4,47,50,0
train_n75_m2_4,47,45,0
train_n75_m2_4,48,15,1
train_n75_m2_4,48,10,0
train_n75_m2_4,48,68,0
train_n75_m2_4,49,4,1
train_n75_m2_4,50,73,1
train_n75_m2_4,50,0,0
train_n75_m2_4,51,0,1
train_n75_m2_4,51,73,0
train_n75_m2_4,51,4,0
train_n75_m2_4,51,3,0
train_n75_m2_4,51,46,0
train_n75_m2_4,52,36,0
train_n75_m2_4,52,65,1
train_n75_m2_4,52,48,0
train_n75_m2_4,52,10,0
train_n75_m2_4,53,7,1
train_n75_m2_4,53,20,0
train_n75_m2_4,54,36,1
train_n75_m2_4,54,29,0
train_n75_m2_4,54,10,0
train_n75_m2_4,55,1,1
train_n75_m2_4,55,58,0
train_n75_m2_4,56,19,1
train_n75_m2_4,56,70,0
train_n75_m2_4,56,20,0
train_n75_m2_4,57,48,0
train_n75_m2_4,57,31,0
train_n75_m2_4,57,49,1
train_n75_m2_4,57,37,0
train_n75_m2_4,58,74,1
train_n75_m2_4,58,68,0
train_n75_m2_4,58,32,0
train_n75_m2_4,58,22,0
train_n75_m2_4,58,51,0
train_n75_m2_4,58,10,0
train_n75_m2_4,59,62,1
train_n75_m2_4,59,73,0
train_n75_m2_4,59,4,0
train_n75_m2_4,59,60,0
train_n75_m2_4,60,50,0
train_n75_m2_4,60,59,0
train_n75_m2_4,60,42,0
train_n75_m2_4,60,43,1
train_n75_m2_4,61,49,0
train_n75_m2_4,61,37,0
train_n75_m2_4,61,31,1
train_n75_m2_4,62,50,1
train_n75_m2_4,62,51,0
train_n75_m2_4,63,21,1
train_n75_m2_4,63,69,0
train_n75_m2_4,63,75,0
train_n75_m2_4,64,18,1
train_n75_m2_4,64,24,0
train_n75_m2_4,64,69,0
train_n75_m2_4,64,26,0
train_n75_m2_4,65,5,1
train_n75_m2_4,65,54,0
train_n75_m2_4,65,37,0
train_n75_m2_4,66,72,1
train_n75_m2_4,67,2,1
train_n75_m2_4,67,73,0
train_n75_m2_4,67,70,0
train_n75_m2_4,68,27,0
train_n75_m2_4,68,9,0
train_n75_m2_4,68,22,1
train_n75_m2_4,68,5,0
train_n75_m2_4,69,26,1
train_n75_m2_4,69,63,0
train_n75_m2_4,69,21,0
train_n75_m2_4,69,30,0
train_n75_m2_4,70,37,0
train_n75_m2_4,70,23,1
train_n75_m2_4,70,19,0
train_n75_m2_4,70,2,0
train_n75_m2_4,70,61,0
train_n75_m2_4,71,24,0
train_n75_m2_4,71,46,1
train_n75_m2_4,71,9,0
train_n75_m2_4,72,39,1
train_n75_m2_4,72,56,0
train_n75_m2_4,72,62,0
train_n75_m2_4,72,60,0
train_n75_m2_4,73,50,0
train_n75_m2_4,73,51,1
train_n75_m2_4,73,0,0
train_n75_m2_4,74,24,0
train_n75_m2_4,74,58,0
train_n75_m2_4,74,55,0
train_n75_m2_4,74,22,0
train_n75_m2_4,74,40,1
train_n75_m2_4,75,33,1
train_n75_m2_5,0,55,1
train_n75_m2_5,0,31,1
train_n75_m2_5,0,74,0
train_n75_m2_5,0,64,0
train_n75_m2_5,1,66,1
train_n75_m2_5,1,38,0
train_n75_m2_5,1,12,0
train_n75_m2_5,1,35,0
train_n75_m2_5,1,40,0
train_n75_m2_5,1,41,0
train_n75_m2_5,2,58,0
train_n75_m2_5,2,22,1
train_n75_m2_5,2,1,0
train_n75_m2_5,2,57,0
train_n75_m2_5,3,74,1
train_n75_m2_5,3,14,0
train_n75_m2_5,4,73,1
train_n75_m2_5,4,49,0
train_n75_m2_5,5,26,0
train_n75_m2_5,5,25,1
train_n75_m2_5,5,29,0
train_n75_m2_5,5,39,0
train_n75_m2_5,6,68,0
train_n75_m2_5,6,53,1
train_n75_m2_5,6,14,0
train_n75_m2_5,6,36,0
train_n75_m2_5,7,69,1
train_n75_m2_5,7,15,0
train_n75_m2_5,7,31,0
train_n75_m2_5,8,72,1
train_n75_m2_5,8,26,0
train_n75_m2_5,8,37,0
train_n75_m2_5,8,21,0
train_n75_m2_5,9,59,1
train_n75_m2_5,9,70,0
train_n75_m2_5,10,41,0
train_n75_m2_5,10,71,1
train_n75_m2_5,10,63,0
train_n75_m2_5,10,44,0
train_n75_m2_5,11,51,1
train_n75_m2_5,11,38,0
train_n75_m2_5,11,41,0
train_n75_m2_5,12,9,0
train_n75_m2_5,12,35,0
train_n75_m2_5,12,1,0
train_n75_m2_5,12,11,1
train_n75_m2_5,13,28,0
train_n75_m2_5,13,19,1
train_n75_m2_5,13,30,0
train_n75_m2_5,13,23,0
train_n75_m2_5,14,68,1
train_n75_m2_5,14,36,0
train_n75_m2_5,14,24,0
train_n75_m2_5,14,17,0
train_n75_m2_5,15,52,1
train_n75_m2_5,15,4,0
train_n75_m2_5,15,16,0
train_n75_m2_5,15,73,0
train_n75_m2_5,15,27,0
train_n75_m2_5,16,60,0
train_n75_m2_5,16,4,1
train_n75_m2_5,16,69,0
train_n75_m2_5,17,34,1
train_n75_m2_5,17,24,0
train_n75_m2_5,17,6,0
train_n75_m2_5,17,19,0
train_n75_m2_5,18,62,1
train_n75_m2_5,19,30,1
train_n75_m2_5,19,28,0
train_n75_m2_5,19,24,0
train_n75_m2_5,20,75,1
train_n75_m2_5,20,57,0
train_n75_m2_5,20,8,0
train_n75_m2_5,20,23,0
train_n75_m2_5,21,45,1
train_n75_m2_5,21,29,0
train_n75_m2_5,21,25,0
train_n75_m2_5,21,23,0
train_n75_m2_5,22,42,1
train_n75_m2_5,23,29,1
train_n75_m2_5,23,30,0
train_n75_m2_5,24,50,1
train_n75_m2_5,24,56,0
train_n75_m2_5,24,6,0
train_n75_m2_5,25,8,0
train_n75_m2_5,25,65,1
train_n75_m2_5,25,3,0
train_n75_m2_5,25,55,0
train_n75_m2_5,25,30,0
train_n75_m2_5,26,5,1
train_n75_m2_5,26,55,0
train_n75_m2_5,26,57,0
train_n75_m2_5,27,10,1
train_n75_m2_5,27,30,0
train_n75_m2_5,28,13,1
train_n75_m2_5,29,8,1
train_n75_m2_5,29,26,0
train_n75_m2_5,29,25,0
train_n75_m2_5,29,21,0
train_n75_m2_5,30,0,1
train_n75_m2_5,31,17,1
train_n75_m2_5,31,73,0
train_n75_m2_5,32,67,1
train_n75_m2_5,33,54,1
train_n75_m2_5,33,75,0
train_n75_m2_5,34,73,0
train_n75_m2_5,34,7,1
train_n75_m2_5,34,19,0
train_n75_m2_5,34,6,0
train_n75_m2_5,35,43,1
train_n75_m2_5,35,59,0
train_n75_m2_5,36,64,0
train_n75_m2_5,36,18,1
train_n75_m2_5,36,31,0
train_n75_m2_5,37,21,1
train_n75_m2_5,37,25,0
train_n75_m2_5,38,12,1
train_n75_m2_5,38,51,0
train_n75_m2_5,39,37,1
train_n75_m2_5,39,72,0
train_n75_m2_5,39,45,0
train_n75_m2_5,39,75,0
train_n75_m2_5,39,20,0
train_n75_m2_5,40,2,0
train_n75_m2_5,40,58,1
train_n75_m2_5,40,59,0
train_n75_m2_5,40,9,0
train_n75_m2_5,41,46,1
train_n75_m2_5,41,43,0
train_n75_m2_5,42,33,1
train_n75_m2_5,42,29,0
train_n75_m2_5,42,46,0
train_n75_m2_5,43,38,1
train_n75_m2_5,43,35,0
train_n75_m2_5,43,59,0
train_n75_m2_5,43,48,0
train_n75_m2_5,44,35,1
train_n75_m2_5,44,9,0
train_n75_m2_5,44,12,0
train_n75_m2_5,45,21,0
train_n75_m2_5,45,29,0
train_n75_m2_5,45,26,1
train_n75_m2_5,45,55,0
train_n75_m2_5,46,28,1
train_n75_m2_5,46,49,0
train_n75_m2_5,46,27,0
train_n75_m2_5,47,15,1
train_n75_m2_5,47,7,0
train_n75_m2_5,47,53,0
train_n75_m2_5,48,44,1
train_n75_m2_5,48,10,0
train_n75_m2_5,49,27,1
train_n75_m2_5,49,31,0
train_n75_m2_5,50,0,1
train_n75_m2_5,50,17,0
train_n75_m2_5,51,1,1
train_n75_m2_5,52,15,0
train_n75_m2_5,52,60,1
train_n75_m2_5,52,73,0
train_n75_m2_5,52,71,0
train_n75_m2_5,53,56,1
train_n75_m2_5,53,31,0
train_n75_m2_5,53,50,0
train_n75_m2_5,54,61,1
train_n75_m2_5,54,42,0
train_n75_m2_5,54,32,0
train_n75_m2_5,54,21,0
train_n75_m2_5,54,8,0
train_n75_m2_5,55,28,0
train_n75_m2_5,55,23,1
train_n75_m2_5,56,24,1
train_n75_m2_5,56,34,0
train_n75_m2_5,56,62,0
train_n75_m2_5,57,20,1
train_n75_m2_5,57,32,0
train_n75_m2_5,58,2,1
train_n75_m2_5,58,40,0
train_n75_m2_5,58,70,0
train_n75_m2_5,58,1,0
train_n75_m2_5,58,66,0
train_n75_m2_5,58,51,0
train_n75_m2_5,58,33,0
train_n75_m2_5,59,44,0
train_n75_m2_5,59,63,1
train_n75_m2_5,59,1,0
train_n75_m2_5,59,48,0
train_n75_m2_5,60,16,1
train_n75_m2_5,60,35,0
train_n75_m2_5,61,39,1
train_n75_m2_5,61,72,0
train_n75_m2_5,61,29,0
train_n75_m2_5,62,14,1
train_n75_m2_5,62,65,0
train_n75_m2_5,63,41,1
train_n75_m2_5,63,35,0
train_n75_m2_5,63,10,0
train_n75_m2_5,63,38,0
train_n75_m2_5,64,36,1
train_n75_m2_5,64,50,0
train_n75_m2_5,65,3,1
train_n75_m2_5,65,0,0
train_n75_m2_5,65,64,0
train_n75_m2_5,65,74,0
train_n75_m2_5,65,26,0
train_n75_m2_5,66,9,1
train_n75_m2_5,66,12,0
train_n75_m2_5,67,70,1
train_n75_m2_5,68,6,1
train_n75_m2_5,68,24,0
train_n75_m2_5,69,47,1
train_n75_m2_5,69,31,0
train_n75_m2_5,70,40,1
train_n75_m2_5,70,42,0
train_n75_m2_5,70,58,0
train_n75_m2_5,71,35,0
train_n75_m2_5,71,41,0
train_n75_m2_5,71,48,1
train_n75_m2_5,71,46,0
train_n75_m2_5,72,5,0
train_n75_m2_5,72,57,1
train_n75_m2_5,72,25,0
train_n75_m2_5,72,55,0
train_n75_m2_5,73,69,0
train_n75_m2_5,73,49,1
train_n75_m2_5,73,4,0
train_n75_m2_5,74,64,1
train_n75_m2_5,74,36,0
train_n75_m2_5,74,68,0
train_n75_m2_5,74,31,0
train_n75_m2_5,75,32,1
train_n75_m2_5,75,13,0
train_n75_m2_6,0,2,0
train_n75_m2_6,0,74,1
train_n75_m2_6,0,16,1
train_n75_m2_6,0,21,0
train_n75_m2_6,1,50,1
train_n75_m2_6,2,24,1
train_n75_m2_6,2,50,0
train_n75_m2_6,2,47,0
train_n75_m2_6,2,74,0
train_n75_m2_6,3,60,1
train_n75_m2_6,3,14,0
train_n75_m2_6,3,67,0
train_n75_m2_6,3,49,0
train_n75_m2_6,3,13,0
train_n75_m2_6,4,58,1
train_n75_m2_6,4,49,0
train_n75_m2_6,4,6,0
train_n75_m2_6,4,19,0
train_n75_m2_6,5,69,1
train_n75_m2_6,6,19,1
train_n75_m2_6,7,54,1
train_n75_m2_6,7,19,0
train_n75_m2_6,7,3,0
train_n75_m2_6,8,47,1
train_n75_m2_6,8,26,0
train_n75_m2_6,8,53,0
train_n75_m2_6,8,71,0
train_n75_m2_6,8,56,0
train_n75_m2_6,9,59,1
train_n75_m2_6,9,73,0
train_n75_m2_6,9,3,0
train_n75_m2_6,9,52,0
train_n75_m2_6,9,62,0
train_n75_m2_6,10,8,1
train_n75_m2_6,10,32,0
train_n75_m2_6,11,43,1
train_n75_m2_6,11,23,0
train_n75_m2_6,11,66,0
train_n75_m2_6,12,52,0
train_n75_m2_6,12,55,1
train_n75_m2_6,12,13,0
train_n75_m2_6,12,73,0
train_n75_m2_6,13,58,0
train_n75_m2_6,13,6,1
train_n75_m2_6,14,13,1
train_n75_m2_6,14,20,0
train_n75_m2_6,14,6,0
train_n75_m2_6,14,49,0
train_n75_m2_6,15,51,1
train_n75_m2_6,15,71,0
train_n75_m2_6,16,64,1
train_n75_m2_6,16,27,0
train_n75_m2_6,17,7,1
train_n75_m2_6,17,23,0
train_n75_m2_6,18,27,1
train_n75_m2_6,18,74,0
train_n75_m2_6,19,3,1
train_n75_m2_6,19,72,0
train_n75_m2_6,20,62,1
train_n75_m2_6,21,5,0
train_n75_m2_6,21,31,1
train_n75_m2_6,21,18,0
train_n75_m2_6,21,65,0
train_n75_m2_6,22,42,0
train_n75_m2_6,22,33,1
train_n75_m2_6,23,54,0
train_n75_m2_6,23,37,0
train_n75_m2_6,23,11,1
train_n75_m2_6,23,48,0
train_n75_m2_6,24,69,0
train_n75_m2_6,24,0,1
train_n75_m2_6,25,53,1
train_n75_m2_6,25,8,0
train_n75_m2_6,25,29,0
train_n75_m2_6,26,10,1
train_n75_m2_6,26,34,0
train_n75_m2_6,26,44,0
train_n75_m2_6,26,19,0
train_n75_m2_6,27,0,1
train_n75_m2_6,27,2,0
train_n75_m2_6,27,47,0
train_n75_m2_6,28,43,0
train_n75_m2_6,28,11,0
train_n75_m2_6,28,70,1
train_n75_m2_6,28,36,0
train_n75_m2_6,28,42,0
train_n75_m2_6,29,44,0
train_n75_m2_6,29,57,1
train_n75_m2_6,30,48,1
train_n75_m2_6,30,13,0
train_n75_m2_6,31,21,0
train_n75_m2_6,31,42,1
train_n75_m2_6,32,60,0
train_n75_m2_6,32,61,1
train_n75_m2_6,32,75,0
train_n75_m2_6,33,66,1
train_n75_m2_6,33,42,0
train_n75_m2_6,34,44,1
train_n75_m2_6,35,36,1
train_n75_m2_6,35,42,0
train_n75_m2_6,36,40,1
train_n75_m2_6,36,68,0
train_n75_m2_6,36,66,0
train_n75_m2_6,36,35,0
train_n75_m2_6,36,22,0
train_n75_m2_6,37,48,0
train_n75_m2_6,37,72,1
train_n75_m2_6,37,23,0
train_n75_m2_6,38,34,1
train_n75_m2_6,38,44,0
train_n75_m2_6,38,71,0
train_n75_m2_6,39,15,1
train_n75_m2_6,39,51,0
train_n75_m2_6,39,8,0
train_n75_m2_6,40,68,0
train_n75_m2_6,40,66,0
train_n75_m2_6,40,30,1
train_n75_m2_6,41,18,1
train_n75_m2_6,41,27,0
train_n75_m2_6,41,65,0
train_n75_m2_6,42,22,1
train_n75_m2_6,42,31,0
train_n75_m2_6,42,46,0
train_n75_m2_6,42,11,0
train_n75_m2_6,43,68,1
train_n75_m2_6,43,54,0
train_n75_m2_6,44,75,1
train_n75_m2_6,44,71,0
train_n75_m2_6,44,53,0
train_n75_m2_6,44,15,0
train_n75_m2_6,45,25,1
train_n75_m2_6,45,50,0
train_n75_m2_6,46,22,0
train_n75_m2_6,46,35,1
train_n75_m2_6,46,11,0
train_n75_m2_6,47,41,1
train_n75_m2_6,47,2,0
train_n75_m2_6,47,5,0
train_n75_m2_6,48,37,1
train_n75_m2_6,48,62,0
train_n75_m2_6,49,12,1
train_n75_m2_6,49,32,0
train_n75_m2_6,50,2,1
train_n75_m2_6,50,24,0
train_n75_m2_6,50,34,0
train_n75_m2_6,50,56,0
train_n75_m2_6,51,9,1
train_n75_m2_6,52,20,1
train_n75_m2_6,52,49,0
train_n75_m2_6,52,14,0
train_n75_m2_6,52,58,0
train_n75_m2_6,52,4,0
train_n75_m2_6,52,19,0
train_n75_m2_6,53,38,1
train_n75_m2_6,53,47,0
train_n75_m2_6,54,23,1
train_n75_m2_6,54,6,0
train_n75_m2_6,54,10,0
train_n75_m2_6,55,4,1
train_n75_m2_6,55,20,0
train_n75_m2_6,56,45,1
train_n75_m2_6,56,47,0
train_n75_m2_6,57,39,1
train_n75_m2_6,57,38,0
train_n75_m2_6,58,52,1
train_n75_m2_6,58,6,0
train_n75_m2_6,58,48,0
train_n75_m2_6,59,73,1
train_n75_m2_6,59,49,0
train_n75_m2_6,59,62,0
train_n75_m2_6,60,17,0
train_n75_m2_6,60,26,1
train_n75_m2_6,60,54,0
train_n75_m2_6,60,6,0
train_n75_m2_6,60,23,0
train_n75_m2_6,60,61,0
train_n75_m2_6,61,10,0
train_n75_m2_6,61,29,1
train_n75_m2_6,61,59,0
train_n75_m2_6,62,14,1
train_n75_m2_6,62,49,0
train_n75_m2_6,62,73,0
train_n75_m2_6,63,70,0
train_n75_m2_6,63,5,1
train_n75_m2_6,63,21,0
train_n75_m2_6,64,21,1
train_n75_m2_6,64,24,0
train_n75_m2_6,64,18,0
train_n75_m2_6,64,41,0
train_n75_m2_6,65,50,0
train_n75_m2_6,65,1,1
train_n75_m2_6,65,41,0
train_n75_m2_6,66,46,1
train_n75_m2_6,66,63,0
train_n75_m2_6,67,17,1
train_n75_m2_6,67,19,0
train_n75_m2_6,67,37,0
train_n75_m2_6,68,28,1
train_n75_m2_6,68,46,0
train_n75_m2_6,68,36,0
train_n75_m2_6,68,40,0
train_n75_m2_6,68,1,0
train_n75_m2_6,69,2,0
train_n75_m2_6,69,24,0
train_n75_m2_6,69,65,1
train_n75_m2_6,69,18,0
train_n75_m2_6,69,41,0
train_n75_m2_6,69,0,0
train_n75_m2_6,70,63,1
train_n75_m2_6,70,42,0
train_n75_m2_6,70,68,0
train_n75_m2_6,70,66,0
train_n75_m2_6,71,32,1
train_n75_m2_6,71,26,0
train_n75_m2_6,71,17,0
train_n75_m2_6,71,54,0
train_n75_m2_6,72,67,1
train_n75_m2_6,72,17,0
train_n75_m2_6,72,3,0
train_n75_m2_6,72,14,0
train_n75_m2_6,72,26,0
train_n75_m2_6,73,9,0
train_n75_m2_6,73,49,1
train_n75_m2_6,73,3,0
train_n75_m2_6,73,52,0
train_n75_m2_6,74,56,1
train_n75_m2_6,74,0,0
train_n75_m2_6,74,2,0
train_n75_m2_6,75,71,1
train_n75_m2_6,75,60,0
train_n75_m2_6,75,47,0
train_n75_m2_7,0,67,0
train_n75_m2_7,0,9,1
train_n75_m2_7,0,35,0
train_n75_m2_7,0,13,1
train_n75_m2_7,0,45,0
train_n75_m2_7,0,39,0
train_n75_m2_7,1,50,1
train_n75_m2_7,1,32,0
train_n75_m2_7,1,29,0
train_n75_m2_7,2,4,0
train_n75_m2_7,2,39,1
train_n75_m2_7,3,58,1
train_n75_m2_7,3,71,0
train_n75_m2_7,3,66,0
train_n75_m2_7,3,14,0
train_n75_m2_7,4,62,1
train_n75_m2_7,4,57,0
train_n75_m2_7,4,2,0
train_n75_m2_7,4,36,0
train_n75_m2_7,5,48,1
train_n75_m2_7,5,1,0
train_n75_m2_7,5,55,0
train_n75_m2_7,6,66,1
train_n75_m2_7,7,73,1
train_n75_m2_7,8,74,1
train_n75_m2_7,8,25,0
train_n75_m2_7,8,21,0
train_n75_m2_7,8,2,0
train_n75_m2_7,9,54,0
train_n75_m2_7,9,10,1
train_n75_m2_7,9,40,0
train_n75_m2_7,9,69,0
train_n75_m2_7,10,68,1
train_n75_m2_7,10,30,0
train_n75_m2_7,11,53,0
train_n75_m2_7,11,75,1
train_n75_m2_7,11,63,0
train_n75_m2_7,11,24,0
train_n75_m2_7,12,15,1
train_n75_m2_7,12,53,0
train_n75_m2_7,12,75,0
train_n75_m2_7,13,45,1
train_n75_m2_7,13,67,0
train_n75_m2_7,13,56,0
train_n75_m2_7,14,49,1
train_n75_m2_7,14,48,0
train_n75_m2_7,15,63,1
train_n75_m2_7,15,19,0
train_n75_m2_7,16,0,1
train_n75_m2_7,17,63,0
train_n75_m2_7,17,11,1
train_n75_m2_7,17,50,0
train_n75_m2_7,17,32,0
train_n75_m2_7,17,38,0
train_n75_m2_7,18,53,1
train_n75_m2_7,19,24,1
train_n75_m2_7,19,12,0
train_n75_m2_7,20,71,1
train_n75_m2_7,20,41,0
train_n75_m2_7,20,58,0
train_n75_m2_7,21,57,1
train_n75_m2_7,21,4,0
train_n75_m2_7,21,65,0
train_n75_m2_7,21,8,0
train_n75_m2_7,22,72,1
train_n75_m2_7,22,36,0
train_n75_m2_7,23,70,1
train_n75_m2_7,23,6,0
train_n75_m2_7,23,41,0
train_n75_m2_7,24,7,0
train_n75_m2_7,24,18,1
train_n75_m2_7,24,75,0
train_n75_m2_7,25,8,1
train_n75_m2_7,25,10,0
train_n75_m2_7,25,62,0
train_n75_m2_7,26,1,1
train_n75_m2_7,26,55,0
train_n75_m2_7,27,7,1
train_n75_m2_7,27,49,0
train_n75_m2_7,28,1,0
train_n75_m2_7,28,51,0
train_n75_m2_7,28,50,0
train_n75_m2_7,28,5,1
train_n75_m2_7,29,38,1
train_n75_m2_7,29,11,0
train_n75_m2_7,29,63,0
train_n75_m2_7,29,12,0
train_n75_m2_7,29,5,0
train_n75_m2_7,30,40,1
train_n75_m2_7,30,9,0
train_n75_m2_7,30,56,0
train_n75_m2_7,31,21,1
train_n75_m2_7,31,72,0
train_n75_m2_7,31,25,0
train_n75_m2_7,32,26,1
train_n75_m2_7,32,51,0
train_n75_m2_7,32,55,0
train_n75_m2_7,33,59,1
train_n75_m2_7,34,74,0
train_n75_m2_7,34,44,0
train_n75_m2_7,34,2,1
train_n75_m2_7,34,69,0
train_n75_m2_7,34,72,0
train_n75_m2_7,35,13,0
train_n75_m2_7,35,46,1
train_n75_m2_7,35,29,0
train_n75_m2_7,36,60,1
train_n75_m2_7,36,42,0
train_n75_m2_7,36,59,0
train_n75_m2_7,36,4,0
train_n75_m2_7,37,33,1
train_n75_m2_7,37,73,0
train_n75_m2_7,37,6,0
train_n75_m2_7,38,51,1
train_n75_m2_7,38,13,0
train_n75_m2_7,38,17,0
train_n75_m2_7,39,30,1
train_n75_m2_7,39,54,0
train_n75_m2_7,40,52,1
train_n75_m2_7,40,39,0
train_n75_m2_7,40,42,0
train_n75_m2_7,40,16,0
train_n75_m2_7,40,10,0
train_n75_m2_7,40,69,0
train_n75_m2_7,41,3,1
train_n75_m2_7,42,59,0
train_n75_m2_7,42,36,1
train_n75_m2_7,42,30,0
train_n75_m2_7,43,20,1
train_n75_m2_7,43,3,0
train_n75_m2_7,44,21,0
train_n75_m2_7,44,34,1
train_n75_m2_7,44,65,0
train_n75_m2_7,44,2,0
train_n75_m2_7,44,33,0
train_n75_m2_7,45,13,0
train_n75_m2_7,45,35,0
train_n75_m2_7,45,28,1
train_n75_m2_7,45,51,0
train_n75_m2_7,45,1,0
train_n75_m2_7,46,67,1
train_n75_m2_7,46,56,0
train_n75_m2_7,46,45,0
train_n75_m2_7,46,61,0
train_n75_m2_7,46,54,0
train_n75_m2_7,46,52,0
train_n75_m2_7,46,39,0
train_n75_m2_7,47,12,1
train_n75_m2_7,47,32,0
train_n75_m2_7,48,55,1
train_n75_m2_7,48,7,0
train_n75_m2_7,48,49,0
train_n75_m2_7,48,59,0
train_n75_m2_7,48,26,0
train_n75_m2_7,49,37,1
train_n75_m2_7,49,27,0
train_n75_m2_7,49,59,0
train_n75_m2_7,50,29,1
train_n75_m2_7,50,26,0
train_n75_m2_7,50,17,0
train_n75_m2_7,51,61,1
train_n75_m2_7,51,13,0
train_n75_m2_7,51,35,0
train_n75_m2_7,51,75,0
train_n75_m2_7,52,54,1
train_n75_m2_7,53,47,1
train_n75_m2_7,54,52,0
train_n75_m2_7,54,16,1
train_n75_m2_7,54,68,0
train_n75_m2_7,55,27,1
train_n75_m2_7,55,37,0
train_n75_m2_7,55,75,0
train_n75_m2_7,56,0,1
train_n75_m2_7,56,54,0
train_n75_m2_7,56,52,0
train_n75_m2_7,57,22,1
train_n75_m2_7,57,4,0
train_n75_m2_7,58,23,1
train_n75_m2_7,58,73,0
train_n75_m2_7,58,49,0
train_n75_m2_7,58,37,0
train_n75_m2_7,59,42,1
train_n75_m2_7,59,48,0
train_n75_m2_7,59,60,0
train_n75_m2_7,59,39,0
train_n75_m2_7,59,52,0
train_n75_m2_7,59,22,0
train_n75_m2_7,60,44,1
train_n75_m2_7,60,64,0
train_n75_m2_7,60,2,0
train_n75_m2_7,61,35,1
train_n75_m2_7,61,45,0
train_n75_m2_7,61,29,0
train_n75_m2_7,61,75,0
train_n75_m2_7,62,31,1
train_n75_m2_7,62,44,0
train_n75_m2_7,63,17,1
train_n75_m2_7,64,6,1
train_n75_m2_7,65,64,1
train_n75_m2_7,65,57,0
train_n75_m2_7,66,43,1
train_n75_m2_7,66,33,0
train_n75_m2_7,67,56,1
train_n75_m2_7,67,39,0
train_n75_m2_7,68,10,0
train_n75_m2_7,68,69,1
train_n75_m2_7,69,25,1
train_n75_m2_7,69,74,0
train_n75_m2_7,69,62,0
train_n75_m2_7,70,23,0
train_n75_m2_7,70,14,1
train_n75_m2_7,70,3,0
train_n75_m2_7,70,73,0
train_n75_m2_7,71,41,1
train_n75_m2_7,71,43,0
train_n75_m2_7,71,3,0
train_n75_m2_7,71,14,0
train_n75_m2_7,72,65,1
train_n75_m2_7,72,44,0
train_n75_m2_7,72,4,0
train_n75_m2_7,73,19,1
train_n75_m2_7,73,24,0
train_n75_m2_7,73,27,0
train_n75_m2_7,74,34,0
train_n75_m2_7,74,4,1
train_n75_m2_7,74,69,0
train_n75_m2_7,74,31,0
train_n75_m2_7,75,32,1
train_n75_m2_7,75,50,0
train_n75_m2_7,75,28,0
train_n75_m2_7,75,55,0
train_n75_m3_0,0,74,1
train_n75_m3_0,0,46,1
train_n75_m3_0,0,48,0
train_n75_m3_0,0,73,0
train_n75_m3_0,0,75,0
train_n75_m3_0,0,60,1
train_n75_m3_0,1,5,1
train_n75_m3_0,1,44,0
train_n75_m3_0,1,54,0
train_n75_m3_0,1,41,0
train_n75_m3_0,2,7,1
train_n75_m3_0,2,72,0
train_n75_m3_0,2,69,0
train_n75_m3_0,3,10,1
train_n75_m3_0,4,0,1
train_n75_m3_0,4,46,0
train_n75_m3_0,4,60,0
train_n75_m3_0,5,44,0
train_n75_m3_0,5,22,0
train_n75_m3_0,5,18,1
train_n75_m3_0,5,73,0
train_n75_m3_0,6,12,1
train_n75_m3_0,6,31,0
train_n75_m3_0,7,72,1
train_n75_m3_0,7,23,0
train_n75_m3_0,7,41,0
train_n75_m3_0,7,63,0
train_n75_m3_0,7,52,0
train_n75_m3_0,8,2,1
train_n75_m3_0,8,20,0
train_n75_m3_0,9,74,0
train_n75_m3_0,9,67,1
train_n75_m3_0,9,48,0
train_n75_m3_0,10,30,1
train_n75_m3_0,10,37,0
train_n75_m3_0,11,14,0
train_n75_m3_0,11,70,1
train_n75_m3_0,12,6,0
train_n75_m3_0,12,61,1
train_n75_m3_0,12,71,0
train_n75_m3_0,13,58,1
train_n75_m3_0,13,56,0
train_n75_m3_0,13,43,0
train_n75_m3_0,14,11,1
train_n75_m3_0,14,70,0
train_n75_m3_0,15,71,0
train_n75_m3_0,15,65,1
train_n75_m3_0,15,27,0
train_n75_m3_0,15,55,0
train_n75_m3_0,15,74,0
train_n75_m3_0,16,3,1
train_n75_m3_0,16,46,0
train_n75_m3_0,16,18,0
train_n75_m3_0,16,28,0
train_n75_m3_0,17,50,1
train_n75_m3_0,18,30,0
train_n75_m3_0,18,22,1
train_n75_m3_0,18,73,0
train_n75_m3_0,19,54,1
train_n75_m3_0,19,18,0
train_n75_m3_0,20,52,1
train_n75_m3_0,20,68,0
train_n75_m3_0,21,57,1
train_n75_m3_0,22,19,1
train_n75_m3_0,22,1,0
train_n75_m3_0,22,20,0
train_n75_m3_0,22,51,0
train_n75_m3_0,22,73,0
train_n75_m3_0,23,43,0
train_n75_m3_0,23,49,1
train_n75_m3_0,23,41,0
train_n75_m3_0,23,58,0
train_n75_m3_0,24,39,1
train_n75_m3_0,24,65,0
train_n75_m3_0,24,71,0
train_n75_m3_0,25,13,1
train_n75_m3_0,25,42,0
train_n75_m3_0,25,63,0
train_n75_m3_0,26,0,1
train_n75_m3_0,26,36,0
train_n75_m3_0,26,75,0
train_n75_m3_0,27,31,1
train_n75_m3_0,27,12,0
train_n75_m3_0,27,9,0
train_n75_m3_0,28,73,1
train_n75_m3_0,28,4,0
train_n75_m3_0,28,43,0
train_n75_m3_0,29,26,1
train_n75_m3_0,29,0,0
train_n75_m3_0,29,66,0
train_n75_m3_0,30,44,1
train_n75_m3_0,30,1,0
train_n75_m3_0,30,4,0
train_n75_m3_0,30,22,0
train_n75_m3_0,31,38,1
train_n75_m3_0,31,17,0
train_n75_m3_0,32,9,1
train_n75_m3_0,32,0,0
train_n75_m3_0,32,58,0
train_n75_m3_0,33,34,1
train_n75_m3_0,33,31,0
train_n75_m3_0,33,65,0
train_n75_m3_0,34,6,1
train_n75_m3_0,35,72,0
train_n75_m3_0,35,2,0
train_n75_m3_0,35,57,0
train_n75_m3_0,35,24,0
train_n75_m3_0,35,21,1
train_n75_m3_0,36,74,0
train_n75_m3_0,36,48,0
train_n75_m3_0,36,0,1
train_n75_m3_0,36,73,0
train_n75_m3_0,36,4,0
train_n75_m3_0,36,25,0
train_n75_m3_0,37,4,1
train_n75_m3_0,38,33,1
train_n75_m3_0,38,14,0
train_n75_m3_0,38,11,0
train_n75_m3_0,39,55,1
train_n75_m3_0,40,32,1
train_n75_m3_0,41,68,1
train_n75_m3_0,41,51,0
train_n75_m3_0,41,1,0
train_n75_m3_0,42,25,1
train_n75_m3_0,42,65,0
train_n75_m3_0,42,15,0
train_n75_m3_0,42,45,0
train_n75_m3_0,42,56,0
train_n75_m3_0,42,48,0
train_n75_m3_0,43,23,1
train_n75_m3_0,43,13,0
train_n75_m3_0,43,28,0
train_n75_m3_0,43,8,0
train_n75_m3_0,43,72,0
train_n75_m3_0,44,1,1
train_n75_m3_0,44,5,0
train_n75_m3_0,44,18,0
train_n75_m3_0,44,4,0
train_n75_m3_0,45,71,1
train_n75_m3_0,45,25,0
train_n75_m3_0,46,53,1
train_n75_m3_0,46,0,0
train_n75_m3_0,46,4,0
train_n75_m3_0,46,29,0
train_n75_m3_0,47,16,1
train_n75_m3_0,47,44,0
train_n75_m3_0,48,36,1
train_n75_m3_0,48,40,0
train_n75_m3_0,48,25,0
train_n75_m3_0,48,42,0
train_n75_m3_0,49,8,1
train_n75_m3_0,49,60,0
train_n75_m3_0,50,24,1
train_n75_m3_0,50,56,0
train_n75_m3_0,51,68,0
train_n75_m3_0,51,28,1
train_n75_m3_0,52,41,1
train_n75_m3_0,52,51,0
train_n75_m3_0,52,49,0
train_n75_m3_0,52,23,0
train_n75_m3_0,53,46,0
train_n75_m3_0,53,47,1
train_n75_m3_0,53,26,0
train_n75_m3_0,54,22,0
train_n75_m3_0,54,5,0
train_n75_m3_0,54,20,1
train_n75_m3_0,54,44,0
train_n75_m3_0,55,63,1
train_n75_m3_0,55,50,0
train_n75_m3_0,56,55,0
train_n75_m3_0,56,13,0
train_n75_m3_0,56,42,1
train_n75_m3_0,56,58,0
train_n75_m3_0,56,57,0
train_n75_m3_0,57,64,1
train_n75_m3_0,57,59,0
train_n75_m3_0,57,17,0
train_n75_m3_0,57,25,0
train_n75_m3_0,58,48,1
train_n75_m3_0,58,55,0
train_n75_m3_0,58,39,0
train_n75_m3_0,58,24,0
train_n75_m3_0,59,17,1
train_n75_m3_0,59,21,0
train_n75_m3_0,59,45,0
train_n75_m3_0,60,43,1
train_n75_m3_0,60,36,0
train_n75_m3_0,61,66,1
train_n75_m3_0,61,11,0
train_n75_m3_0,61,9,0
train_n75_m3_0,61,32,0
train_n75_m3_0,62,69,1
train_n75_m3_0,62,8,0
train_n75_m3_0,62,72,0
train_n75_m3_0,62,52,0
train_n75_m3_0,62,20,0
train_n75_m3_0,62,1,0
train_n75_m3_0,63,56,1
train_n75_m3_0,63,58,0
train_n75_m3_0,64,59,1
train_n75_m3_0,64,65,0
train_n75_m3_0,65,45,1
train_n75_m3_0,65,27,0
train_n75_m3_0,65,63,0
train_n75_m3_0,66,14,1
train_n75_m3_0,67,15,1
train_n75_m3_0,67,27,0
train_n75_m3_0,67,66,0
train_n75_m3_0,68,41,0
train_n75_m3_0,68,52,0
train_n75_m3_0,68,62,1
train_n75_m3_0,68,23,0
train_n75_m3_0,68,43,0
train_n75_m3_0,69,68,0
train_n75_m3_0,69,51,1
train_n75_m3_0,69,20,0
train_n75_m3_0,70,61,0
train_n75_m3_0,70,75,1
train_n75_m3_0,70,67,0
train_n75_m3_0,70,74,0
train_n75_m3_0,70,0,0
train_n75_m3_0,71,15,0
train_n75_m3_0,71,27,1
train_n75_m3_0,71,55,0
train_n75_m3_0,71,38,0
train_n75_m3_0,72,35,1
train_n75_m3_0,72,49,0
train_n75_m3_0,73,37,1
train_n75_m3_0,73,26,0
train_n75_m3_0,74,40,1
train_n75_m3_0,75,29,1
train_n75_m3_0,75,70,0
train_n75_m3_0,75,61,0
train_n75_m3_0,75,53,0
train_n75_m3_1,0,63,1
train_n75_m3_1,0,2,0
train_n75_m3_1,0,68,0
train_n75_m3_1,0,36,1
train_n75_m3_1,0,67,0
train_n75_m3_1,0,17,0
train_n75_m3_1,0,11,1
train_n75_m3_1,1,48,0
train_n75_m3_1,2,37,0
train_n75_m3_1,2,22,1
train_n75_m3_1,2,33,0
train_n75_m3_1,2,36,0
train_n75_m3_1,2,57,0
train_n75_m3_1,3,56,1
train_n75_m3_1,3,9,0
train_n75_m3_1,4,45,1
train_n75_m3_1,4,36,0
train_n75_m3_1,5,54,1
train_n75_m3_1,5,43,0
train_n75_m3_1,6,60,1
train_n75_m3_1,6,65,0
train_n75_m3_1,6,62,0
train_n75_m3_1,7,55,1
train_n75_m3_1,7,61,0
train_n75_m3_1,7,73,0
train_n75_m3_1,8,35,1
train_n75_m3_1,8,47,0
train_n75_m3_1,8,3,0
train_n75_m3_1,9,10,1
train_n75_m3_1,9,40,0
train_n75_m3_1,10,42,1
train_n75_m3_1,10,47,0
train_n75_m3_1,10,29,0
train_n75_m3_1,11,57,1
train_n75_m3_1,11,4,0
train_n75_m3_1,12,57,0
train_n75_m3_1,12,39,1
train_n75_m3_1,12,58,0
train_n75_m3_1,12,53,0
train_n75_m3_1,13,57,0
train_n75_m3_1,13,6,1
train_n75_m3_1,13,60,0
train_n75_m3_1,13,25,0
train_n75_m3_1,14,12,1
train_n75_m3_1,14,11,0
train_n75_m3_1,14,19,0
train_n75_m3_1,14,53,0
train_n75_m3_1,14,45,0
train_n75_m3_1,15,45,0
train_n75_m3_1,15,38,1
train_n75_m3_1,15,63,0
train_n75_m3_1,15,39,0
train_n75_m3_1,16,64,1
train_n75_m3_1,17,45,0
train_n75_m3_1,17,57,0
train_n75_m3_1,17,41,0
train_n75_m3_1,17,58,0
train_n75_m3_1,18,28,1
train_n75_m3_1,18,71,0
train_n75_m3_1,19,4,1
train_n75_m3_1,20,61,1
train_n75_m3_1,21,74,1
train_n75_m3_1,21,54,0
train_n75_m3_1,22,33,1
train_n75_m3_1,22,17,0
train_n75_m3_1,22,45,0
train_n75_m3_1,23,51,1
train_n75_m3_1,23,31,0
train_n75_m3_1,23,20,0
train_n75_m3_1,24,50,1
train_n75_m3_1,24,42,0
train_n75_m3_1,24,32,0
train_n75_m3_1,25,75,1
train_n75_m3_1,25,5,0
train_n75_m3_1,26,21,1
train_n75_m3_1,26,59,0
train_n75_m3_1,26,75,0
train_n75_m3_1,26,19,0
train_n75_m3_1,27,34,1
train_n75_m3_1,27,55,0
train_n75_m3_1,28,31,1
train_n75_m3_1,28,64,0
train_n75_m3_1,28,71,0
train_n75_m3_1,28,67,0
train_n75_m3_1,29,52,1
train_n75_m3_1,29,56,0
train_n75_m3_1,29,3,0
train_n75_m3_1,29,10,0
train_n75_m3_1,29,9,0
train_n75_m3_1,30,66,1
train_n75_m3_1,31,23,1
train_n75_m3_1,31,48,0
train_n75_m3_1,31,64,0
train_n75_m3_1,31,71,0
train_n75_m3_1,32,40,0
train_n75_m3_1,32,8,1
train_n75_m3_1,33,0,1
train_n75_m3_1,33,63,0
train_n75_m3_1,33,68,0
train_n75_m3_1,34,70,0
train_n75_m3_1,34,67,0
train_n75_m3_1,34,49,1
train_n75_m3_1,35,69,1
train_n75_m3_1,35,32,0
train_n75_m3_1,36,15,1
train_n75_m3_1,36,70,0
train_n75_m3_1,36,4,0
train_n75_m3_1,36,27,0
train_n75_m3_1,37,2,1
train_n75_m3_1,37,0,0
train_n75_m3_1,37,41,0
train_n75_m3_1,37,60,0
train_n75_m3_1,38,70,1
train_n75_m3_1,38,27,0
train_n75_m3_1,39,17,1
train_n75_m3_1,40,42,0
train_n75_m3_1,40,10,0
train_n75_m3_1,40,9,0
train_n75_m3_1,40,50,0
train_n75_m3_1,41,0,1
train_n75_m3_1,41,45,0
train_n75_m3_1,42,47,1
train_n75_m3_1,42,9,0
train_n75_m3_1,42,35,0
train_n75_m3_1,42,44,0
train_n75_m3_1,42,50,0
train_n75_m3_1,42,59,0
train_n75_m3_1,42,3,0
train_n75_m3_1,43,25,1
train_n75_m3_1,43,74,0
train_n75_m3_1,43,21,0
train_n75_m3_1,43,19,0
train_n75_m3_1,44,32,1
train_n75_m3_1,44,55,0
train_n75_m3_1,44,8,0
train_n75_m3_1,44,34,0
train_n75_m3_1,44,69,0
train_n75_m3_1,45,41,1
train_n75_m3_1,45,71,0
train_n75_m3_1,45,19,0
train_n75_m3_1,46,26,1
train_n75_m3_1,46,65,0
train_n75_m3_1,47,40,1
train_n75_m3_1,47,9,0
train_n75_m3_1,48,1,1
train_n75_m3_1,49,44,1
train_n75_m3_1,49,7,0
train_n75_m3_1,50,69,0
train_n75_m3_1,50,3,0
train_n75_m3_1,50,29,1
train_n75_m3_1,50,47,0
train_n75_m3_1,50,40,0
train_n75_m3_1,51,48,1
train_n75_m3_1,51,20,0
train_n75_m3_1,52,59,1
train_n75_m3_1,52,47,0
train_n75_m3_1,53,65,0
train_n75_m3_1,53,62,1
train_n75_m3_1,54,75,0
train_n75_m3_1,54,46,1
train_n75_m3_1,54,62,0
train_n75_m3_1,54,14,0
train_n75_m3_1,55,73,1
train_n75_m3_1,55,20,0
train_n75_m3_1,55,34,0
train_n75_m3_1,55,28,0
train_n75_m3_1,56,24,1
train_n75_m3_1,56,35,0
train_n75_m3_1,56,47,0
train_n75_m3_1,56,52,0
train_n75_m3_1,57,13,1
train_n75_m3_1,57,6,0
train_n75_m3_1,58,13,0
train_n75_m3_1,58,53,1
train_n75_m3_1,58,11,0
train_n75_m3_1,58,25,0
train_n75_m3_1,59,9,1
train_n75_m3_1,59,21,0
train_n75_m3_1,59,50,0
train_n75_m3_1,59,43,0
train_n75_m3_1,60,58,1
train_n75_m3_1,60,13,0
train_n75_m3_1,60,57,0
train_n75_m3_1,60,11,0
train_n75_m3_1,60,0,0
train_n75_m3_1,61,7,1
train_n75_m3_1,61,70,0
train_n75_m3_1,62,75,0
train_n75_m3_1,62,5,1
train_n75_m3_1,62,57,0
train_n75_m3_1,62,66,0
train_n75_m3_1,63,71,1
train_n75_m3_1,64,18,1
train_n75_m3_1,64,7,0
train_n75_m3_1,65,53,0
train_n75_m3_1,65,13,0
train_n75_m3_1,65,14,1
train_n75_m3_1,65,12,0
train_n75_m3_1,66,30,0
train_n75_m3_1,66,21,0
train_n75_m3_1,66,43,1
train_n75_m3_1,66,9,0
train_n75_m3_1,67,72,1
train_n75_m3_1,67,38,0
train_n75_m3_1,67,20,0
train_n75_m3_1,67,63,0
train_n75_m3_1,68,37,1
train_n75_m3_1,68,67,0
train_n75_m3_1,68,41,0
train_n75_m3_1,69,3,1
train_n75_m3_1,69,24,0
train_n75_m3_1,69,47,0
train_n75_m3_1,69,29,0
train_n75_m3_1,69,10,0
train_n75_m3_1,69,9,0
train_n75_m3_1,70,27,1
train_n75_m3_1,70,49,0
train_n75_m3_1,71,67,1
train_n75_m3_1,71,72,0
train_n75_m3_1,71,45,0
train_n75_m3_1,72,20,1
train_n75_m3_1,73,16,1
train_n75_m3_1,73,48,0
train_n75_m3_1,73,23,0
train_n75_m3_1,74,30,1
train_n75_m3_1,74,59,0
train_n75_m3_1,74,75,0
train_n75_m3_1,75,62,0
train_n75_m3_1,75,43,0
train_n75_m3_1,75,65,1
train_n75_m3_1,75,74,0
train_n75_m3_2,0,61,1
train_n75_m3_2,0,75,1
train_n75_m3_2,0,36,0
train_n75_m3_2,1,4,1
train_n75_m3_2,1,16,0
train_n75_m3_2,1,8,0
train_n75_m3_2,1,2,0
train_n75_m3_2,2,32,0
train_n75_m3_2,2,30,0
train_n75_m3_2,2,6,0
train_n75_m3_2,2,48,1
train_n75_m3_2,3,5,1
train_n75_m3_2,3,59,0
train_n75_m3_2,4,73,1
train_n75_m3_2,4,13,0
train_n75_m3_2,5,14,1
train_n75_m3_2,6,8,1
train_n75_m3_2,6,2,0
train_n75_m3_2,6,1,0
train_n75_m3_2,7,54,1
train_n75_m3_2,7,37,0
train_n75_m3_2,8,32,1
train_n75_m3_2,8,30,0
train_n75_m3_2,8,16,0
train_n75_m3_2,8,21,0
train_n75_m3_2,9,51,0
train_n75_m3_2,9,62,1
train_n75_m3_2,9,30,0
train_n75_m3_2,9,0,0
train_n75_m3_2,9,22,0
train_n75_m3_2,10,34,1
train_n75_m3_2,10,64,0
train_n75_m3_2,10,45,0
train_n75_m3_2,10,3,0
train_n75_m3_2,11,22,1
train_n75_m3_2,11,72,0
train_n75_m3_2,11,70,0
train_n75_m3_2,12,42,1
train_n75_m3_2,13,16,0
train_n75_m3_2,13,46,1
train_n75_m3_2,14,75,0
train_n75_m3_2,14,19,0
train_n75_m3_2,14,70,1
train_n75_m3_2,14,11,0
train_n75_m3_2,14,36,0
train_n75_m3_2,14,74,0
train_n75_m3_2,15,0,1
train_n75_m3_2,16,48,0
train_n75_m3_2,16,58,1
train_n75_m3_2,17,27,0
train_n75_m3_2,17,56,1
train_n75_m3_2,17,15,0
train_n75_m3_2,18,47,1
train_n75_m3_2,18,15,0
train_n75_m3_2,18,44,0
train_n75_m3_2,18,40,0
train_n75_m3_2,19,75,0
train_n75_m3_2,19,67,1
train_n75_m3_2,19,51,0
train_n75_m3_2,19,9,0
train_n75_m3_2,20,53,1
train_n75_m3_2,21,12,1
train_n75_m3_2,21,44,0
train_n75_m3_2,21,32,0
train_n75_m3_2,22,0,1
train_n75_m3_2,23,24,1
train_n75_m3_2,23,52,0
train_n75_m3_2,24,54,0
train_n75_m3_2,24,39,0
train_n75_m3_2,24,66,0
train_n75_m3_2,24,33,1
train_n75_m3_2,24,44,0
train_n75_m3_2,24,57,0
train_n75_m3_2,25,28,1
train_n75_m3_2,26,7,1
train_n75_m3_2,26,23,0
train_n75_m3_2,26,49,0
train_n75_m3_2,27,74,1
train_n75_m3_2,27,9,0
train_n75_m3_2,28,72,1
train_n75_m3_2,28,65,0
train_n75_m3_2,28,25,0
train_n75_m3_2,28,70,0
train_n75_m3_2,28,22,0
train_n75_m3_2,28,0,0
train_n75_m3_2,29,71,1
train_n75_m3_2,29,55,0
train_n75_m3_2,29,64,0
train_n75_m3_2,30,9,0
train_n75_m3_2,30,20,1
train_n75_m3_2,30,74,0
train_n75_m3_2,30,64,0
train_n75_m3_2,31,49,1
train_n75_m3_2,31,13,0
train_n75_m3_2,31,46,0
train_n75_m3_2,32,41,1
train_n75_m3_2,32,9,0
train_n75_m3_2,33,66,0
train_n75_m3_2,33,23,0
train_n75_m3_2,33,18,1
train_n75_m3_2,33,54,0
train_n75_m3_2,34,29,0
train_n75_m3_2,34,43,1
train_n75_m3_2,34,59,0
train_n75_m3_2,35,7,0
train_n75_m3_2,35,38,1
train_n75_m3_2,35,31,0
train_n75_m3_2,35,37,0
train_n75_m3_2,36,74,0
train_n75_m3_2,36,55,1
train_n75_m3_2,36,9,0
train_n75_m3_2,37,42,0
train_n75_m3_2,37,57,1
train_n75_m3_2,37,12,0
train_n75_m3_2,38,52,0
train_n75_m3_2,38,31,1
train_n75_m3_2,38,54,0
train_n75_m3_2,38,40,0
train_n75_m3_2,39,66,0
train_n75_m3_2,39,37,1
train_n75_m3_2,40,52,1
train_n75_m3_2,40,57,0
train_n75_m3_2,40,21,0
train_n75_m3_2,40,23,0
train_n75_m3_2,41,63,0
train_n75_m3_2,41,32,0
train_n75_m3_2,41,30,1
train_n75_m3_2,41,6,0
train_n75_m3_2,41,74,0
train_n75_m3_2,41,40,0
train_n75_m3_2,42,44,1
train_n75_m3_2,42,47,0
train_n75_m3_2,42,56,0
train_n75_m3_2,43,67,0
train_n75_m3_2,43,3,1
train_n75_m3_2,43,27,0
train_n75_m3_2,43,29,0
train_n75_m3_2,43,71,0
train_n75_m3_2,44,40,1
train_n75_m3_2,45,2,0
train_n75_m3_2,45,9,1
train_n75_m3_2,45,59,0
train_n75_m3_2,46,16,1
train_n75_m3_2,46,48,0
train_n75_m3_2,46,60,0
train_n75_m3_2,47,66,1
train_n75_m3_2,47,21,0
train_n75_m3_2,48,13,1
train_n75_m3_2,48,32,0
train_n75_m3_2,49,60,1
train_n75_m3_2,49,69,0
train_n75_m3_2,49,38,0
train_n75_m3_2,49,16,0
train_n75_m3_2,50,10,1
train_n75_m3_2,50,29,0
train_n75_m3_2,50,59,0
train_n75_m3_2,51,27,1
train_n75_m3_2,52,35,1
train_n75_m3_2,52,54,0
train_n75_m3_2,52,69,0
train_n75_m3_2,52,42,0
train_n75_m3_2,53,64,1
train_n75_m3_2,53,1,0
train_n75_m3_2,54,23,1
train_n75_m3_2,54,24,0
train_n75_m3_2,54,26,0
train_n75_m3_2,54,37,0
train_n75_m3_2,54,39,0
train_n75_m3_2,55,51,0
train_n75_m3_2,55,27,0
train_n75_m3_2,55,29,1
train_n75_m3_2,55,5,0
train_n75_m3_2,55,30,0
train_n75_m3_2,56,63,1
train_n75_m3_2,56,2,0
train_n75_m3_2,56,61,0
train_n75_m3_2,57,15,1
train_n75_m3_2,57,47,0
train_n75_m3_2,57,44,0
train_n75_m3_2,57,56,0
train_n75_m3_2,57,63,0
train_n75_m3_2,58,13,0
train_n75_m3_2,58,1,1
train_n75_m3_2,58,20,0
train_n75_m3_2,59,67,0
train_n75_m3_2,59,51,1
train_n75_m3_2,59,27,0
train_n75_m3_2,59,19,0
train_n75_m3_2,60,69,1
train_n75_m3_2,60,52,0
train_n75_m3_2,60,23,0
train_n75_m3_2,61,17,1
train_n75_m3_2,61,27,0
train_n75_m3_2,62,0,1
train_n75_m3_2,62,55,0
train_n75_m3_2,63,2,1
train_n75_m3_2,63,56,0
train_n75_m3_2,63,8,0
train_n75_m3_2,63,30,0
train_n75_m3_2,64,45,1
train_n75_m3_2,65,72,0
train_n75_m3_2,65,11,1
train_n75_m3_2,65,0,0
train_n75_m3_2,65,61,0
train_n75_m3_2,66,39,1
train_n75_m3_2,66,42,0
train_n75_m3_2,67,59,1
train_n75_m3_2,67,3,0
train_n75_m3_2,67,27,0
train_n75_m3_2,67,75,0
train_n75_m3_2,67,29,0
train_n75_m3_2,68,71,0
train_n75_m3_2,68,34,0
train_n75_m3_2,68,50,1
train_n75_m3_2,68,45,0
train_n75_m3_2,68,55,0
train_n75_m3_2,69,49,0
train_n75_m3_2,69,26,1
train_n75_m3_2,69,35,0
train_n75_m3_2,69,54,0
train_n75_m3_2,70,25,1
train_n75_m3_2,71,29,0
train_n75_m3_2,71,68,1
train_n75_m3_2,72,65,1
train_n75_m3_2,72,0,0
train_n75_m3_2,72,61,0
train_n75_m3_2,73,6,1
train_n75_m3_2,73,20,0
train_n75_m3_2,73,45,0
train_n75_m3_2,74,36,1
train_n75_m3_2,75,19,1
train_n75_m3_2,75,51,0
train_n75_m3_2,75,3,0
train_n75_m3_3,0,72,1
train_n75_m3_3,0,11,1
train_n75_m3_3,0,53,0
train_n75_m3_3,0,62,1
train_n75_m3_3,0,57,0
train_n75_m3_3,1,66,1
train_n75_m3_3,1,47,0
train_n75_m3_3,1,52,0
train_n75_m3_3,2,73,1
train_n75_m3_3,2,29,0
train_n75_m3_3,2,7,0
train_n75_m3_3,3,42,0
train_n75_m3_3,3,20,1
train_n75_m3_3,3,57,0
train_n75_m3_3,3,43,0
train_n75_m3_3,4,31,1
train_n75_m3_3,5,69,0
train_n75_m3_3,5,24,0
train_n75_m3_3,5,60,1
train_n75_m3_3,5,22,0
train_n75_m3_3,6,44,1
train_n75_m3_3,7,46,1
train_n75_m3_3,7,63,0
train_n75_m3_3,7,19,0
train_n75_m3_3,8,56,0
train_n75_m3_3,8,75,1
train_n75_m3_3,8,37,0
train_n75_m3_3,8,14,0
train_n75_m3_3,9,1,1
train_n75_m3_3,10,30,1
train_n75_m3_3,11,0,0
train_n75_m3_3,11,23,0
train_n75_m3_3,11,26,0
train_n75_m3_3,11,64,0
train_n75_m3_3,12,0,1
train_n75_m3_3,12,23,0
train_n75_m3_3,12,38,0
train_n75_m3_3,13,39,0
train_n75_m3_3,13,68,1
train_n75_m3_3,13,58,0
train_n75_m3_3,14,46,0
train_n75_m3_3,15,70,1
train_n75_m3_3,15,36,0
train_n75_m3_3,15,58,0
train_n75_m3_3,16,29,1
train_n75_m3_3,16,67,0
train_n75_m3_3,16,63,0
train_n75_m3_3,16,50,0
train_n75_m3_3,16,19,0
train_n75_m3_3,17,38,1
train_n75_m3_3,18,59,1
train_n75_m3_3,19,7,1
train_n75_m3_3,19,29,0
train_n75_m3_3,19,43,0
train_n75_m3_3,20,47,1
train_n75_m3_3,20,21,0
train_n75_m3_3,20,1,0
train_n75_m3_3,21,47,0
train_n75_m3_3,21,20,0
train_n75_m3_3,21,74,1
train_n75_m3_3,22,28,1
train_n75_m3_3,22,60,0
train_n75_m3_3,23,53,1
train_n75_m3_3,23,41,0
train_n75_m3_3,23,72,0
train_n75_m3_3,23,70,0
train_n75_m3_3,24,60,0
train_n75_m3_3,24,10,1
train_n75_m3_3,24,22,0
train_n75_m3_3,24,4,0
train_n75_m3_3,25,71,1
train_n75_m3_3,25,48,0
train_n75_m3_3,25,62,0
train_n75_m3_3,26,51,1
train_n75_m3_3,26,49,0
train_n75_m3_3,26,57,0
train_n75_m3_3,27,40,1
train_n75_m3_3,27,23,0
train_n75_m3_3,27,59,0
train_n75_m3_3,28,6,1
train_n75_m3_3,28,31,0
train_n75_m3_3,28,65,0
train_n75_m3_3,28,68,0
train_n75_m3_3,29,16,0
train_n75_m3_3,29,43,1
train_n75_m3_3,29,73,0
train_n75_m3_3,30,24,0
train_n75_m3_3,30,60,0
train_n75_m3_3,30,63,1
train_n75_m3_3,30,13,0
train_n75_m3_3,31,22,1
train_n75_m3_3,31,68,0
train_n75_m3_3,31,60,0
train_n75_m3_3,32,22,0
train_n75_m3_3,32,39,1
train_n75_m3_3,33,54,1
train_n75_m3_3,33,28,0
train_n75_m3_3,34,8,1
train_n75_m3_3,34,10,0
train_n75_m3_3,34,2,0
train_n75_m3_3,35,61,0
train_n75_m3_3,35,67,1
train_n75_m3_3,35,50,0
train_n75_m3_3,35,14,0
train_n75_m3_3,36,17,1
train_n75_m3_3,36,6,0
train_n75_m3_3,36,44,0
train_n75_m3_3,36,59,0
train_n75_m3_3,37,14,1
train_n75_m3_3,37,46,0
train_n75_m3_3,38,40,0
train_n75_m3_3,38,15,0
train_n75_m3_3,38,70,0
train_n75_m3_3,38,54,0
train_n75_m3_3,38,6,0
train_n75_m3_3,39,13,1
train_n75_m3_3,39,32,0
train_n75_m3_3,40,33,1
train_n75_m3_3,40,54,0
train_n75_m3_3,40,17,0
train_n75_m3_3,40,27,0
train_n75_m3_3,40,70,0
train_n75_m3_3,40,58,0
train_n75_m3_3,40,36,0
train_n75_m3_3,40,6,0
train_n75_m3_3,41,27,1
train_n75_m3_3,41,71,0
train_n75_m3_3,41,36,0
train_n75_m3_3,42,3,0
train_n75_m3_3,42,50,1
train_n75_m3_3,43,2,1
train_n75_m3_3,43,50,0
train_n75_m3_3,43,42,0
train_n75_m3_3,44,15,1
train_n75_m3_3,44,70,0
train_n75_m3_3,44,38,0
train_n75_m3_3,45,26,1
train_n75_m3_3,45,52,0
train_n75_m3_3,45,55,0
train_n75_m3_3,45,3,0
train_n75_m3_3,46,7,0
train_n75_m3_3,46,16,1
train_n75_m3_3,46,19,0
train_n75_m3_3,46,10,0
train_n75_m3_3,47,20,0
train_n75_m3_3,47,55,1
train_n75_m3_3,48,45,1
train_n75_m3_3,48,47,0
train_n75_m3_3,49,48,1
train_n75_m3_3,49,55,0
train_n75_m3_3,49,71,0
train_n75_m3_3,50,3,1
train_n75_m3_3,50,43,0
train_n75_m3_3,50,16,0
train_n75_m3_3,51,25,1
train_n75_m3_3,52,49,1
train_n75_m3_3,52,47,0
train_n75_m3_3,53,11,0
train_n75_m3_3,53,0,1
train_n75_m3_3,54,18,1
train_n75_m3_3,54,59,0
train_n75_m3_3,54,27,0
train_n75_m3_3,54,38,0
train_n75_m3_3,54,32,0
train_n75_m3_3,55,3,0
train_n75_m3_3,55,9,1
train_n75_m3_3,55,42,0
train_n75_m3_3,56,34,1
train_n75_m3_3,56,37,0
train_n75_m3_3,56,2,0
train_n75_m3_3,56,5,0
train_n75_m3_3,56,16,0
train_n75_m3_3,57,42,1
train_n75_m3_3,57,3,0
train_n75_m3_3,57,62,0
train_n75_m3_3,57,74,0
train_n75_m3_3,57,16,0
train_n75_m3_3,58,44,0
train_n75_m3_3,58,32,1
train_n75_m3_3,59,33,0
train_n75_m3_3,59,58,1
train_n75_m3_3,59,44,0
train_n75_m3_3,59,38,0
train_n75_m3_3,60,24,1
train_n75_m3_3,60,10,0
train_n75_m3_3,60,30,0
train_n75_m3_3,60,68,0
train_n75_m3_3,61,19,1
train_n75_m3_3,61,16,0
train_n75_m3_3,61,43,0
train_n75_m3_3,61,14,0
train_n75_m3_3,62,25,0
train_n75_m3_3,62,57,1
train_n75_m3_3,62,26,0
train_n75_m3_3,62,12,0
train_n75_m3_3,63,65,1
train_n75_m3_3,63,60,0
train_n75_m3_3,64,17,0
train_n75_m3_3,64,15,0
train_n75_m3_3,64,54,0
train_n75_m3_3,64,18,0
train_n75_m3_3,64,23,1
train_n75_m3_3,65,36,1
train_n75_m3_3,65,6,0
train_n75_m3_3,65,70,0
train_n75_m3_3,65,15,0
train_n75_m3_3,66,21,1
train_n75_m3_3,66,74,0
train_n75_m3_3,66,42,0
train_n75_m3_3,67,61,1
train_n75_m3_3,68,4,1
train_n75_m3_3,68,24,0
train_n75_m3_3,68,5,0
train_n75_m3_3,69,5,1
train_n75_m3_3,69,10,0
train_n75_m3_3,70,64,1
train_n75_m3_3,70,40,0
train_n75_m3_3,70,33,0
train_n75_m3_3,71,57,0
train_n75_m3_3,71,0,1
train_n75_m3_3,72,41,1
train_n75_m3_3,73,2,0
train_n75_m3_3,73,37,1
train_n75_m3_3,73,50,0
train_n75_m3_3,73,61,0
train_n75_m3_3,74,52,1
train_n75_m3_3,74,48,0
train_n75_m3_3,74,42,0
train_n75_m3_3,75,69,1
train_n75_m3_3,75,37,0
train_n75_m3_3,75,63,0
train_n75_m3_4,0,60,0
train_n75_m3_4,0,74,1
train_n75_m3_4,0,2,1
train_n75_m3_4,0,24,1
train_n75_m3_4,1,12,1
train_n75_m3_4,1,45,0
train_n75_m3_4,1,55,0
train_n75_m3_4,2,42,0
train_n75_m3_4,2,0,0
train_n75_m3_4,2,15,0
train_n75_m3_4,2,22,1
train_n75_m3_4,2,31,0
train_n75_m3_4,2,66,0
train_n75_m3_4,3,48,1
train_n75_m3_4,3,31,0
train_n75_m3_4,3,21,0
train_n75_m3_4,3,63,0
train_n75_m3_4,4,1,1
train_n75_m3_4,4,53,0
train_n75_m3_4,4,38,0
train_n75_m3_4,5,28,1
train_n75_m3_4,5,34,0
train_n75_m3_4,5,25,0
train_n75_m3_4,6,50,1
train_n75_m3_4,6,26,0
train_n75_m3_4,6,52,0
train_n75_m3_4,7,69,1
train_n75_m3_4,7,8,0
train_n75_m3_4,7,36,0
train_n75_m3_4,7,27,0
train_n75_m3_4,7,34,0
train_n75_m3_4,8,72,1
train_n75_m3_4,8,62,0
train_n75_m3_4,8,9,0
train_n75_m3_4,8,68,0
train_n75_m3_4,8,29,0
train_n75_m3_4,9,68,1
train_n75_m3_4,9,75,0
train_n75_m3_4,10,17,1
train_n75_m3_4,11,70,1
train_n75_m3_4,11,27,0
train_n75_m3_4,11,49,0
train_n75_m3_4,11,65,0
train_n75_m3_4,11,71,0
train_n75_m3_4,11,1,0
train_n75_m3_4,12,45,1
train_n75_m3_4,12,27,0
train_n75_m3_4,12,51,0
train_n75_m3_4,13,60,1
train_n75_m3_4,13,22,0
train_n75_m3_4,13,63,0
train_n75_m3_4,13,50,0
train_n75_m3_4,14,71,1
train_n75_m3_4,14,70,0
train_n75_m3_4,14,53,0
train_n75_m3_4,15,44,1
train_n75_m3_4,16,25,1
train_n75_m3_4,17,29,1
train_n75_m3_4,17,43,0
train_n75_m3_4,17,42,0
train_n75_m3_4,18,73,1
train_n75_m3_4,18,26,0
train_n75_m3_4,18,59,0
train_n75_m3_4,19,20,1
train_n75_m3_4,19,50,0
train_n75_m3_4,19,70,0
train_n75_m3_4,20,14,1
train_n75_m3_4,21,3,1
train_n75_m3_4,21,50,0
train_n75_m3_4,22,63,1
train_n75_m3_4,22,3,0
train_n75_m3_4,22,0,0
train_n75_m3_4,22,52,0
train_n75_m3_4,23,19,1
train_n75_m3_4,23,18,0
train_n75_m3_4,23,61,0
train_n75_m3_4,23,26,0
train_n75_m3_4,23,55,0
train_n75_m3_4,23,57,0
train_n75_m3_4,24,10,1
train_n75_m3_4,24,43,0
train_n75_m3_4,24,0,0
train_n75_m3_4,25,33,1
train_n75_m3_4,26,57,1
train_n75_m3_4,26,11,0
train_n75_m3_4,27,36,0
train_n75_m3_4,27,53,1
train_n75_m3_4,27,70,0
train_n75_m3_4,27,33,0
train_n75_m3_4,28,16,1
train_n75_m3_4,29,39,1
train_n75_m3_4,29,69,0
train_n75_m3_4,30,38,1
train_n75_m3_4,30,56,0
train_n75_m3_4,30,67,0
train_n75_m3_4,30,51,0
train_n75_m3_4,30,53,0
train_n75_m3_4,31,15,1
train_n75_m3_4,31,44,0
train_n75_m3_4,32,56,1
train_n75_m3_4,32,51,0
train_n75_m3_4,33,7,1
train_n75_m3_4,33,46,0
train_n75_m3_4,33,5,0
train_n75_m3_4,34,5,1
train_n75_m3_4,34,29,0
train_n75_m3_4,35,58,1
train_n75_m3_4,36,49,0
train_n75_m3_4,36,27,1
train_n75_m3_4,36,70,0
train_n75_m3_4,36,57,0
train_n75_m3_4,37,67,0
train_n75_m3_4,37,51,0
train_n75_m3_4,37,4,1
train_n75_m3_4,38,32,1
train_n75_m3_4,38,1,0
train_n75_m3_4,38,53,0
train_n75_m3_4,39,54,1
train_n75_m3_4,39,75,0
train_n75_m3_4,40,46,1
train_n75_m3_4,40,16,0
train_n75_m3_4,41,31,1
train_n75_m3_4,42,0,1
train_n75_m3_4,43,66,1
train_n75_m3_4,43,74,0
train_n75_m3_4,44,13,1
train_n75_m3_4,44,60,0
train_n75_m3_4,44,63,0
train_n75_m3_4,44,42,0
train_n75_m3_4,44,50,0
train_n75_m3_4,45,55,1
train_n75_m3_4,45,27,0
train_n75_m3_4,46,64,1
train_n75_m3_4,46,33,0
train_n75_m3_4,46,1,0
train_n75_m3_4,46,53,0
train_n75_m3_4,47,68,0
train_n75_m3_4,47,9,0
train_n75_m3_4,47,62,1
train_n75_m3_4,48,52,1
train_n75_m3_4,48,60,0
train_n75_m3_4,48,13,0
train_n75_m3_4,49,36,1
train_n75_m3_4,49,7,0
train_n75_m3_4,49,25,0
train_n75_m3_4,50,61,1
train_n75_m3_4,50,59,0
train_n75_m3_4,50,73,0
train_n75_m3_4,50,18,0
train_n75_m3_4,50,15,0
train_n75_m3_4,51,40,1
train_n75_m3_4,51,67,0
train_n75_m3_4,52,3,0
train_n75_m3_4,52,26,0
train_n75_m3_4,52,15,0
train_n75_m3_4,53,51,1
train_n75_m3_4,53,36,0
train_n75_m3_4,53,49,0
train_n75_m3_4,54,9,1
train_n75_m3_4,54,17,0
train_n75_m3_4,54,8,0
train_n75_m3_4,54,10,0
train_n75_m3_4,55,11,1
train_n75_m3_4,56,32,0
train_n75_m3_4,56,67,1
train_n75_m3_4,56,30,0
train_n75_m3_4,56,4,0
train_n75_m3_4,56,45,0
train_n75_m3_4,56,53,0
train_n75_m3_4,57,0,1
train_n75_m3_4,58,49,1
train_n75_m3_4,58,65,0
train_n75_m3_4,59,26,1
train_n75_m3_4,59,50,0
train_n75_m3_4,60,44,0
train_n75_m3_4,60,0,1
train_n75_m3_4,61,41,1
train_n75_m3_4,61,50,0
train_n75_m3_4,61,6,0
train_n75_m3_4,61,15,0
train_n75_m3_4,62,75,1
train_n75_m3_4,63,22,0
train_n75_m3_4,63,21,1
train_n75_m3_4,63,3,0
train_n75_m3_4,63,42,0
train_n75_m3_4,63,52,0
train_n75_m3_4,64,30,1
train_n75_m3_4,64,33,0
train_n75_m3_4,64,38,0
train_n75_m3_4,64,5,0
train_n75_m3_4,64,67,0
train_n75_m3_4,64,56,0
train_n75_m3_4,65,35,1
train_n75_m3_4,66,42,1
train_n75_m3_4,66,10,0
train_n75_m3_4,66,59,0
train_n75_m3_4,66,69,0
train_n75_m3_4,66,35,0
train_n75_m3_4,67,37,1
train_n75_m3_4,67,30,0
train_n75_m3_4,67,55,0
train_n75_m3_4,68,47,1
train_n75_m3_4,68,34,0
train_n75_m3_4,68,72,0
train_n75_m3_4,68,5,0
train_n75_m3_4,68,29,0
train_n75_m3_4,69,43,1
train_n75_m3_4,69,75,0
train_n75_m3_4,69,66,0
train_n75_m3_4,69,58,0
train_n75_m3_4,70,49,0
train_n75_m3_4,70,59,1
train_n75_m3_4,70,73,0
train_n75_m3_4,71,14,0
train_n75_m3_4,71,18,1
train_n75_m3_4,71,27,0
train_n75_m3_4,71,1,0
train_n75_m3_4,72,34,1
train_n75_m3_4,72,7,0
train_n75_m3_4,72,16,0
train_n75_m3_4,73,18,0
train_n75_m3_4,73,6,1
train_n75_m3_4,73,26,0
train_n75_m3_4,73,52,0
train_n75_m3_4,74,10,0
train_n75_m3_4,74,65,1
train_n75_m3_4,74,59,0
train_n75_m3_4,74,35,0
train_n75_m3_4,74,17,0
train_n75_m3_4,75,62,0
train_n75_m3_4,75,8,1
train_n75_m3_4,75,68,0
train_n75_m3_4,75,5,0
train_n75_m3_5,0,12,0
train_n75_m3_5,0,9,1
train_n75_m3_5,0,37,0
train_n75_m3_5,0,2,1
train_n75_m3_5,0,45,1
train_n75_m3_5,0,14,0
train_n75_m3_5,1,60,1
train_n75_m3_5,1,55,0
train_n75_m3_5,1,61,0
train_n75_m3_5,1,31,0
train_n75_m3_5,1,4,0
train_n75_m3_5,2,17,1
train_n75_m3_5,3,32,1
train_n75_m3_5,3,53,0
train_n75_m3_5,4,60,0
train_n75_m3_5,4,70,0
train_n75_m3_5,5,49,1
train_n75_m3_5,6,14,1
train_n75_m3_5,6,46,0
train_n75_m3_5,6,58,0
train_n75_m3_5,7,39,0
train_n75_m3_5,7,20,1
train_n75_m3_5,7,51,0
train_n75_m3_5,7,17,0
train_n75_m3_5,8,39,1
train_n75_m3_5,8,24,0
train_n75_m3_5,8,69,0
train_n75_m3_5,9,33,0
train_n75_m3_5,9,34,1
train_n75_m3_5,9,5,0
train_n75_m3_5,10,11,1
train_n75_m3_5,10,8,0
train_n75_m3_5,11,44,1
train_n75_m3_5,11,51,0
train_n75_m3_5,11,5,0
train_n75_m3_5,11,2,0
train_n75_m3_5,11,72,0
train_n75_m3_5,11,0,0
train_n75_m3_5,12,67,1
train_n75_m3_5,12,37,0
train_n75_m3_5,13,1,1
train_n75_m3_5,13,65,0
train_n75_m3_5,13,61,0
train_n75_m3_5,13,16,0
train_n75_m3_5,14,54,1
train_n75_m3_5,14,56,0
train_n75_m3_5,15,29,1
train_n75_m3_5,15,48,0
train_n75_m3_5,16,65,0
train_n75_m3_5,16,66,0
train_n75_m3_5,16,37,1
train_n75_m3_5,16,13,0
train_n75_m3_5,17,69,1
train_n75_m3_5,18,75,1
train_n75_m3_5,18,36,0
train_n75_m3_5,18,53,0
train_n75_m3_5,18,19,0
train_n75_m3_5,19,68,1
train_n75_m3_5,19,27,0
train_n75_m3_5,19,18,0
train_n75_m3_5,19,70,0
train_n75_m3_5,20,8,1
train_n75_m3_5,20,39,0
train_n75_m3_5,21,59,1
train_n75_m3_5,21,61,0
train_n75_m3_5,22,50,1
train_n75_m3_5,22,4,0
train_n75_m3_5,23,70,1
train_n75_m3_5,24,36,1
train_n75_m3_5,24,38,0
train_n75_m3_5,25,35,0
train_n75_m3_5,25,63,1
train_n75_m3_5,26,41,1
train_n75_m3_5,26,53,0
train_n75_m3_5,27,35,1
train_n75_m3_5,27,53,0
train_n75_m3_5,27,15,0
train_n75_m3_5,27,29,0
train_n75_m3_5,27,63,0
train_n75_m3_5,27,70,0
train_n75_m3_5,28,13,1
train_n75_m3_5,28,40,0
train_n75_m3_5,28,64,0
train_n75_m3_5,28,65,0
train_n75_m3_5,29,19,1
train_n75_m3_5,29,32,0
train_n75_m3_5,29,36,0
train_n75_m3_5,30,42,1
train_n75_m3_5,30,67,0
train_n75_m3_5,30,12,0
train_n75_m3_5,31,22,1
train_n75_m3_5,31,61,0
train_n75_m3_5,32,73,1
train_n75_m3_5,32,23,0
train_n75_m3_5,32,69,0
train_n75_m3_5,33,0,1
train_n75_m3_5,33,37,0
train_n75_m3_5,34,72,1
train_n75_m3_5,34,0,0
train_n75_m3_5,34,51,0
train_n75_m3_5,35,25,1
train_n75_m3_5,35,68,0
train_n75_m3_5,35,3,0
train_n75_m3_5,35,28,0
train_n75_m3_5,36,7,0
train_n75_m3_5,36,52,1
train_n75_m3_5,36,18,0
train_n75_m3_5,37,33,0
train_n75_m3_5,37,0,1
train_n75_m3_5,37,67,0
train_n75_m3_5,37,42,0
train_n75_m3_5,37,21,0
train_n75_m3_5,38,24,1
train_n75_m3_5,38,7,0
train_n75_m3_5,38,5,0
train_n75_m3_5,39,62,1
train_n75_m3_5,40,28,0
train_n75_m3_5,40,64,1
train_n75_m3_5,40,63,0
train_n75_m3_5,40,4,0
train_n75_m3_5,41,23,1
train_n75_m3_5,41,57,0
train_n75_m3_5,41,53,0
train_n75_m3_5,42,12,1
train_n75_m3_5,42,0,0
train_n75_m3_5,43,74,1
train_n75_m3_5,43,71,0
train_n75_m3_5,43,6,0
train_n75_m3_5,43,67,0
train_n75_m3_5,44,30,1
train_n75_m3_5,44,42,0
train_n75_m3_5,44,5,0
train_n75_m3_5,44,72,0
train_n75_m3_5,44,34,0
train_n75_m3_5,45,47,1
train_n75_m3_5,45,71,0
train_n75_m3_5,45,74,0
train_n75_m3_5,46,6,1
train_n75_m3_5,46,43,0
train_n75_m3_5,46,56,0
train_n75_m3_5,47,71,1
train_n75_m3_5,47,0,0
train_n75_m3_5,47,6,0
train_n75_m3_5,47,67,0
train_n75_m3_5,48,3,1
train_n75_m3_5,48,32,0
train_n75_m3_5,49,51,1
train_n75_m3_5,49,11,0
train_n75_m3_5,49,10,0
train_n75_m3_5,49,52,0
train_n75_m3_5,50,55,1
train_n75_m3_5,50,64,0
train_n75_m3_5,50,40,0
train_n75_m3_5,51,44,0
train_n75_m3_5,51,17,0
train_n75_m3_5,51,62,0
train_n75_m3_5,51,10,1
train_n75_m3_5,52,7,1
train_n75_m3_5,52,36,0
train_n75_m3_5,52,10,0
train_n75_m3_5,53,48,1
train_n75_m3_5,53,32,0
train_n75_m3_5,54,66,1
train_n75_m3_5,54,16,0
train_n75_m3_5,55,13,0
train_n75_m3_5,55,28,1
train_n75_m3_5,55,50,0
train_n75_m3_5,56,43,1
train_n75_m3_5,56,0,0
train_n75_m3_5,57,40,1
train_n75_m3_5,57,53,0
train_n75_m3_5,57,35,0
train_n75_m3_5,58,56,1
train_n75_m3_5,58,14,0
train_n75_m3_5,59,13,0
train_n75_m3_5,59,61,1
train_n75_m3_5,59,4,0
train_n75_m3_5,60,13,0
train_n75_m3_5,60,65,1
train_n75_m3_5,60,50,0
train_n75_m3_5,61,31,1
train_n75_m3_5,61,28,0
train_n75_m3_5,61,64,0
train_n75_m3_5,61,40,0
train_n75_m3_5,62,5,1
train_n75_m3_5,62,30,0
train_n75_m3_5,63,57,1
train_n75_m3_5,64,60,0
train_n75_m3_5,64,4,1
train_n75_m3_5,64,59,0
train_n75_m3_5,64,1,0
train_n75_m3_5,64,63,0
train_n75_m3_5,64,26,0
train_n75_m3_5,65,16,1
train_n75_m3_5,65,1,0
train_n75_m3_5,65,4,0
train_n75_m3_5,65,28,0
train_n75_m3_5,65,57,0
train_n75_m3_5,66,21,1
train_n75_m3_5,66,74,0
train_n75_m3_5,66,43,0
train_n75_m3_5,67,0,1
train_n75_m3_5,67,72,0
train_n75_m3_5,67,30,0
train_n75_m3_5,68,27,1
train_n75_m3_5,68,29,0
train_n75_m3_5,68,53,0
train_n75_m3_5,68,32,0
train_n75_m3_5,69,62,0
train_n75_m3_5,69,38,1
train_n75_m3_5,69,52,0
train_n75_m3_5,69,7,0
train_n75_m3_5,69,30,0
train_n75_m3_5,69,23,0
train_n75_m3_5,70,41,0
train_n75_m3_5,70,53,1
train_n75_m3_5,70,48,0
train_n75_m3_5,71,47,0
train_n75_m3_5,71,58,1
train_n75_m3_5,71,37,0
train_n75_m3_5,71,67,0
train_n75_m3_5,72,30,0
train_n75_m3_5,72,37,0
train_n75_m3_5,73,18,1
train_n75_m3_5,73,27,0
train_n75_m3_5,74,46,1
train_n75_m3_5,74,58,0
train_n75_m3_5,74,6,0
train_n75_m3_5,75,15,1
train_n75_m3_5,75,73,0
train_n75_m3_5,75,3,0
train_n75_m3_5,75,48,0
train_n75_m3_6,0,7,0
train_n75_m3_6,0,13,1
train_n75_m3_6,0,54,1
train_n75_m3_6,0,57,1
train_n75_m3_6,1,56,0
train_n75_m3_6,1,11,1
train_n75_m3_6,1,47,0
train_n75_m3_6,2,74,1
train_n75_m3_6,2,4,0
train_n75_m3_6,3,66,1
train_n75_m3_6,3,67,0
train_n75_m3_6,4,34,1
train_n75_m3_6,4,32,0
train_n75_m3_6,5,75,1
train_n75_m3_6,5,12,0
train_n75_m3_6,6,49,1
train_n75_m3_6,6,62,0
train_n75_m3_6,6,23,0
train_n75_m3_6,7,0,1
train_n75_m3_6,7,66,0
train_n75_m3_6,7,10,0
train_n75_m3_6,7,27,0
train_n75_m3_6,8,32,1
train_n75_m3_6,8,38,0
train_n75_m3_6,9,3,1
train_n75_m3_6,9,66,0
train_n75_m3_6,9,59,0
train_n75_m3_6,10,41,1
train_n75_m3_6,10,12,0
train_n75_m3_6,11,17,1
train_n75_m3_6,11,1,0
train_n75_m3_6,11,20,0
train_n75_m3_6,11,68,0
train_n75_m3_6,12,0,1
train_n75_m3_6,12,62,0
train_n75_m3_6,12,27,0
train_n75_m3_6,13,62,1
train_n75_m3_6,13,12,0
train_n75_m3_6,14,9,1
train_n75_m3_6,14,49,0
train_n75_m3_6,14,22,0
train_n75_m3_6,15,30,1
train_n75_m3_6,15,74,0
train_n75_m3_6,15,59,0
train_n75_m3_6,16,33,0
train_n75_m3_6,16,15,1
train_n75_m3_6,16,58,0
train_n75_m3_6,16,57,0
train_n75_m3_6,17,11,0
train_n75_m3_6,17,47,1
train_n75_m3_6,17,73,0
train_n75_m3_6,17,39,0
train_n75_m3_6,17,69,0
train_n75_m3_6,18,61,1
train_n75_m3_6,18,32,0
train_n75_m3_6,19,55,1
train_n75_m3_6,20,58,1
train_n75_m3_6,20,35,0
train_n75_m3_6,21,52,0
train_n75_m3_6,21,62,0
train_n75_m3_6,22,6,1
train_n75_m3_6,22,12,0
train_n75_m3_6,22,62,0
train_n75_m3_6,23,52,1
train_n75_m3_6,23,14,0
train_n75_m3_6,23,2,0
train_n75_m3_6,23,63,0
train_n75_m3_6,24,44,1
train_n75_m3_6,24,57,0
train_n75_m3_6,25,46,1
train_n75_m3_6,26,8,1
train_n75_m3_6,26,70,0
train_n75_m3_6,26,32,0
train_n75_m3_6,26,34,0
train_n75_m3_6,26,42,0
train_n75_m3_6,26,2,0
train_n75_m3_6,26,74,0
train_n75_m3_6,27,5,0
train_n75_m3_6,27,22,1
train_n75_m3_6,27,75,0
train_n75_m3_6,28,68,0
train_n75_m3_6,28,65,1
train_n75_m3_6,28,69,0
train_n75_m3_6,28,29,0
train_n75_m3_6,28,5,0
train_n75_m3_6,28,57,0
train_n75_m3_6,29,5,1
train_n75_m3_6,29,28,0
train_n75_m3_6,30,31,1
train_n75_m3_6,31,4,1
train_n75_m3_6,31,46,0
train_n75_m3_6,31,35,0
train_n75_m3_6,31,20,0
train_n75_m3_6,32,8,0
train_n75_m3_6,32,2,1
train_n75_m3_6,32,30,0
train_n75_m3_6,32,15,0
train_n75_m3_6,33,35,1
train_n75_m3_6,34,38,1
train_n75_m3_6,34,30,0
train_n75_m3_6,34,46,0
train_n75_m3_6,34,40,0
train_n75_m3_6,35,19,1
train_n75_m3_6,35,10,0
train_n75_m3_6,35,46,0
train_n75_m3_6,36,29,0
train_n75_m3_6,36,7,1
train_n75_m3_6,36,0,0
train_n75_m3_6,37,18,1
train_n75_m3_6,37,42,0
train_n75_m3_6,37,46,0
train_n75_m3_6,37,31,0
train_n75_m3_6,38,48,1
train_n75_m3_6,38,25,0
train_n75_m3_6,39,69,1
train_n75_m3_6,39,68,0
train_n75_m3_6,39,28,0
train_n75_m3_6,40,64,1
train_n75_m3_6,40,42,0
train_n75_m3_6,40,33,0
train_n75_m3_6,41,0,1
train_n75_m3_6,41,57,0
train_n75_m3_6,41,75,0
train_n75_m3_6,41,54,0
train_n75_m3_6,42,25,1
train_n75_m3_6,42,61,0
train_n75_m3_6,42,48,0
train_n75_m3_6,42,46,0
train_n75_m3_6,42,8,0
train_n75_m3_6,43,49,0
train_n75_m3_6,43,63,1
train_n75_m3_6,44,51,1
train_n75_m3_6,44,57,0
train_n75_m3_6,44,29,0
train_n75_m3_6,44,10,0
train_n75_m3_6,45,72,0
train_n75_m3_6,45,73,1
train_n75_m3_6,45,20,0
train_n75_m3_6,45,69,0
train_n75_m3_6,46,40,1
train_n75_m3_6,46,25,0
train_n75_m3_6,47,39,1
train_n75_m3_6,47,71,0
train_n75_m3_6,47,1,0
train_n75_m3_6,48,70,1
train_n75_m3_6,49,43,1
train_n75_m3_6,49,67,0
train_n75_m3_6,49,14,0
train_n75_m3_6,50,54,0
train_n75_m3_6,50,60,1
train_n75_m3_6,50,13,0
train_n75_m3_6,51,36,0
train_n75_m3_6,51,24,0
train_n75_m3_6,51,68,0
train_n75_m3_6,51,28,0
train_n75_m3_6,51,72,1
train_n75_m3_6,51,65,0
train_n75_m3_6,52,21,0
train_n75_m3_6,52,14,1
train_n75_m3_6,52,9,0
train_n75_m3_6,53,29,1
train_n75_m3_6,53,60,0
train_n75_m3_6,53,5,0
train_n75_m3_6,53,36,0
train_n75_m3_6,54,50,1
train_n75_m3_6,54,10,0
train_n75_m3_6,54,57,0
train_n75_m3_6,55,10,1
train_n75_m3_6,56,20,1
train_n75_m3_6,56,31,0
train_n75_m3_6,56,35,0
train_n75_m3_6,57,51,0
train_n75_m3_6,57,24,1
train_n75_m3_6,58,33,1
train_n75_m3_6,58,4,0
train_n75_m3_6,58,34,0
train_n75_m3_6,59,10,0
train_n75_m3_6,59,16,1
train_n75_m3_6,60,27,1
train_n75_m3_6,60,5,0
train_n75_m3_6,60,66,0
train_n75_m3_6,60,53,0
train_n75_m3_6,60,12,0
train_n75_m3_6,60,44,0
train_n75_m3_6,61,42,1
train_n75_m3_6,61,46,0
train_n75_m3_6,61,38,0
train_n75_m3_6,62,59,1
train_n75_m3_6,62,13,0
train_n75_m3_6,62,12,0
train_n75_m3_6,63,67,1
train_n75_m3_6,63,3,0
train_n75_m3_6,63,23,0
train_n75_m3_6,63,62,0
train_n75_m3_6,64,56,1
train_n75_m3_6,64,4,0
train_n75_m3_6,65,53,1
train_n75_m3_6,65,39,0
train_n75_m3_6,66,12,1
train_n75_m3_6,66,0,0
train_n75_m3_6,66,3,0
train_n75_m3_6,67,21,1
train_n75_m3_6,67,74,0
train_n75_m3_6,68,28,1
train_n75_m3_6,68,71,0
train_n75_m3_6,68,51,0
train_n75_m3_6,68,39,0
train_n75_m3_6,69,39,0
train_n75_m3_6,69,71,1
train_n75_m3_6,69,72,0
train_n75_m3_6,69,45,0
train_n75_m3_6,69,24,0
train_n75_m3_6,70,37,1
train_n75_m3_6,70,38,0
train_n75_m3_6,70,26,0
train_n75_m3_6,70,8,0
train_n75_m3_6,70,25,0
train_n75_m3_6,70,31,0
train_n75_m3_6,71,68,1
train_n75_m3_6,71,39,0
train_n75_m3_6,71,45,0
train_n75_m3_6,72,45,1
train_n75_m3_6,72,73,0
train_n75_m3_6,72,47,0
train_n75_m3_6,72,51,0
train_n75_m3_6,73,45,0
train_n75_m3_6,73,1,1
train_n75_m3_6,73,35,0
train_n75_m3_6,74,23,1
train_n75_m3_6,74,30,0
train_n75_m3_6,74,62,0
train_n75_m3_6,75,36,1
train_n75_m3_6,75,41,0
train_n75_m3_7,0,19,1
train_n75_m3_7,0,12,1
train_n75_m3_7,0,15,1
train_n75_m3_7,0,31,0
train_n75_m3_7,1,13,1
train_n75_m3_7,1,39,0
train_n75_m3_7,2,3,1
train_n75_m3_7,2,71,0
train_n75_m3_7,2,38,0
train_n75_m3_7,3,60,1
train_n75_m3_7,3,28,0
train_n75_m3_7,3,7,0
train_n75_m3_7,4,40,1
train_n75_m3_7,4,6,0
train_n75_m3_7,4,64,0
train_n75_m3_7,4,41,0
train_n75_m3_7,5,73,0
train_n75_m3_7,5,27,1
train_n75_m3_7,6,58,1
train_n75_m3_7,6,40,0
train_n75_m3_7,6,66,0
train_n75_m3_7,7,50,1
train_n75_m3_7,7,72,0
train_n75_m3_7,7,60,0
train_n75_m3_7,8,42,1
train_n75_m3_7,9,54,1
train_n75_m3_7,10,43,0
train_n75_m3_7,10,7,1
train_n75_m3_7,11,10,1
train_n75_m3_7,11,3,0
train_n75_m3_7,12,53,1
train_n75_m3_7,12,0,0
train_n75_m3_7,12,45,0
train_n75_m3_7,12,73,0
train_n75_m3_7,13,16,1
train_n75_m3_7,13,39,0
train_n75_m3_7,13,47,0
train_n75_m3_7,13,8,0
train_n75_m3_7,14,46,1
train_n75_m3_7,14,25,0
train_n75_m3_7,14,62,0
train_n75_m3_7,14,53,0
train_n75_m3_7,15,37,1
train_n75_m3_7,15,45,0
train_n75_m3_7,16,13,0
train_n75_m3_7,16,39,1
train_n75_m3_7,16,26,0
train_n75_m3_7,16,49,0
train_n75_m3_7,16,48,0
train_n75_m3_7,17,65,1
train_n75_m3_7,17,66,0
train_n75_m3_7,17,4,0
train_n75_m3_7,17,22,0
train_n75_m3_7,17,56,0
train_n75_m3_7,18,14,1
train_n75_m3_7,18,10,0
train_n75_m3_7,19,0,0
train_n75_m3_7,19,53,0
train_n75_m3_7,19,61,0
train_n75_m3_7,19,12,0
train_n75_m3_7,19,56,1
train_n75_m3_7,20,74,0
train_n75_m3_7,20,33,1
train_n75_m3_7,21,20,0
train_n75_m3_7,21,9,1
train_n75_m3_7,21,64,0
train_n75_m3_7,21,17,0
train_n75_m3_7,22,74,0
train_n75_m3_7,22,20,1
train_n75_m3_7,22,37,0
train_n75_m3_7,22,4,0
train_n75_m3_7,22,56,0
train_n75_m3_7,23,8,1
train_n75_m3_7,23,13,0
train_n75_m3_7,23,47,0
train_n75_m3_7,24,74,0
train_n75_m3_7,24,22,1
train_n75_m3_7,24,64,0
train_n75_m3_7,25,73,1
train_n75_m3_7,25,5,0
train_n75_m3_7,25,14,0
train_n75_m3_7,25,63,0
train_n75_m3_7,25,19,0
train_n75_m3_7,26,35,1
train_n75_m3_7,26,75,0
train_n75_m3_7,26,3,0
train_n75_m3_7,27,0,1
train_n75_m3_7,27,63,0
train_n75_m3_7,27,37,0
train_n75_m3_7,27,68,0
train_n75_m3_7,28,72,1
train_n75_m3_7,28,11,0
train_n75_m3_7,28,18,0
train_n75_m3_7,29,63,1
train_n75_m3_7,30,57,1
train_n75_m3_7,30,8,0
train_n75_m3_7,30,42,0
train_n75_m3_7,31,51,1
train_n75_m3_7,31,15,0
train_n75_m3_7,32,35,0
train_n75_m3_7,32,59,1
train_n75_m3_7,33,52,1
train_n75_m3_7,33,22,0
train_n75_m3_7,34,61,1
train_n75_m3_7,34,71,0
train_n75_m3_7,35,32,1
train_n75_m3_7,35,26,0
train_n75_m3_7,35,75,0
train_n75_m3_7,36,74,1
train_n75_m3_7,36,21,0
train_n75_m3_7,37,64,1
train_n75_m3_7,37,24,0
train_n75_m3_7,38,26,1
train_n75_m3_7,38,35,0
train_n75_m3_7,38,59,0
train_n75_m3_7,38,39,0
train_n75_m3_7,39,49,0
train_n75_m3_7,39,16,0
train_n75_m3_7,39,38,1
train_n75_m3_7,39,13,0
train_n75_m3_7,39,75,0
train_n75_m3_7,39,69,0
train_n75_m3_7,40,6,1
train_n75_m3_7,40,24,0
train_n75_m3_7,40,17,0
train_n75_m3_7,40,41,0
train_n75_m3_7,41,49,1
train_n75_m3_7,41,47,0
train_n75_m3_7,41,4,0
train_n75_m3_7,42,1,1
train_n75_m3_7,42,8,0
train_n75_m3_7,42,48,0
train_n75_m3_7,42,6,0
train_n75_m3_7,43,11,1
train_n75_m3_7,43,70,0
train_n75_m3_7,43,18,0
train_n75_m3_7,44,55,1
train_n75_m3_7,44,67,0
train_n75_m3_7,45,0,1
train_n75_m3_7,45,56,0
train_n75_m3_7,45,54,0
train_n75_m3_7,46,44,1
train_n75_m3_7,46,25,0
train_n75_m3_7,46,27,0
train_n75_m3_7,46,45,0
train_n75_m3_7,47,39,0
train_n75_m3_7,47,48,1
train_n75_m3_7,47,69,0
train_n75_m3_7,47,34,0
train_n75_m3_7,48,30,1
train_n75_m3_7,48,40,0
train_n75_m3_7,48,49,0
train_n75_m3_7,49,47,1
train_n75_m3_7,49,16,0
train_n75_m3_7,49,61,0
train_n75_m3_7,50,18,1
train_n75_m3_7,50,67,0
train_n75_m3_7,51,29,1
train_n75_m3_7,51,37,0
train_n75_m3_7,52,21,1
train_n75_m3_7,52,65,0
train_n75_m3_7,53,19,0
train_n75_m3_7,53,63,0
train_n75_m3_7,53,37,0
train_n75_m3_7,53,67,1
train_n75_m3_7,53,62,0
train_n75_m3_7,53,56,0
train_n75_m3_7,54,31,1
train_n75_m3_7,54,64,0
train_n75_m3_7,54,37,0
train_n75_m3_7,54,19,0
train_n75_m3_7,55,25,1
train_n75_m3_7,55,5,0
train_n75_m3_7,55,12,0
train_n75_m3_7,55,18,0
train_n75_m3_7,56,41,1
train_n75_m3_7,56,37,0
train_n75_m3_7,56,34,0
train_n75_m3_7,57,23,1
train_n75_m3_7,57,8,0
train_n75_m3_7,57,30,0
train_n75_m3_7,57,48,0
train_n75_m3_7,57,13,0
train_n75_m3_7,57,16,0
train_n75_m3_7,58,69,1
train_n75_m3_7,58,30,0
train_n75_m3_7,58,49,0
train_n75_m3_7,58,4,0
train_n75_m3_7,59,2,1
train_n75_m3_7,59,60,0
train_n75_m3_7,59,71,0
train_n75_m3_7,59,72,0
train_n75_m3_7,59,62,0
train_n75_m3_7,60,72,0
train_n75_m3_7,60,75,1
train_n75_m3_7,61,56,0
train_n75_m3_7,61,19,0
train_n75_m3_7,61,45,1
train_n75_m3_7,62,28,0
train_n75_m3_7,62,71,1
train_n75_m3_7,62,72,0
train_n75_m3_7,62,59,0
train_n75_m3_7,62,3,0
train_n75_m3_7,63,0,1
train_n75_m3_7,63,15,0
train_n75_m3_7,63,29,0
train_n75_m3_7,63,73,0
train_n75_m3_7,63,54,0
train_n75_m3_7,64,37,0
train_n75_m3_7,64,4,1
train_n75_m3_7,65,36,1
train_n75_m3_7,65,58,0
train_n75_m3_7,65,56,0
train_n75_m3_7,66,17,1
train_n75_m3_7,66,58,0
train_n75_m3_7,67,62,1
train_n75_m3_7,67,72,0
train_n75_m3_7,68,5,1
train_n75_m3_7,68,25,0
train_n75_m3_7,68,0,0
train_n75_m3_7,69,66,1
train_n75_m3_7,70,72,0
train_n75_m3_7,70,43,1
train_n75_m3_7,71,28,1
train_n75_m3_7,71,3,0
train_n75_m3_7,71,75,0
train_n75_m3_7,72,70,1
train_n75_m3_7,73,68,1
train_n75_m3_7,74,36,0
train_n75_m3_7,74,24,1
train_n75_m3_7,75,60,0
train_n75_m3_7,75,34,1
train_n75_m3_7,75,35,0
train_n75_m3_7,75,32,0
train_n75_m5_0,0,8,1
train_n75_m5_0,0,74,1
train_n75_m5_0,0,52,1
train_n75_m5_0,0,39,0
train_n75_m5_0,0,16,1
train_n75_m5_0,1,60,1
train_n75_m5_0,2,0,1
train_n75_m5_0,3,66,1
train_n75_m5_0,3,7,0
train_n75_m5_0,4,9,0
train_n75_m5_0,4,44,0
train_n75_m5_0,4,46,0
train_n75_m5_0,4,53,0
train_n75_m5_0,4,11,0
train_n75_m5_0,5,18,1
train_n75_m5_0,5,30,0
train_n75_m5_0,5,54,0
train_n75_m5_0,5,26,0
train_n75_m5_0,6,71,1
train_n75_m5_0,6,21,0
train_n75_m5_0,7,54,1
train_n75_m5_0,7,22,0
train_n75_m5_0,7,56,0
train_n75_m5_0,7,30,0
train_n75_m5_0,7,26,0
train_n75_m5_0,8,4,1
train_n75_m5_0,8,0,0
train_n75_m5_0,8,16,0
train_n75_m5_0,9,43,1
train_n75_m5_0,9,8,0
train_n75_m5_0,9,38,0
train_n75_m5_0,10,21,1
train_n75_m5_0,10,36,0
train_n75_m5_0,10,12,0
train_n75_m5_0,11,44,1
train_n75_m5_0,11,0,0
train_n75_m5_0,11,4,0
train_n75_m5_0,11,41,0
train_n75_m5_0,11,46,0
train_n75_m5_0,12,19,0
train_n75_m5_0,12,6,1
train_n75_m5_0,13,2,1
train_n75_m5_0,13,0,0
train_n75_m5_0,13,38,0
train_n75_m5_0,14,6,0
train_n75_m5_0,14,12,0
train_n75_m5_0,14,58,1
train_n75_m5_0,14,75,0
train_n75_m5_0,14,61,0
train_n75_m5_0,15,31,0
train_n75_m5_0,15,38,1
train_n75_m5_0,16,49,1
train_n75_m5_0,16,37,0
train_n75_m5_0,17,21,0
train_n75_m5_0,17,36,0
train_n75_m5_0,17,24,0
train_n75_m5_0,17,42,1
train_n75_m5_0,17,70,0
train_n75_m5_0,18,34,1
train_n75_m5_0,18,66,0
train_n75_m5_0,18,30,0
train_n75_m5_0,18,62,0
train_n75_m5_0,19,42,0
train_n75_m5_0,19,12,1
train_n75_m5_0,19,61,0
train_n75_m5_0,19,14,0
train_n75_m5_0,19,25,0
train_n75_m5_0,19,24,0
train_n75_m5_0,20,39,1
train_n75_m5_0,20,74,0
train_n75_m5_0,20,68,0
train_n75_m5_0,20,62,0
train_n75_m5_0,20,3,0
train_n75_m5_0,21,17,1
train_n75_m5_0,22,7,1
train_n75_m5_0,22,20,0
train_n75_m5_0,22,30,0
train_n75_m5_0,23,55,1
train_n75_m5_0,23,72,0
train_n75_m5_0,23,35,0
train_n75_m5_0,23,29,0
train_n75_m5_0,24,25,0
train_n75_m5_0,24,45,1
train_n75_m5_0,24,12,0
train_n75_m5_0,25,24,1
train_n75_m5_0,25,10,0
train_n75_m5_0,25,12,0
train_n75_m5_0,25,16,0
train_n75_m5_0,26,62,1
train_n75_m5_0,26,40,0
train_n75_m5_0,27,35,1
train_n75_m5_0,28,48,1
train_n75_m5_0,29,47,1
train_n75_m5_0,29,59,0
train_n75_m5_0,29,72,0
train_n75_m5_0,30,3,1
train_n75_m5_0,30,26,0
train_n75_m5_0,31,61,1
train_n75_m5_0,31,15,0
train_n75_m5_0,31,41,0
train_n75_m5_0,32,48,0
train_n75_m5_0,32,64,1
train_n75_m5_0,32,55,0
train_n75_m5_0,33,37,1
train_n75_m5_0,34,23,1
train_n75_m5_0,35,1,1
train_n75_m5_0,35,3,0
train_n75_m5_0,35,26,0
train_n75_m5_0,36,70,0
train_n75_m5_0,36,50,1
train_n75_m5_0,36,10,0
train_n75_m5_0,36,29,0
train_n75_m5_0,36,28,0
train_n75_m5_0,36,48,0
train_n75_m5_0,37,53,1
train_n75_m5_0,37,46,0
train_n75_m5_0,37,61,0
train_n75_m5_0,37,31,0
train_n75_m5_0,37,38,0
train_n75_m5_0,38,0,1
train_n75_m5_0,39,68,1
train_n75_m5_0,39,22,0
train_n75_m5_0,40,30,1
train_n75_m5_0,40,7,0
train_n75_m5_0,40,27,0
train_n75_m5_0,41,4,0
train_n75_m5_0,41,16,0
train_n75_m5_0,41,0,1
train_n75_m5_0,41,53,0
train_n75_m5_0,41,13,0
train_n75_m5_0,42,33,1
train_n75_m5_0,42,45,0
train_n75_m5_0,42,46,0
train_n75_m5_0,43,11,1
train_n75_m5_0,43,44,0
train_n75_m5_0,43,8,0
train_n75_m5_0,43,38,0
train_n75_m5_0,44,13,1
train_n75_m5_0,44,2,0
train_n75_m5_0,44,8,0
train_n75_m5_0,44,39,0
train_n75_m5_0,44,38,0
train_n75_m5_0,45,10,1
train_n75_m5_0,45,15,0
train_n75_m5_0,45,12,0
train_n75_m5_0,46,41,1
train_n75_m5_0,46,58,0
train_n75_m5_0,47,28,1
train_n75_m5_0,47,29,0
train_n75_m5_0,47,57,0
train_n75_m5_0,48,32,1
train_n75_m5_0,48,55,0
train_n75_m5_0,48,57,0
train_n75_m5_0,49,31,1
train_n75_m5_0,49,25,0
train_n75_m5_0,49,58,0
train_n75_m5_0,50,25,0
train_n75_m5_0,50,15,1
train_n75_m5_0,51,52,0
train_n75_m5_0,51,20,0
train_n75_m5_0,51,0,1
train_n75_m5_0,52,51,0
train_n75_m5_0,52,56,0
train_n75_m5_0,52,22,0
train_n75_m5_0,52,39,0
train_n75_m5_0,52,41,0
train_n75_m5_0,52,8,0
train_n75_m5_0,52,2,0
train_n75_m5_0,52,4,0
train_n75_m5_0,53,46,1
train_n75_m5_0,53,31,0
train_n75_m5_0,54,63,0
train_n75_m5_0,54,5,1
train_n75_m5_0,55,69,1
train_n75_m5_0,55,57,0
train_n75_m5_0,55,54,0
train_n75_m5_0,56,22,1
train_n75_m5_0,56,63,0
train_n75_m5_0,56,54,0
train_n75_m5_0,56,20,0
train_n75_m5_0,56,3,0
train_n75_m5_0,57,59,1
train_n75_m5_0,57,69,0
train_n75_m5_0,58,33,0
train_n75_m5_0,59,57,0
train_n75_m5_0,59,29,1
train_n75_m5_0,59,69,0
train_n75_m5_0,59,63,0
train_n75_m5_0,60,62,0
train_n75_m5_0,60,26,1
train_n75_m5_0,60,30,0
train_n75_m5_0,60,5,0
train_n75_m5_0,61,25,1
train_n75_m5_0,61,42,0
train_n75_m5_0,61,16,0
train_n75_m5_0,61,19,0
train_n75_m5_0,62,26,0
train_n75_m5_0,62,60,0
train_n75_m5_0,62,65,1
train_n75_m5_0,63,51,1
train_n75_m5_0,63,3,0
train_n75_m5_0,64,70,1
train_n75_m5_0,64,73,0
train_n75_m5_0,64,59,0
train_n75_m5_0,65,20,1
train_n75_m5_0,65,66,0
train_n75_m5_0,66,27,1
train_n75_m5_0,66,5,0
train_n75_m5_0,66,40,0
train_n75_m5_0,66,18,0
train_n75_m5_0,67,57,1
train_n75_m5_0,67,56,0
train_n75_m5_0,67,7,0
train_n75_m5_0,67,15,0
train_n75_m5_0,68,0,1
train_n75_m5_0,68,39,0
train_n75_m5_0,68,8,0
train_n75_m5_0,68,52,0
train_n75_m5_0,68,51,0
train_n75_m5_0,69,72,1
train_n75_m5_0,70,73,1
train_n75_m5_0,70,32,0
train_n75_m5_0,71,14,1
train_n75_m5_0,71,17,0
train_n75_m5_0,71,10,0
train_n75_m5_0,72,63,1
train_n75_m5_0,72,55,0
train_n75_m5_0,72,29,0
train_n75_m5_0,73,36,1
train_n75_m5_0,73,70,0
train_n75_m5_0,74,39,0
train_n75_m5_0,74,13,0
train_n75_m5_0,75,19,1
train_n75_m5_0,75,16,0
train_n75_m5_0,75,42,0
train_n75_m5_1,0,68,1
train_n75_m5_1,0,71,0
train_n75_m5_1,0,61,1
train_n75_m5_1,0,36,1
train_n75_m5_1,0,17,0
train_n75_m5_1,0,30,1
train_n75_m5_1,1,24,0
train_n75_m5_1,1,60,0
train_n75_m5_1,1,0,1
train_n75_m5_1,2,17,1
train_n75_m5_1,2,36,0
train_n75_m5_1,2,51,0
train_n75_m5_1,2,38,0
train_n75_m5_1,2,35,0
train_n75_m5_1,3,59,1
train_n75_m5_1,4,24,0
train_n75_m5_1,4,50,1
train_n75_m5_1,5,35,1
train_n75_m5_1,5,7,0
train_n75_m5_1,5,34,0
train_n75_m5_1,5,36,0
train_n75_m5_1,6,53,0
train_n75_m5_1,6,46,0
train_n75_m5_1,6,27,1
train_n75_m5_1,6,57,0
train_n75_m5_1,7,5,0
train_n75_m5_1,8,22,1
train_n75_m5_1,8,23,0
train_n75_m5_1,8,44,0
train_n75_m5_1,9,53,1
train_n75_m5_1,9,67,0
train_n75_m5_1,10,29,1
train_n75_m5_1,10,53,0
train_n75_m5_1,11,42,0
train_n75_m5_1,11,41,0
train_n75_m5_1,11,55,1
train_n75_m5_1,11,65,0
train_n75_m5_1,11,21,0
train_n75_m5_1,11,56,0
train_n75_m5_1,12,72,1
train_n75_m5_1,12,18,0
train_n75_m5_1,12,23,0
train_n75_m5_1,12,21,0
train_n75_m5_1,12,29,0
train_n75_m5_1,13,26,0
train_n75_m5_1,13,5,1
train_n75_m5_1,13,43,0
train_n75_m5_1,14,46,1
train_n75_m5_1,14,9,0
train_n75_m5_1,15,25,1
train_n75_m5_1,15,8,0
train_n75_m5_1,15,75,0
train_n75_m5_1,15,33,0
train_n75_m5_1,16,0,0
train_n75_m5_1,16,3,1
train_n75_m5_1,16,50,0
train_n75_m5_1,16,1,0
train_n75_m5_1,17,34,1
train_n75_m5_1,17,61,0
train_n75_m5_1,18,47,0
train_n75_m5_1,18,12,1
train_n75_m5_1,18,69,0
train_n75_m5_1,18,44,0
train_n75_m5_1,18,54,0
train_n75_m5_1,19,39,1
train_n75_m5_1,19,23,0
train_n75_m5_1,20,7,1
train_n75_m5_1,21,18,0
train_n75_m5_1,22,8,0
train_n75_m5_1,22,63,1
train_n75_m5_1,23,73,1
train_n75_m5_1,23,53,0
train_n75_m5_1,23,57,0
train_n75_m5_1,24,1,1
train_n75_m5_1,24,43,0
train_n75_m5_1,25,62,1
train_n75_m5_1,25,42,0
train_n75_m5_1,25,22,0
train_n75_m5_1,25,33,0
train_n75_m5_1,26,2,1
train_n75_m5_1,26,30,0
train_n75_m5_1,26,17,0
train_n75_m5_1,26,36,0
train_n75_m5_1,26,66,0
train_n75_m5_1,27,37,1
train_n75_m5_1,27,9,0
train_n75_m5_1,27,28,0
train_n75_m5_1,27,45,0
train_n75_m5_1,28,6,1
train_n75_m5_1,28,74,0
train_n75_m5_1,29,56,1
train_n75_m5_1,29,22,0
train_n75_m5_1,29,12,0
train_n75_m5_1,30,13,1
train_n75_m5_1,30,17,0
train_n75_m5_1,30,36,0
train_n75_m5_1,30,68,0
train_n75_m5_1,31,57,1
train_n75_m5_1,31,67,0
train_n75_m5_1,31,46,0
train_n75_m5_1,31,72,0
train_n75_m5_1,32,33,1
train_n75_m5_1,32,40,0
train_n75_m5_1,32,75,0
train_n75_m5_1,33,40,1
train_n75_m5_1,33,75,0
train_n75_m5_1,33,48,0
train_n75_m5_1,34,0,1
train_n75_m5_1,34,13,0
train_n75_m5_1,34,61,0
train_n75_m5_1,34,26,0
train_n75_m5_1,34,1,0
train_n75_m5_1,35,45,1
train_n75_m5_1,35,66,0
train_n75_m5_1,36,16,0
train_n75_m5_1,37,20,1
train_n75_m5_1,37,72,0
train_n75_m5_1,38,51,1
train_n75_m5_1,39,28,1
train_n75_m5_1,39,9,0
train_n75_m5_1,39,70,0
train_n75_m5_1,40,65,1
train_n75_m5_1,40,32,0
train_n75_m5_1,40,11,0
train_n75_m5_1,40,62,0
train_n75_m5_1,41,21,0
train_n75_m5_1,41,8,1
train_n75_m5_1,41,48,0
train_n75_m5_1,42,11,1
train_n75_m5_1,43,7,0
train_n75_m5_1,43,47,1
train_n75_m5_1,43,54,0
train_n75_m5_1,43,48,0
train_n75_m5_1,44,70,1
train_n75_m5_1,44,73,0
train_n75_m5_1,45,64,1
train_n75_m5_1,45,35,0
train_n75_m5_1,45,7,0
train_n75_m5_1,45,14,0
train_n75_m5_1,46,9,1
train_n75_m5_1,46,70,0
train_n75_m5_1,47,14,1
train_n75_m5_1,48,24,1
train_n75_m5_1,48,4,0
train_n75_m5_1,48,75,0
train_n75_m5_1,48,1,0
train_n75_m5_1,49,58,1
train_n75_m5_1,49,3,0
train_n75_m5_1,50,49,0
train_n75_m5_1,50,71,1
train_n75_m5_1,51,5,0
train_n75_m5_1,51,26,1
train_n75_m5_1,51,2,0
train_n75_m5_1,51,36,0
train_n75_m5_1,52,4,1
train_n75_m5_1,52,24,0
train_n75_m5_1,52,50,0
train_n75_m5_1,52,59,0
train_n75_m5_1,53,31,1
train_n75_m5_1,53,46,0
train_n75_m5_1,53,67,0
train_n75_m5_1,53,19,0
train_n75_m5_1,53,73,0
train_n75_m5_1,53,6,0
train_n75_m5_1,54,48,0
train_n75_m5_1,54,41,1
train_n75_m5_1,54,18,0
train_n75_m5_1,55,48,1
train_n75_m5_1,55,11,0
train_n75_m5_1,55,75,0
train_n75_m5_1,55,60,0
train_n75_m5_1,56,21,1
train_n75_m5_1,56,8,0
train_n75_m5_1,56,29,0
train_n75_m5_1,56,42,0
train_n75_m5_1,56,23,0
train_n75_m5_1,57,67,1
train_n75_m5_1,57,19,0
train_n75_m5_1,57,39,0
train_n75_m5_1,57,73,0
train_n75_m5_1,57,9,0
train_n75_m5_1,58,32,1
train_n75_m5_1,58,48,0
train_n75_m5_1,58,54,0
train_n75_m5_1,58,33,0
train_n75_m5_1,58,40,0
train_n75_m5_1,58,71,0
train_n75_m5_1,59,49,1
train_n75_m5_1,59,0,0
train_n75_m5_1,59,32,0
train_n75_m5_1,60,52,1
train_n75_m5_1,60,1,0
train_n75_m5_1,61,16,1
train_n75_m5_1,62,15,0
train_n75_m5_1,62,42,1
train_n75_m5_1,62,40,0
train_n75_m5_1,63,42,0
train_n75_m5_1,63,15,1
train_n75_m5_1,64,66,1
train_n75_m5_1,64,51,0
train_n75_m5_1,64,18,0
train_n75_m5_1,65,75,1
train_n75_m5_1,65,8,0
train_n75_m5_1,65,32,0
train_n75_m5_1,66,38,1
train_n75_m5_1,66,64,0
train_n75_m5_1,66,47,0
train_n75_m5_1,67,19,1
train_n75_m5_1,67,39,0
train_n75_m5_1,67,23,0
train_n75_m5_1,67,46,0
train_n75_m5_1,68,50,0
train_n75_m5_1,68,3,0
train_n75_m5_1,69,18,1
train_n75_m5_1,69,20,0
train_n75_m5_1,70,44,0
train_n75_m5_1,70,23,1
train_n75_m5_1,70,56,0
train_n75_m5_1,70,73,0
train_n75_m5_1,71,0,1
train_n75_m5_1,71,16,0
train_n75_m5_1,71,34,0
train_n75_m5_1,71,50,0
train_n75_m5_1,71,59,0
train_n75_m5_1,71,13,0
train_n75_m5_1,72,44,1
train_n75_m5_1,72,23,0
train_n75_m5_1,73,74,1
train_n75_m5_1,73,67,0
train_n75_m5_1,73,9,0
train_n75_m5_1,73,28,0
train_n75_m5_1,74,10,1
train_n75_m5_1,75,65,0
train_n75_m5_1,75,41,0
train_n75_m5_2,0,40,1
train_n75_m5_2,0,16,1
train_n75_m5_2,0,53,1
train_n75_m5_2,0,25,0
train_n75_m5_2,0,49,1
train_n75_m5_2,0,6,1
train_n75_m5_2,0,72,0
train_n75_m5_2,0,10,0
train_n75_m5_2,1,61,0
train_n75_m5_2,1,15,1
train_n75_m5_2,1,45,0
train_n75_m5_2,1,72,0
train_n75_m5_2,1,40,0
train_n75_m5_2,2,64,1
train_n75_m5_2,2,44,0
train_n75_m5_2,2,71,0
train_n75_m5_2,2,41,0
train_n75_m5_2,2,21,0
train_n75_m5_2,3,46,0
train_n75_m5_2,3,37,1
train_n75_m5_2,3,52,0
train_n75_m5_2,3,44,0
train_n75_m5_2,4,21,1
train_n75_m5_2,4,70,0
train_n75_m5_2,5,37,0
train_n75_m5_2,5,46,1
train_n75_m5_2,5,44,0
train_n75_m5_2,6,9,1
train_n75_m5_2,6,49,0
train_n75_m5_2,7,75,1
train_n75_m5_2,8,10,0
train_n75_m5_2,8,72,0
train_n75_m5_2,8,45,0
train_n75_m5_2,8,56,0
train_n75_m5_2,8,55,1
train_n75_m5_2,8,0,0
train_n75_m5_2,9,11,1
train_n75_m5_2,9,33,0
train_n75_m5_2,9,44,0
train_n75_m5_2,9,7,0
train_n75_m5_2,10,8,1
train_n75_m5_2,10,40,0
train_n75_m5_2,10,55,0
train_n75_m5_2,10,16,0
train_n75_m5_2,10,65,0
train_n75_m5_2,11,73,0
train_n75_m5_2,11,67,1
train_n75_m5_2,11,44,0
train_n75_m5_2,11,26,0
train_n75_m5_2,12,22,1
train_n75_m5_2,13,12,1
train_n75_m5_2,13,64,0
train_n75_m5_2,14,42,1
train_n75_m5_2,14,35,0
train_n75_m5_2,15,45,1
train_n75_m5_2,15,8,0
train_n75_m5_2,16,60,0
train_n75_m5_2,16,66,1
train_n75_m5_2,16,45,0
train_n75_m5_2,17,50,1
train_n75_m5_2,17,51,0
train_n75_m5_2,17,48,0
train_n75_m5_2,17,58,0
train_n75_m5_2,17,24,0
train_n75_m5_2,18,74,1
train_n75_m5_2,18,20,0
train_n75_m5_2,19,68,1
train_n75_m5_2,19,16,0
train_n75_m5_2,20,39,0
train_n75_m5_2,20,62,1
train_n75_m5_2,21,13,1
train_n75_m5_2,21,12,0
train_n75_m5_2,21,57,0
train_n75_m5_2,22,43,1
train_n75_m5_2,22,58,0
train_n75_m5_2,22,73,0
train_n75_m5_2,23,7,1
train_n75_m5_2,24,51,1
train_n75_m5_2,24,42,0
train_n75_m5_2,24,17,0
train_n75_m5_2,24,66,0
train_n75_m5_2,25,74,0
train_n75_m5_2,25,0,1
train_n75_m5_2,26,0,1
train_n75_m5_2,27,48,0
train_n75_m5_2,27,50,0
train_n75_m5_2,27,65,1
train_n75_m5_2,27,25,0
train_n75_m5_2,27,47,0
train_n75_m5_2,28,34,1
train_n75_m5_2,28,56,0
train_n75_m5_2,28,63,0
train_n75_m5_2,28,49,0
train_n75_m5_2,29,36,1
train_n75_m5_2,29,75,0
train_n75_m5_2,29,3,0
train_n75_m5_2,29,73,0
train_n75_m5_2,30,28,1
train_n75_m5_2,31,54,1
train_n75_m5_2,32,52,1
train_n75_m5_2,32,7,0
train_n75_m5_2,32,63,0
train_n75_m5_2,33,9,0
train_n75_m5_2,33,43,0
train_n75_m5_2,33,70,1
train_n75_m5_2,34,30,0
train_n75_m5_2,34,56,1
train_n75_m5_2,34,40,0
train_n75_m5_2,34,69,0
train_n75_m5_2,34,55,0
train_n75_m5_2,34,65,0
train_n75_m5_2,34,10,0
train_n75_m5_2,35,18,1
train_n75_m5_2,35,39,0
train_n75_m5_2,36,2,1
train_n75_m5_2,36,41,0
train_n75_m5_2,37,5,1
train_n75_m5_2,37,69,0
train_n75_m5_2,37,30,0
train_n75_m5_2,38,19,1
train_n75_m5_2,38,55,0
train_n75_m5_2,38,0,0
train_n75_m5_2,39,17,1
train_n75_m5_2,39,14,0
train_n75_m5_2,39,54,0
train_n75_m5_2,40,72,1
train_n75_m5_2,40,15,0
train_n75_m5_2,41,29,1
train_n75_m5_2,41,36,0
train_n75_m5_2,41,3,0
train_n75_m5_2,41,2,0
train_n75_m5_2,41,63,0
train_n75_m5_2,42,39,1
train_n75_m5_2,42,17,0
train_n75_m5_2,43,70,0
train_n75_m5_2,43,58,1
train_n75_m5_2,43,67,0
train_n75_m5_2,44,52,0
train_n75_m5_2,44,71,1
train_n75_m5_2,44,36,0
train_n75_m5_2,44,2,0
train_n75_m5_2,45,15,0
train_n75_m5_2,45,10,1
train_n75_m5_2,45,38,0
train_n75_m5_2,45,8,0
train_n75_m5_2,45,19,0
train_n75_m5_2,46,63,1
train_n75_m5_2,46,3,0
train_n75_m5_2,46,29,0
train_n75_m5_2,46,44,0
train_n75_m5_2,47,59,1
train_n75_m5_2,47,62,0
train_n75_m5_2,47,27,0
train_n75_m5_2,47,60,0
train_n75_m5_2,48,59,0
train_n75_m5_2,48,20,1
train_n75_m5_2,48,66,0
train_n75_m5_2,48,26,0
train_n75_m5_2,48,17,0
train_n75_m5_2,48,16,0
train_n75_m5_2,49,25,0
train_n75_m5_2,49,53,0
train_n75_m5_2,49,71,0
train_n75_m5_2,49,32,1
train_n75_m5_2,50,18,0
train_n75_m5_2,50,60,1
train_n75_m5_2,50,42,0
train_n75_m5_2,50,14,0
train_n75_m5_2,50,66,0
train_n75_m5_2,51,14,1
train_n75_m5_2,51,24,0
train_n75_m5_2,51,59,0
train_n75_m5_2,52,41,1
train_n75_m5_2,52,3,0
train_n75_m5_2,53,23,1
train_n75_m5_2,53,25,0
train_n75_m5_2,54,51,0
train_n75_m5_2,54,24,1
train_n75_m5_2,54,17,0
train_n75_m5_2,54,59,0
train_n75_m5_2,55,0,1
train_n75_m5_2,55,26,0
train_n75_m5_2,56,0,1
train_n75_m5_2,57,44,1
train_n75_m5_2,57,64,0
train_n75_m5_2,57,49,0
train_n75_m5_2,58,35,1
train_n75_m5_2,58,17,0
train_n75_m5_2,58,9,0
train_n75_m5_2,58,39,0
train_n75_m5_2,59,66,0
train_n75_m5_2,59,48,1
train_n75_m5_2,59,60,0
train_n75_m5_2,59,74,0
train_n75_m5_2,59,65,0
train_n75_m5_2,59,55,0
train_n75_m5_2,60,27,1
train_n75_m5_2,61,1,1
train_n75_m5_2,61,40,0
train_n75_m5_2,62,31,1
train_n75_m5_2,62,51,0
train_n75_m5_2,63,46,0
train_n75_m5_2,63,69,1
train_n75_m5_2,63,29,0
train_n75_m5_2,64,73,0
train_n75_m5_2,64,57,1
train_n75_m5_2,64,2,0
train_n75_m5_2,65,0,1
train_n75_m5_2,65,16,0
train_n75_m5_2,65,25,0
train_n75_m5_2,66,47,1
train_n75_m5_2,66,48,0
train_n75_m5_2,66,27,0
train_n75_m5_2,66,20,0
train_n75_m5_2,67,33,1
train_n75_m5_2,68,61,1
train_n75_m5_2,68,10,0
train_n75_m5_2,69,30,1
train_n75_m5_2,69,63,0
train_n75_m5_2,69,5,0
train_n75_m5_2,70,4,1
train_n75_m5_2,70,13,0
train_n75_m5_2,70,71,0
train_n75_m5_2,70,57,0
train_n75_m5_2,71,73,1
train_n75_m5_2,71,44,0
train_n75_m5_2,71,52,0
train_n75_m5_2,72,38,1
train_n75_m5_2,72,10,0
train_n75_m5_2,72,0,0
train_n75_m5_2,73,25,1
train_n75_m5_2,74,18,0
train_n75_m5_2,74,26,1
train_n75_m5_2,74,25,0
train_n75_m5_2,74,35,0
train_n75_m5_2,74,48,0
train_n75_m5_2,74,58,0
train_n75_m5_2,75,3,1
train_n75_m5_2,75,44,0
train_n75_m5_2,75,29,0
train_n75_m5_3,0,75,1
train_n75_m5_3,0,66,0
train_n75_m5_3,0,20,1
train_n75_m5_3,0,61,0
train_n75_m5_3,0,3,0
train_n75_m5_3,1,38,1
train_n75_m5_3,1,29,0
train_n75_m5_3,1,72,0
train_n75_m5_3,1,24,0
train_n75_m5_3,1,74,0
train_n75_m5_3,2,4,1
train_n75_m5_3,2,43,0
train_n75_m5_3,2,22,0
train_n75_m5_3,4,62,1
train_n75_m5_3,4,5,0
train_n75_m5_3,5,52,1
train_n75_m5_3,5,37,0
train_n75_m5_3,6,50,0
train_n75_m5_3,6,29,1
train_n75_m5_3,7,0,1
train_n75_m5_3,7,20,0
train_n75_m5_3,7,30,0
train_n75_m5_3,7,61,0
train_n75_m5_3,8,73,1
train_n75_m5_3,8,31,0
train_n75_m5_3,8,4,0
train_n75_m5_3,9,52,0
train_n75_m5_3,9,37,0
train_n75_m5_3,10,12,1
train_n75_m5_3,10,65,0
train_n75_m5_3,11,34,0
train_n75_m5_3,11,44,1
train_n75_m5_3,11,17,0
train_n75_m5_3,11,25,0
train_n75_m5_3,12,7,1
train_n75_m5_3,12,23,0
train_n75_m5_3,13,1,1
train_n75_m5_3,13,38,0
train_n75_m5_3,14,28,0
train_n75_m5_3,14,58,1
train_n75_m5_3,14,74,0
train_n75_m5_3,14,21,0
train_n75_m5_3,14,50,0
train_n75_m5_3,14,45,0
train_n75_m5_3,14,47,0
train_n75_m5_3,16,2,1
train_n75_m5_3,16,62,0
train_n75_m5_3,16,40,0
train_n75_m5_3,17,25,1
train_n75_m5_3,17,35,0
train_n75_m5_3,17,54,0
train_n75_m5_3,18,68,1
train_n75_m5_3,18,42,0
train_n75_m5_3,18,67,0
train_n75_m5_3,18,15,0
train_n75_m5_3,19,41,1
train_n75_m5_3,19,42,0
train_n75_m5_3,19,18,0
train_n75_m5_3,19,44,0
train_n75_m5_3,20,55,1
train_n75_m5_3,20,0,0
train_n75_m5_3,21,28,1
train_n75_m5_3,21,17,0
train_n75_m5_3,21,50,0
train_n75_m5_3,22,64,1
train_n75_m5_3,22,8,0
train_n75_m5_3,23,70,0
train_n75_m5_3,23,39,0
train_n75_m5_3,23,64,0
train_n75_m5_3,23,40,1
train_n75_m5_3,24,50,0
train_n75_m5_3,24,74,1
train_n75_m5_3,25,21,1
train_n75_m5_3,25,63,0
train_n75_m5_3,26,54,1
train_n75_m5_3,26,70,0
train_n75_m5_3,26,25,0
train_n75_m5_3,26,32,0
train_n75_m5_3,27,60,1
train_n75_m5_3,27,5,0
train_n75_m5_3,27,21,0
train_n75_m5_3,28,14,1
train_n75_m5_3,29,13,1
train_n75_m5_3,29,45,0
train_n75_m5_3,30,10,1
train_n75_m5_3,30,65,0
train_n75_m5_3,30,32,0
train_n75_m5_3,31,40,0
train_n75_m5_3,31,25,0
train_n75_m5_3,31,39,1
train_n75_m5_3,31,56,0
train_n75_m5_3,31,8,0
train_n75_m5_3,32,48,1
train_n75_m5_3,32,34,0
train_n75_m5_3,33,49,0
train_n75_m5_3,33,68,0
train_n75_m5_3,33,32,1
train_n75_m5_3,33,72,0
train_n75_m5_3,33,11,0
train_n75_m5_3,34,63,1
train_n75_m5_3,34,11,0
train_n75_m5_3,34,58,0
train_n75_m5_3,34,17,0
train_n75_m5_3,36,11,1
train_n75_m5_3,36,54,0
train_n75_m5_3,36,24,0
train_n75_m5_3,36,44,0
train_n75_m5_3,36,47,0
train_n75_m5_3,37,56,1
train_n75_m5_3,37,5,0
train_n75_m5_3,38,47,1
train_n75_m5_3,38,45,0
train_n75_m5_3,38,69,0
train_n75_m5_3,39,61,1
train_n75_m5_3,39,3,0
train_n75_m5_3,39,17,0
train_n75_m5_3,39,9,0
train_n75_m5_3,40,35,0
train_n75_m5_3,40,51,1
train_n75_m5_3,40,23,0
train_n75_m5_3,40,28,0
train_n75_m5_3,41,67,1
train_n75_m5_3,41,18,0
train_n75_m5_3,42,57,1
train_n75_m5_3,42,32,0
train_n75_m5_3,42,59,0
train_n75_m5_3,43,46,1
train_n75_m5_3,43,56,0
train_n75_m5_3,43,73,0
train_n75_m5_3,43,40,0
train_n75_m5_3,43,5,0
train_n75_m5_3,44,26,0
train_n75_m5_3,44,54,0
train_n75_m5_3,44,63,0
train_n75_m5_3,44,15,1
train_n75_m5_3,45,6,1
train_n75_m5_3,45,50,0
train_n75_m5_3,45,60,0
train_n75_m5_3,46,9,1
train_n75_m5_3,46,52,0
train_n75_m5_3,46,40,0
train_n75_m5_3,46,4,0
train_n75_m5_3,46,5,0
train_n75_m5_3,47,24,1
train_n75_m5_3,47,6,0
train_n75_m5_3,47,69,0
train_n75_m5_3,47,45,0
train_n75_m5_3,48,30,1
train_n75_m5_3,48,12,0
train_n75_m5_3,49,42,1
train_n75_m5_3,49,19,0
train_n75_m5_3,50,74,0
train_n75_m5_3,50,36,0
train_n75_m5_3,50,47,0
train_n75_m5_3,50,72,1
train_n75_m5_3,51,27,1
train_n75_m5_3,51,56,0
train_n75_m5_3,51,40,0
train_n75_m5_3,52,31,1
train_n75_m5_3,52,37,0
train_n75_m5_3,53,8,1
train_n75_m5_3,53,20,0
train_n75_m5_3,53,3,0
train_n75_m5_3,54,34,1
train_n75_m5_3,54,21,0
train_n75_m5_3,54,28,0
train_n75_m5_3,54,58,0
train_n75_m5_3,55,53,1
train_n75_m5_3,55,64,0
train_n75_m5_3,56,43,1
train_n75_m5_3,56,16,0
train_n75_m5_3,57,19,1
train_n75_m5_3,57,44,0
train_n75_m5_3,57,11,0
train_n75_m5_3,58,50,0
train_n75_m5_3,58,45,1
train_n75_m5_3,59,33,0
train_n75_m5_3,59,36,1
train_n75_m5_3,59,50,0
train_n75_m5_3,59,1,0
train_n75_m5_3,60,5,1
train_n75_m5_3,60,31,0
train_n75_m5_3,60,58,0
train_n75_m5_3,61,23,0
train_n75_m5_3,61,70,0
train_n75_m5_3,61,22,0
train_n75_m5_3,61,30,0
train_n75_m5_3,61,17,0
train_n75_m5_3,61,12,0
train_n75_m5_3,62,37,1
train_n75_m5_3,62,52,0
train_n75_m5_3,63,11,0
train_n75_m5_3,63,21,0
train_n75_m5_3,63,50,1
train_n75_m5_3,64,0,1
train_n75_m5_3,64,3,0
train_n75_m5_3,65,23,0
train_n75_m5_3,66,7,0
train_n75_m5_3,66,0,0
train_n75_m5_3,66,71,1
train_n75_m5_3,67,33,1
train_n75_m5_3,67,11,0
train_n75_m5_3,68,49,1
train_n75_m5_3,68,41,0
train_n75_m5_3,68,44,0
train_n75_m5_3,68,48,0
train_n75_m5_3,69,50,0
train_n75_m5_3,69,35,1
train_n75_m5_3,69,24,0
train_n75_m5_3,69,47,0
train_n75_m5_3,69,6,0
train_n75_m5_3,70,23,0
train_n75_m5_3,70,61,0
train_n75_m5_3,70,17,1
train_n75_m5_3,70,10,0
train_n75_m5_3,71,65,1
train_n75_m5_3,71,30,0
train_n75_m5_3,71,23,0
train_n75_m5_3,72,1,0
train_n75_m5_3,72,59,1
train_n75_m5_3,72,63,0
train_n75_m5_3,72,11,0
train_n75_m5_3,73,16,1
train_n75_m5_3,73,40,0
train_n75_m5_3,74,69,1
train_n75_m5_3,74,63,0
train_n75_m5_3,74,36,0
train_n75_m5_3,74,34,0
train_n75_m5_3,75,66,1
train_n75_m5_3,75,71,0
train_n75_m5_3,75,55,0
train_n75_m5_4,0,45,1
train_n75_m5_4,0,19,1
train_n75_m5_4,0,15,1
train_n75_m5_4,0,46,1
train_n75_m5_4,1,0,1
train_n75_m5_4,1,27,0
train_n75_m5_4,2,24,0
train_n75_m5_4,2,67,1
train_n75_m5_4,3,9,1
train_n75_m5_4,3,4,0
train_n75_m5_4,3,66,0
train_n75_m5_4,4,66,1
train_n75_m5_4,4,22,0
train_n75_m5_4,4,52,0
train_n75_m5_4,5,39,0
train_n75_m5_4,5,48,1
train_n75_m5_4,5,12,0
train_n75_m5_4,6,18,1
train_n75_m5_4,6,60,0
train_n75_m5_4,6,32,0
train_n75_m5_4,7,21,1
train_n75_m5_4,7,35,0
train_n75_m5_4,8,71,1
train_n75_m5_4,8,48,0
train_n75_m5_4,9,75,0
train_n75_m5_4,10,56,0
train_n75_m5_4,10,57,1
train_n75_m5_4,10,52,0
train_n75_m5_4,10,15,0
train_n75_m5_4,10,7,0
train_n75_m5_4,11,38,1
train_n75_m5_4,11,37,0
train_n75_m5_4,12,33,0
train_n75_m5_4,12,8,1
train_n75_m5_4,12,23,0
train_n75_m5_4,12,63,0
train_n75_m5_4,12,66,0
train_n75_m5_4,13,73,1
train_n75_m5_4,13,57,0
train_n75_m5_4,13,56,0
train_n75_m5_4,14,33,1
train_n75_m5_4,14,3,0
train_n75_m5_4,14,51,0
train_n75_m5_4,15,31,1
train_n75_m5_4,15,21,0
train_n75_m5_4,15,25,0
train_n75_m5_4,15,45,0
train_n75_m5_4,16,43,1
train_n75_m5_4,16,62,0
train_n75_m5_4,16,69,0
train_n75_m5_4,17,36,1
train_n75_m5_4,17,40,0
train_n75_m5_4,17,22,0
train_n75_m5_4,17,27,0
train_n75_m5_4,17,53,0
train_n75_m5_4,18,34,1
train_n75_m5_4,19,35,1
train_n75_m5_4,19,45,0
train_n75_m5_4,20,43,0
train_n75_m5_4,20,69,0
train_n75_m5_4,20,62,1
train_n75_m5_4,21,25,1
train_n75_m5_4,21,45,0
train_n75_m5_4,21,65,0
train_n75_m5_4,22,61,1
train_n75_m5_4,22,46,0
train_n75_m5_4,23,49,1
train_n75_m5_4,23,8,0
train_n75_m5_4,23,5,0
train_n75_m5_4,23,33,0
train_n75_m5_4,24,47,1
train_n75_m5_4,24,32,0
train_n75_m5_4,24,0,0
train_n75_m5_4,24,18,0
train_n75_m5_4,25,26,1
train_n75_m5_4,25,45,0
train_n75_m5_4,25,47,0
train_n75_m5_4,26,1,1
train_n75_m5_4,26,19,0
train_n75_m5_4,27,53,1
train_n75_m5_4,27,61,0
train_n75_m5_4,27,22,0
train_n75_m5_4,28,50,0
train_n75_m5_4,28,63,1
train_n75_m5_4,28,59,0
train_n75_m5_4,28,14,0
train_n75_m5_4,29,2,1
train_n75_m5_4,29,45,0
train_n75_m5_4,29,1,0
train_n75_m5_4,30,54,1
train_n75_m5_4,30,44,0
train_n75_m5_4,31,50,1
train_n75_m5_4,31,0,0
train_n75_m5_4,32,20,1
train_n75_m5_4,32,18,0
train_n75_m5_4,32,61,0
train_n75_m5_4,32,24,0
train_n75_m5_4,33,74,1
train_n75_m5_4,33,12,0
train_n75_m5_4,33,39,0
train_n75_m5_4,33,58,0
train_n75_m5_4,34,24,1
train_n75_m5_4,34,36,0
train_n75_m5_4,34,47,0
train_n75_m5_4,34,29,0
train_n75_m5_4,34,40,0
train_n75_m5_4,34,62,0
train_n75_m5_4,35,55,1
train_n75_m5_4,35,15,0
train_n75_m5_4,35,7,0
train_n75_m5_4,35,70,0
train_n75_m5_4,36,32,1
train_n75_m5_4,37,75,1
train_n75_m5_4,37,22,0
train_n75_m5_4,37,38,0
train_n75_m5_4,37,66,0
train_n75_m5_4,38,39,1
train_n75_m5_4,38,71,0
train_n75_m5_4,38,69,0
train_n75_m5_4,39,58,1
train_n75_m5_4,39,23,0
train_n75_m5_4,39,71,0
train_n75_m5_4,39,11,0
train_n75_m5_4,40,27,1
train_n75_m5_4,40,46,0
train_n75_m5_4,40,47,0
train_n75_m5_4,40,75,0
train_n75_m5_4,41,28,1
train_n75_m5_4,41,73,0
train_n75_m5_4,41,31,0
train_n75_m5_4,41,52,0
train_n75_m5_4,41,64,0
train_n75_m5_4,42,65,1
train_n75_m5_4,42,70,0
train_n75_m5_4,42,31,0
train_n75_m5_4,43,16,0
train_n75_m5_4,43,69,1
train_n75_m5_4,43,36,0
train_n75_m5_4,44,25,0
train_n75_m5_4,44,1,0
train_n75_m5_4,44,70,0
train_n75_m5_4,45,27,0
train_n75_m5_4,45,1,0
train_n75_m5_4,45,17,1
train_n75_m5_4,46,4,1
train_n75_m5_4,47,24,0
train_n75_m5_4,47,0,1
train_n75_m5_4,47,1,0
train_n75_m5_4,48,11,1
train_n75_m5_4,48,38,0
train_n75_m5_4,48,37,0
train_n75_m5_4,49,12,1
train_n75_m5_4,49,38,0
train_n75_m5_4,50,13,1
train_n75_m5_4,50,41,0
train_n75_m5_4,51,23,1
train_n75_m5_4,51,58,0
train_n75_m5_4,51,75,0
train_n75_m5_4,52,3,1
train_n75_m5_4,52,4,0
train_n75_m5_4,52,23,0
train_n75_m5_4,53,0,1
train_n75_m5_4,53,1,0
train_n75_m5_4,53,24,0
train_n75_m5_4,54,44,1
train_n75_m5_4,54,65,0
train_n75_m5_4,55,44,0
train_n75_m5_4,55,35,0
train_n75_m5_4,55,30,1
train_n75_m5_4,56,10,1
train_n75_m5_4,56,27,0
train_n75_m5_4,57,41,1
train_n75_m5_4,57,31,0
train_n75_m5_4,57,13,0
train_n75_m5_4,58,51,0
train_n75_m5_4,58,38,0
train_n75_m5_4,58,71,0
train_n75_m5_4,58,48,0
train_n75_m5_4,58,72,1
train_n75_m5_4,58,12,0
train_n75_m5_4,59,14,1
train_n75_m5_4,59,10,0
train_n75_m5_4,59,41,0
train_n75_m5_4,59,66,0
train_n75_m5_4,60,16,1
train_n75_m5_4,60,43,0
train_n75_m5_4,61,40,1
train_n75_m5_4,62,68,1
train_n75_m5_4,62,36,0
train_n75_m5_4,62,17,0
train_n75_m5_4,62,69,0
train_n75_m5_4,63,59,1
train_n75_m5_4,63,33,0
train_n75_m5_4,63,56,0
train_n75_m5_4,63,57,0
train_n75_m5_4,64,70,1
train_n75_m5_4,64,42,0
train_n75_m5_4,64,31,0
train_n75_m5_4,64,50,0
train_n75_m5_4,65,64,1
train_n75_m5_4,65,21,0
train_n75_m5_4,65,13,0
train_n75_m5_4,65,25,0
train_n75_m5_4,66,51,1
train_n75_m5_4,66,9,0
train_n75_m5_4,66,74,0
train_n75_m5_4,67,6,1
train_n75_m5_4,67,60,0
train_n75_m5_4,67,36,0
train_n75_m5_4,67,32,0
train_n75_m5_4,67,29,0
train_n75_m5_4,68,60,1
train_n75_m5_4,68,16,0
train_n75_m5_4,69,37,1
train_n75_m5_4,69,22,0
train_n75_m5_4,69,36,0
train_n75_m5_4,69,38,0
train_n75_m5_4,70,7,1
train_n75_m5_4,70,0,0
train_n75_m5_4,71,5,1
train_n75_m5_4,71,39,0
train_n75_m5_4,71,33,0
train_n75_m5_4,72,75,0
train_n75_m5_4,72,22,0
train_n75_m5_4,72,69,0
train_n75_m5_4,72,61,0
train_n75_m5_4,73,42,1
train_n75_m5_4,73,64,0
train_n75_m5_4,74,33,0
train_n75_m5_4,74,14,0
train_n75_m5_4,74,12,0
train_n75_m5_4,74,52,1
train_n75_m5_4,74,58,0
train_n75_m5_4,75,22,1
train_n75_m5_4,75,17,0
train_n75_m5_4,75,20,0
train_n75_m5_5,0,11,1
train_n75_m5_5,0,65,1
train_n75_m5_5,0,14,0
train_n75_m5_5,0,51,0
train_n75_m5_5,0,62,1
train_n75_m5_5,1,12,1
train_n75_m5_5,1,66,0
train_n75_m5_5,2,0,1
train_n75_m5_5,3,16,1
train_n75_m5_5,3,42,0
train_n75_m5_5,3,9,0
train_n75_m5_5,4,43,1
train_n75_m5_5,5,42,1
train_n75_m5_5,5,61,0
train_n75_m5_5,6,8,1
train_n75_m5_5,6,9,0
train_n75_m5_5,6,3,0
train_n75_m5_5,7,61,0
train_n75_m5_5,7,34,1
train_n75_m5_5,7,23,0
train_n75_m5_5,7,42,0
train_n75_m5_5,7,67,0
train_n75_m5_5,8,9,0
train_n75_m5_5,8,60,0
train_n75_m5_5,8,15,0
train_n75_m5_5,8,72,1
train_n75_m5_5,9,12,0
train_n75_m5_5,9,1,0
train_n75_m5_5,9,3,1
train_n75_m5_5,9,42,0
train_n75_m5_5,9,5,0
train_n75_m5_5,10,40,1
train_n75_m5_5,10,50,0
train_n75_m5_5,10,35,0
train_n75_m5_5,10,36,0
train_n75_m5_5,11,1,1
train_n75_m5_5,11,45,0
train_n75_m5_5,12,9,1
train_n75_m5_5,12,1,0
train_n75_m5_5,12,6,0
train_n75_m5_5,12,42,0
train_n75_m5_5,13,47,1
train_n75_m5_5,13,60,0
train_n75_m5_5,13,52,0
train_n75_m5_5,13,61,0
train_n75_m5_5,14,36,1
train_n75_m5_5,15,25,1
train_n75_m5_5,15,13,0
train_n75_m5_5,15,23,0
train_n75_m5_5,16,56,1
train_n75_m5_5,16,3,0
train_n75_m5_5,16,9,0
train_n75_m5_5,16,6,0
train_n75_m5_5,16,75,0
train_n75_m5_5,17,0,1
train_n75_m5_5,17,2,0
train_n75_m5_5,17,62,0
train_n75_m5_5,17,66,0
train_n75_m5_5,18,48,0
train_n75_m5_5,19,58,1
train_n75_m5_5,19,39,0
train_n75_m5_5,19,59,0
train_n75_m5_5,20,63,1
train_n75_m5_5,20,11,0
train_n75_m5_5,21,10,1
train_n75_m5_5,22,18,1
train_n75_m5_5,22,60,0
train_n75_m5_5,22,57,0
train_n75_m5_5,23,52,1
train_n75_m5_5,23,34,0
train_n75_m5_5,24,49,1
train_n75_m5_5,24,51,0
train_n75_m5_5,24,45,0
train_n75_m5_5,24,63,0
train_n75_m5_5,24,36,0
train_n75_m5_5,25,15,0
train_n75_m5_5,25,6,1
train_n75_m5_5,25,3,0
train_n75_m5_5,25,23,0
train_n75_m5_5,26,54,1
train_n75_m5_5,27,33,1
train_n75_m5_5,27,31,0
train_n75_m5_5,27,71,0
train_n75_m5_5,27,52,0
train_n75_m5_5,28,39,1
train_n75_m5_5,28,32,0
train_n75_m5_5,28,29,0
train_n75_m5_5,29,31,1
train_n75_m5_5,29,4,0
train_n75_m5_5,30,59,1
train_n75_m5_5,30,35,0
train_n75_m5_5,30,39,0
train_n75_m5_5,31,71,1
train_n75_m5_5,32,38,1
train_n75_m5_5,32,18,0
train_n75_m5_5,32,39,0
train_n75_m5_5,32,28,0
train_n75_m5_5,32,73,0
train_n75_m5_5,32,52,0
train_n75_m5_5,33,29,1
train_n75_m5_5,33,26,0
train_n75_m5_5,33,57,0
train_n75_m5_5,33,54,0
train_n75_m5_5,34,4,1
train_n75_m5_5,34,44,0
train_n75_m5_5,34,52,0
train_n75_m5_5,34,75,0
train_n75_m5_5,35,41,1
train_n75_m5_5,35,50,0
train_n75_m5_5,35,19,0
train_n75_m5_5,35,46,0
train_n75_m5_5,35,74,0
train_n75_m5_5,36,46,1
train_n75_m5_5,36,50,0
train_n75_m5_5,36,62,0
train_n75_m5_5,37,51,1
train_n75_m5_5,37,17,0
train_n75_m5_5,37,20,0
train_n75_m5_5,37,63,0
train_n75_m5_5,38,28,0
train_n75_m5_5,38,57,1
train_n75_m5_5,38,71,0
train_n75_m5_5,38,55,0
train_n75_m5_5,39,19,1
train_n75_m5_5,40,50,1
train_n75_m5_5,40,59,0
train_n75_m5_5,41,30,1
train_n75_m5_5,42,15,1
train_n75_m5_5,42,75,0
train_n75_m5_5,42,5,0
train_n75_m5_5,42,8,0
train_n75_m5_5,42,9,0
train_n75_m5_5,42,7,0
train_n75_m5_5,42,67,0
train_n75_m5_5,43,34,0
train_n75_m5_5,43,44,1
train_n75_m5_5,43,53,0
train_n75_m5_5,44,23,1
train_n75_m5_5,44,27,0
train_n75_m5_5,45,70,1
train_n75_m5_5,45,37,0
train_n75_m5_5,45,0,0
train_n75_m5_5,45,49,0
train_n75_m5_5,46,74,1
train_n75_m5_5,46,50,0
train_n75_m5_5,46,63,0
train_n75_m5_5,46,62,0
train_n75_m5_5,47,13,0
train_n75_m5_5,47,8,0
train_n75_m5_5,47,75,1
train_n75_m5_5,48,32,1
train_n75_m5_5,48,39,0
train_n75_m5_5,48,73,0
train_n75_m5_5,49,68,1
train_n75_m5_5,49,14,0
train_n75_m5_5,50,35,1
train_n75_m5_5,50,62,0
train_n75_m5_5,51,24,1
train_n75_m5_5,52,75,0
train_n75_m5_5,52,60,0
train_n75_m5_5,52,25,0
train_n75_m5_5,53,64,1
train_n75_m5_5,53,29,0
train_n75_m5_5,53,7,0
train_n75_m5_5,54,69,1
train_n75_m5_5,55,59,0
train_n75_m5_5,55,73,1
train_n75_m5_5,55,28,0
train_n75_m5_5,55,19,0
train_n75_m5_5,55,35,0
train_n75_m5_5,56,5,1
train_n75_m5_5,56,15,0
train_n75_m5_5,56,25,0
train_n75_m5_5,56,9,0
train_n75_m5_5,56,13,0
train_n75_m5_5,57,29,0
train_n75_m5_5,57,26,1
train_n75_m5_5,58,10,0
train_n75_m5_5,58,2,0
train_n75_m5_5,59,55,1
train_n75_m5_5,59,57,0
train_n75_m5_5,60,67,1
train_n75_m5_5,60,47,0
train_n75_m5_5,60,1,0
train_n75_m5_5,61,7,1
train_n75_m5_5,61,15,0
train_n75_m5_5,62,58,0
train_n75_m5_5,62,20,0
train_n75_m5_5,62,48,1
train_n75_m5_5,62,14,0
train_n75_m5_5,63,20,0
train_n75_m5_5,63,0,1
train_n75_m5_5,63,62,0
train_n75_m5_5,63,74,0
train_n75_m5_5,64,27,1
train_n75_m5_5,64,54,0
train_n75_m5_5,65,37,1
train_n75_m5_5,65,68,0
train_n75_m5_5,65,20,0
train_n75_m5_5,66,22,0
train_n75_m5_5,66,2,1
train_n75_m5_5,66,62,0
train_n75_m5_5,66,71,0
train_n75_m5_5,66,17,0
train_n75_m5_5,66,58,0
train_n75_m5_5,66,11,0
train_n75_m5_5,67,13,1
train_n75_m5_5,67,8,0
train_n75_m5_5,68,45,1
train_n75_m5_5,68,37,0
train_n75_m5_5,68,36,0
train_n75_m5_5,69,53,1
train_n75_m5_5,69,44,0
train_n75_m5_5,69,7,0
train_n75_m5_5,70,14,1
train_n75_m5_5,70,63,0
train_n75_m5_5,70,0,0
train_n75_m5_5,70,37,0
train_n75_m5_5,70,65,0
train_n75_m5_5,70,21,0
train_n75_m5_5,71,18,0
train_n75_m5_5,71,22,1
train_n75_m5_5,71,57,0
train_n75_m5_5,71,67,0
train_n75_m5_5,72,66,0
train_n75_m5_5,72,17,1
train_n75_m5_5,72,18,0
train_n75_m5_5,72,22,0
train_n75_m5_5,73,28,1
train_n75_m5_5,73,32,0
train_n75_m5_5,73,31,0
train_n75_m5_5,74,20,1
train_n75_m5_5,74,19,0
train_n75_m5_5,75,61,1
train_n75_m5_5,75,6,0
train_n75_m5_6,0,10,1
train_n75_m5_6,0,33,1
train_n75_m5_6,0,30,1
train_n75_m5_6,0,13,1
train_n75_m5_6,0,71,1
train_n75_m5_6,1,4,1
train_n75_m5_6,2,53,1
train_n75_m5_6,2,6,0
train_n75_m5_6,2,52,0
train_n75_m5_6,3,57,1
train_n75_m5_6,3,12,0
train_n75_m5_6,4,18,1
train_n75_m5_6,4,1,0
train_n75_m5_6,4,75,0
train_n75_m5_6,4,46,0
train_n75_m5_6,4,56,0
train_n75_m5_6,4,42,0
train_n75_m5_6,4,13,0
train_n75_m5_6,5,51,1
train_n75_m5_6,5,38,0
train_n75_m5_6,6,52,0
train_n75_m5_6,6,2,1
train_n75_m5_6,6,46,0
train_n75_m5_6,7,49,1
train_n75_m5_6,7,67,0
train_n75_m5_6,7,59,0
train_n75_m5_6,8,44,1
train_n75_m5_6,8,69,0
train_n75_m5_6,8,37,0
train_n75_m5_6,8,75,0
train_n75_m5_6,9,55,0
train_n75_m5_6,9,73,1
train_n75_m5_6,9,57,0
train_n75_m5_6,10,55,1
train_n75_m5_6,10,0,0
train_n75_m5_6,10,30,0
train_n75_m5_6,11,22,1
train_n75_m5_6,11,58,0
train_n75_m5_6,11,56,0
train_n75_m5_6,12,34,1
train_n75_m5_6,13,38,0
train_n75_m5_6,13,58,1
train_n75_m5_6,13,1,0
train_n75_m5_6,13,46,0
train_n75_m5_6,14,72,1
train_n75_m5_6,14,39,0
train_n75_m5_6,14,71,0
train_n75_m5_6,15,17,0
train_n75_m5_6,15,29,1
train_n75_m5_6,15,64,0
train_n75_m5_6,15,8,0
train_n75_m5_6,16,6,1
train_n75_m5_6,16,46,0
train_n75_m5_6,16,35,0
train_n75_m5_6,17,19,1
train_n75_m5_6,17,28,0
train_n75_m5_6,18,61,1
train_n75_m5_6,18,4,0
train_n75_m5_6,18,11,0
train_n75_m5_6,19,27,1
train_n75_m5_6,19,61,0
train_n75_m5_6,19,23,0
train_n75_m5_6,19,58,0
train_n75_m5_6,20,26,1
train_n75_m5_6,20,67,0
train_n75_m5_6,21,50,1
train_n75_m5_6,21,59,0
train_n75_m5_6,22,46,1
train_n75_m5_6,22,18,0
train_n75_m5_6,23,32,1
train_n75_m5_6,23,45,0
train_n75_m5_6,23,71,0
train_n75_m5_6,24,57,0
train_n75_m5_6,24,48,1
train_n75_m5_6,25,67,1
train_n75_m5_6,26,8,1
train_n75_m5_6,27,19,0
train_n75_m5_6,27,4,0
train_n75_m5_6,27,61,0
train_n75_m5_6,27,23,1
train_n75_m5_6,28,7,1
train_n75_m5_6,28,43,0
train_n75_m5_6,29,64,1
train_n75_m5_6,29,15,0
train_n75_m5_6,29,28,0
train_n75_m5_6,30,13,0
train_n75_m5_6,30,42,1
train_n75_m5_6,30,23,0
train_n75_m5_6,30,71,0
train_n75_m5_6,31,68,1
train_n75_m5_6,31,69,0
train_n75_m5_6,32,45,1
train_n75_m5_6,32,13,0
train_n75_m5_6,32,38,0
train_n75_m5_6,32,71,0
train_n75_m5_6,33,5,1
train_n75_m5_6,33,51,0
train_n75_m5_6,33,38,0
train_n75_m5_6,34,14,1
train_n75_m5_6,35,56,0
train_n75_m5_6,35,38,1
train_n75_m5_6,35,45,0
train_n75_m5_6,36,52,1
train_n75_m5_6,36,38,0
train_n75_m5_6,37,17,1
train_n75_m5_6,37,67,0
train_n75_m5_6,37,75,0
train_n75_m5_6,37,25,0
train_n75_m5_6,38,30,0
train_n75_m5_6,38,0,1
train_n75_m5_6,38,35,0
train_n75_m5_6,38,42,0
train_n75_m5_6,38,57,0
train_n75_m5_6,39,59,1
train_n75_m5_6,39,14,0
train_n75_m5_6,39,64,0
train_n75_m5_6,40,0,1
train_n75_m5_6,41,3,1
train_n75_m5_6,41,63,0
train_n75_m5_6,41,34,0
train_n75_m5_6,41,24,0
train_n75_m5_6,42,1,1
train_n75_m5_6,43,28,1
train_n75_m5_6,43,29,0
train_n75_m5_6,43,64,0
train_n75_m5_6,43,17,0
train_n75_m5_6,43,21,0
train_n75_m5_6,44,8,0
train_n75_m5_6,44,37,1
train_n75_m5_6,44,70,0
train_n75_m5_6,44,61,0
train_n75_m5_6,45,38,0
train_n75_m5_6,45,0,1
train_n75_m5_6,46,56,1
train_n75_m5_6,46,22,0
train_n75_m5_6,46,18,0
train_n75_m5_6,46,53,0
train_n75_m5_6,47,36,1
train_n75_m5_6,48,39,1
train_n75_m5_6,48,21,0
train_n75_m5_6,48,19,0
train_n75_m5_6,49,25,1
train_n75_m5_6,49,8,0
train_n75_m5_6,49,19,0
train_n75_m5_6,50,72,0
train_n75_m5_6,50,41,1
train_n75_m5_6,50,34,0
train_n75_m5_6,51,47,1
train_n75_m5_6,51,60,0
train_n75_m5_6,51,35,0
train_n75_m5_6,52,16,1
train_n75_m5_6,52,6,0
train_n75_m5_6,52,46,0
train_n75_m5_6,52,56,0
train_n75_m5_6,53,6,0
train_n75_m5_6,53,35,0
train_n75_m5_6,53,62,1
train_n75_m5_6,53,47,0
train_n75_m5_6,54,65,1
train_n75_m5_6,54,44,0
train_n75_m5_6,55,9,1
train_n75_m5_6,55,33,0
train_n75_m5_6,56,35,1
train_n75_m5_6,56,46,0
train_n75_m5_6,56,4,0
train_n75_m5_6,57,71,0
train_n75_m5_6,57,60,1
train_n75_m5_6,58,23,0
train_n75_m5_6,58,61,0
train_n75_m5_6,58,30,0
train_n75_m5_6,59,43,1
train_n75_m5_6,59,49,0
train_n75_m5_6,59,25,0
train_n75_m5_6,59,50,0
train_n75_m5_6,60,0,1
train_n75_m5_6,60,40,0
train_n75_m5_6,60,62,0
train_n75_m5_6,61,75,1
train_n75_m5_6,61,58,0
train_n75_m5_6,61,22,0
train_n75_m5_6,61,17,0
train_n75_m5_6,61,23,0
train_n75_m5_6,61,68,0
train_n75_m5_6,62,0,1
train_n75_m5_6,62,13,0
train_n75_m5_6,62,60,0
train_n75_m5_6,62,40,0
train_n75_m5_6,62,42,0
train_n75_m5_6,62,2,0
train_n75_m5_6,62,5,0
train_n75_m5_6,63,21,1
train_n75_m5_6,63,50,0
train_n75_m5_6,63,39,0
train_n75_m5_6,63,48,0
train_n75_m5_6,63,34,0
train_n75_m5_6,63,12,0
train_n75_m5_6,63,59,0
train_n75_m5_6,63,74,0
train_n75_m5_6,64,67,0
train_n75_m5_6,64,1,0
train_n75_m5_6,64,74,1
train_n75_m5_6,65,70,0
train_n75_m5_6,65,31,1
train_n75_m5_6,65,11,0
train_n75_m5_6,65,22,0
train_n75_m5_6,65,8,0
train_n75_m5_6,65,4,0
train_n75_m5_6,66,54,1
train_n75_m5_6,66,70,0
train_n75_m5_6,66,75,0
train_n75_m5_6,67,15,1
train_n75_m5_6,67,43,0
train_n75_m5_6,68,11,1
train_n75_m5_6,68,6,0
train_n75_m5_6,69,66,1
train_n75_m5_6,69,70,0
train_n75_m5_6,69,65,0
train_n75_m5_6,69,17,0
train_n75_m5_6,70,69,1
train_n75_m5_6,71,40,0
train_n75_m5_6,71,24,1
train_n75_m5_6,71,60,0
train_n75_m5_6,71,23,0
train_n75_m5_6,72,14,0
train_n75_m5_6,72,63,1
train_n75_m5_6,72,48,0
train_n75_m5_6,73,9,0
train_n75_m5_6,73,71,0
train_n75_m5_6,73,60,0
train_n75_m5_6,73,40,0
train_n75_m5_6,73,72,0
train_n75_m5_6,73,12,1
train_n75_m5_6,73,50,0
train_n75_m5_6,74,40,1
train_n75_m5_6,74,45,0
train_n75_m5_6,74,57,0
train_n75_m5_6,75,1,0
train_n75_m5_6,75,20,1
train_n75_m5_6,75,58,0
train_n75_m5_7,0,58,0
train_n75_m5_7,0,12,1
train_n75_m5_7,0,29,1
train_n75_m5_7,0,3,1
train_n75_m5_7,0,30,0
train_n75_m5_7,1,44,1
train_n75_m5_7,1,70,0
train_n75_m5_7,1,14,0
train_n75_m5_7,2,43,1
train_n75_m5_7,2,7,0
train_n75_m5_7,2,11,0
train_n75_m5_7,2,65,0
train_n75_m5_7,3,59,1
train_n75_m5_7,3,28,0
train_n75_m5_7,4,0,1
train_n75_m5_7,4,59,0
train_n75_m5_7,5,15,1
train_n75_m5_7,5,10,0
train_n75_m5_7,5,51,0
train_n75_m5_7,5,65,0
train_n75_m5_7,6,65,0
train_n75_m5_7,6,54,1
train_n75_m5_7,6,18,0
train_n75_m5_7,7,65,1
train_n75_m5_7,7,35,0
train_n75_m5_7,8,21,0
train_n75_m5_7,8,69,1
train_n75_m5_7,8,0,0
train_n75_m5_7,9,64,1
train_n75_m5_7,9,60,0
train_n75_m5_7,9,42,0
train_n75_m5_7,9,30,0
train_n75_m5_7,10,34,1
train_n75_m5_7,10,43,0
train_n75_m5_7,11,17,1
train_n75_m5_7,11,19,0
train_n75_m5_7,11,7,0
train_n75_m5_7,12,69,0
train_n75_m5_7,12,21,1
train_n75_m5_7,13,75,1
train_n75_m5_7,13,5,0
train_n75_m5_7,13,10,0
train_n75_m5_7,14,62,1
train_n75_m5_7,14,38,0
train_n75_m5_7,14,50,0
train_n75_m5_7,14,59,0
train_n75_m5_7,15,13,1
train_n75_m5_7,15,51,0
train_n75_m5_7,16,14,1
train_n75_m5_7,16,38,0
train_n75_m5_7,17,39,1
train_n75_m5_7,17,2,0
train_n75_m5_7,17,49,0
train_n75_m5_7,17,41,0
train_n75_m5_7,18,10,1
train_n75_m5_7,18,6,0
train_n75_m5_7,18,40,0
train_n75_m5_7,19,35,1
train_n75_m5_7,19,17,0
train_n75_m5_7,19,41,0
train_n75_m5_7,19,11,0
train_n75_m5_7,20,26,0
train_n75_m5_7,20,27,0
train_n75_m5_7,21,30,1
train_n75_m5_7,21,12,0
train_n75_m5_7,21,63,0
train_n75_m5_7,22,1,1
train_n75_m5_7,22,70,0
train_n75_m5_7,22,62,0
train_n75_m5_7,22,37,0
train_n75_m5_7,23,9,1
train_n75_m5_7,23,63,0
train_n75_m5_7,23,52,0
train_n75_m5_7,24,22,1
train_n75_m5_7,24,14,0
train_n75_m5_7,25,49,1
train_n75_m5_7,25,60,0
train_n75_m5_7,25,19,0
train_n75_m5_7,25,52,0
train_n75_m5_7,26,56,1
train_n75_m5_7,26,60,0
train_n75_m5_7,26,52,0
train_n75_m5_7,26,46,0
train_n75_m5_7,26,50,0
train_n75_m5_7,27,58,1
train_n75_m5_7,27,0,0
train_n75_m5_7,27,4,0
train_n75_m5_7,27,16,0
train_n75_m5_7,27,50,0
train_n75_m5_7,28,24,1
train_n75_m5_7,28,29,0
train_n75_m5_7,28,70,0
train_n75_m5_7,29,27,0
train_n75_m5_7,29,59,0
train_n75_m5_7,29,38,1
train_n75_m5_7,29,4,0
train_n75_m5_7,30,8,1
train_n75_m5_7,30,45,0
train_n75_m5_7,30,63,0
train_n75_m5_7,30,58,0
train_n75_m5_7,31,70,1
train_n75_m5_7,31,28,0
train_n75_m5_7,31,40,0
train_n75_m5_7,31,22,0
train_n75_m5_7,32,0,1
train_n75_m5_7,32,21,0
train_n75_m5_7,32,8,0
train_n75_m5_7,33,68,0
train_n75_m5_7,33,6,1
train_n75_m5_7,33,47,0
train_n75_m5_7,33,62,0
train_n75_m5_7,33,18,0
train_n75_m5_7,33,14,0
train_n75_m5_7,34,5,1
train_n75_m5_7,34,54,0
train_n75_m5_7,34,41,0
train_n75_m5_7,34,6,0
train_n75_m5_7,35,72,1
train_n75_m5_7,35,25,0
train_n75_m5_7,36,23,1
train_n75_m5_7,36,49,0
train_n75_m5_7,37,40,1
train_n75_m5_7,37,68,0
train_n75_m5_7,38,16,1
train_n75_m5_7,39,17,0
train_n75_m5_7,39,19,1
train_n75_m5_7,39,35,0
train_n75_m5_7,39,65,0
train_n75_m5_7,40,37,0
train_n75_m5_7,40,47,1
train_n75_m5_7,40,33,0
train_n75_m5_7,41,7,1
train_n75_m5_7,41,35,0
train_n75_m5_7,41,55,0
train_n75_m5_7,42,67,1
train_n75_m5_7,43,41,1
train_n75_m5_7,43,10,0
train_n75_m5_7,44,31,1
train_n75_m5_7,44,59,0
train_n75_m5_7,45,32,1
train_n75_m5_7,45,29,0
train_n75_m5_7,46,52,1
train_n75_m5_7,47,71,0
train_n75_m5_7,47,51,1
train_n75_m5_7,47,40,0
train_n75_m5_7,47,37,0
train_n75_m5_7,47,70,0
train_n75_m5_7,47,34,0
train_n75_m5_7,48,53,1
train_n75_m5_7,48,56,0
train_n75_m5_7,48,4,0
train_n75_m5_7,49,25,0
train_n75_m5_7,49,55,1
train_n75_m5_7,49,67,0
train_n75_m5_7,49,72,0
train_n75_m5_7,50,33,0
train_n75_m5_7,50,20,0
train_n75_m5_7,51,71,1
train_n75_m5_7,52,73,0
train_n75_m5_7,52,60,1
train_n75_m5_7,52,8,0
train_n75_m5_7,52,25,0
train_n75_m5_7,53,50,1
train_n75_m5_7,53,56,0
train_n75_m5_7,53,47,0
train_n75_m5_7,54,18,1
train_n75_m5_7,54,71,0
train_n75_m5_7,55,11,0
train_n75_m5_7,55,66,1
train_n75_m5_7,55,43,0
train_n75_m5_7,56,4,1
train_n75_m5_7,56,50,0
train_n75_m5_7,56,48,0
train_n75_m5_7,56,29,0
train_n75_m5_7,56,35,0
train_n75_m5_7,56,38,0
train_n75_m5_7,57,9,0
train_n75_m5_7,57,30,0
train_n75_m5_7,58,0,1
train_n75_m5_7,58,4,0
train_n75_m5_7,58,56,0
train_n75_m5_7,58,20,0
train_n75_m5_7,59,38,0
train_n75_m5_7,59,16,0
train_n75_m5_7,59,28,1
train_n75_m5_7,59,62,0
train_n75_m5_7,60,42,1
train_n75_m5_7,60,4,0
train_n75_m5_7,61,42,0
train_n75_m5_7,61,25,1
train_n75_m5_7,61,52,0
train_n75_m5_7,61,72,0
train_n75_m5_7,61,49,0
train_n75_m5_7,61,35,0
train_n75_m5_7,62,50,0
train_n75_m5_7,62,48,0
train_n75_m5_7,62,33,1
train_n75_m5_7,63,64,0
train_n75_m5_7,63,57,1
train_n75_m5_7,63,30,0
train_n75_m5_7,63,25,0
train_n75_m5_7,64,63,1
train_n75_m5_7,64,46,0
train_n75_m5_7,64,52,0
train_n75_m5_7,64,42,0
train_n75_m5_7,64,8,0
train_n75_m5_7,65,33,0
train_n75_m5_7,65,51,0
train_n75_m5_7,65,47,0
train_n75_m5_7,66,11,1
train_n75_m5_7,66,17,0
train_n75_m5_7,66,49,0
train_n75_m5_7,66,39,0
train_n75_m5_7,66,41,0
train_n75_m5_7,67,36,1
train_n75_m5_7,67,61,0
train_n75_m5_7,68,48,1
train_n75_m5_7,68,18,0
train_n75_m5_7,68,40,0
train_n75_m5_7,69,45,1
train_n75_m5_7,69,58,0
train_n75_m5_7,70,74,1
train_n75_m5_7,70,28,0
train_n75_m5_7,71,68,1
train_n75_m5_7,71,65,0
train_n75_m5_7,72,26,1
train_n75_m5_7,72,20,0
train_n75_m5_7,73,52,0
train_n75_m5_7,73,46,1
train_n75_m5_7,73,8,0
train_n75_m5_7,74,37,1
train_n75_m5_7,74,47,0
train_n75_m5_7,74,51,0
train_n75_m5_7,75,2,1
train_n100_m2_0,0,17,1
train_n100_m2_0,0,5,1
train_n100_m2_0,0,84,0
train_n100_m2_0,1,14,1
train_n100_m2_0,1,53,0
train_n100_m2_0,1,74,0
train_n100_m2_0,2,1,1
train_n100_m2_0,3,90,1
train_n100_m2_0,3,89,0
train_n100_m2_0,4,55,1
train_n100_m2_0,4,46,0
train_n100_m2_0,5,17,0
train_n100_m2_0,5,79,1
train_n100_m2_0,5,75,0
train_n100_m2_0,6,41,1
train_n100_m2_0,7,15,0
train_n100_m2_0,7,25,1
train_n100_m2_0,7,2,0
train_n100_m2_0,8,2,0
train_n100_m2_0,8,58,1
train_n100_m2_0,8,39,0
train_n100_m2_0,9,81,1
train_n100_m2_0,9,56,0
train_n100_m2_0,9,93,0
train_n100_m2_0,9,6,0
train_n100_m2_0,10,16,1
train_n100_m2_0,10,12,0
train_n100_m2_0,10,0,0
train_n100_m2_0,11,62,1
train_n100_m2_0,11,71,0
train_n100_m2_0,11,42,0
train_n100_m2_0,12,46,1
train_n100_m2_0,12,86,0
train_n100_m2_0,12,82,0
train_n100_m2_0,12,83,0
train_n100_m2_0,12,10,0
train_n100_m2_0,13,89,0
train_n100_m2_0,13,65,0
train_n100_m2_0,13,74,1
train_n100_m2_0,13,90,0
train_n100_m2_0,13,56,0
train_n100_m2_0,14,2,0
train_n100_m2_0,14,99,1
train_n100_m2_0,14,58,0
train_n100_m2_0,15,51,1
train_n100_m2_0,15,39,0
train_n100_m2_0,16,63,1
train_n100_m2_0,16,95,0
train_n100_m2_0,16,23,0
train_n100_m2_0,17,87,1
train_n100_m2_0,18,98,1
train_n100_m2_0,18,11,0
train_n100_m2_0,18,100,0
train_n100_m2_0,19,13,1
train_n100_m2_0,19,40,0
train_n100_m2_0,19,14,0
train_n100_m2_0,20,67,1
train_n100_m2_0,20,57,0
train_n100_m2_0,21,18,1
train_n100_m2_0,21,71,0
train_n100_m2_0,21,34,0
train_n100_m2_0,21,46,0
train_n100_m2_0,22,82,0
train_n100_m2_0,22,86,1
train_n100_m2_0,22,54,0
train_n100_m2_0,22,12,0
train_n100_m2_0,22,64,0
train_n100_m2_0,23,33,1
train_n100_m2_0,23,60,0
train_n100_m2_0,23,27,0
train_n100_m2_0,24,44,1
train_n100_m2_0,24,34,0
train_n100_m2_0,24,35,0
train_n100_m2_0,24,68,0
train_n100_m2_0,24,98,0
train_n100_m2_0,25,53,0
train_n100_m2_0,25,7,0
train_n100_m2_0,25,15,0
train_n100_m2_0,25,8,1
train_n100_m2_0,26,48,1
train_n100_m2_0,26,72,0
train_n100_m2_0,27,0,1
train_n100_m2_0,27,79,0
train_n100_m2_0,27,10,0
train_n100_m2_0,28,94,1
train_n100_m2_0,28,73,0
train_n100_m2_0,28,54,0
train_n100_m2_0,28,18,0
train_n100_m2_0,28,3,0
train_n100_m2_0,29,22,1
train_n100_m2_0,29,71,0
train_n100_m2_0,29,66,0
train_n100_m2_0,30,12,1
train_n100_m2_0,30,16,0
train_n100_m2_0,31,82,0
train_n100_m2_0,31,29,0
train_n100_m2_0,32,36,1
train_n100_m2_0,32,97,0
train_n100_m2_0,32,45,0
train_n100_m2_0,32,67,0
train_n100_m2_0,32,80,0
train_n100_m2_0,33,96,1
train_n100_m2_0,33,23,0
train_n100_m2_0,33,60,0
train_n100_m2_0,33,70,0
train_n100_m2_0,34,42,1
train_n100_m2_0,34,71,0
train_n100_m2_0,35,100,1
train_n100_m2_0,36,32,0
train_n100_m2_0,36,92,1
train_n100_m2_0,36,61,0
train_n100_m2_0,36,20,0
train_n100_m2_0,37,15,1
train_n100_m2_0,37,14,0
train_n100_m2_0,38,19,1
train_n100_m2_0,38,48,0
train_n100_m2_0,38,39,0
train_n100_m2_0,39,59,1
train_n100_m2_0,39,1,0
train_n100_m2_0,39,40,0
train_n100_m2_0,39,48,0
train_n100_m2_0,40,99,0
train_n100_m2_0,40,39,1
train_n100_m2_0,40,1,0
train_n100_m2_0,41,26,1
train_n100_m2_0,41,6,0
train_n100_m2_0,41,79,0
train_n100_m2_0,41,99,0
train_n100_m2_0,42,83,1
train_n100_m2_0,42,4,0
train_n100_m2_0,42,98,0
train_n100_m2_0,42,21,0
train_n100_m2_0,43,4,1
train_n100_m2_0,44,55,0
train_n100_m2_0,44,35,1
train_n100_m2_0,44,100,0
train_n100_m2_0,44,83,0
train_n100_m2_0,45,78,1
train_n100_m2_0,45,2,0
train_n100_m2_0,45,92,0
train_n100_m2_0,45,52,0
train_n100_m2_0,45,8,0
train_n100_m2_0,45,80,0
train_n100_m2_0,46,82,1
train_n100_m2_0,46,95,0
train_n100_m2_0,47,76,1
train_n100_m2_0,47,82,0
train_n100_m2_0,47,83,0
train_n100_m2_0,48,40,1
train_n100_m2_0,48,81,0
train_n100_m2_0,49,62,0
train_n100_m2_0,49,50,1
train_n100_m2_0,49,64,0
train_n100_m2_0,50,20,1
train_n100_m2_0,50,67,0
train_n100_m2_0,51,7,1
train_n100_m2_0,51,39,0
train_n100_m2_0,51,40,0
train_n100_m2_0,52,97,1
train_n100_m2_0,52,20,0
train_n100_m2_0,52,73,0
train_n100_m2_0,53,37,1
train_n100_m2_0,53,48,0
train_n100_m2_0,54,29,1
train_n100_m2_0,54,91,0
train_n100_m2_0,54,71,0
train_n100_m2_0,54,67,0
train_n100_m2_0,55,24,1
train_n100_m2_0,55,100,0
train_n100_m2_0,55,43,0
train_n100_m2_0,56,9,1
train_n100_m2_0,57,45,1
train_n100_m2_0,58,2,1
train_n100_m2_0,58,57,0
train_n100_m2_0,59,53,1
train_n100_m2_0,59,48,0
train_n100_m2_0,60,23,1
train_n100_m2_0,60,69,0
train_n100_m2_0,60,87,0
train_n100_m2_0,60,27,0
train_n100_m2_0,61,32,1
train_n100_m2_0,61,78,0
train_n100_m2_0,61,52,0
train_n100_m2_0,61,67,0
train_n100_m2_0,62,64,0
train_n100_m2_0,62,66,1
train_n100_m2_0,63,95,1
train_n100_m2_0,63,96,0
train_n100_m2_0,63,33,0
train_n100_m2_0,63,84,0
train_n100_m2_0,63,76,0
train_n100_m2_0,63,31,0
train_n100_m2_0,64,54,1
train_n100_m2_0,64,29,0
train_n100_m2_0,64,73,0
train_n100_m2_0,64,18,0
train_n100_m2_0,64,94,0
train_n100_m2_0,65,89,1
train_n100_m2_0,65,3,0
train_n100_m2_0,65,90,0
train_n100_m2_0,65,85,0
train_n100_m2_0,65,19,0
train_n100_m2_0,65,29,0
train_n100_m2_0,66,28,1
train_n100_m2_0,66,54,0
train_n100_m2_0,66,3,0
train_n100_m2_0,67,91,1
train_n100_m2_0,67,50,0
train_n100_m2_0,67,94,0
train_n100_m2_0,68,34,1
train_n100_m2_0,69,0,1
train_n100_m2_0,69,72,0
train_n100_m2_0,69,5,0
train_n100_m2_0,70,69,1
train_n100_m2_0,70,95,0
train_n100_m2_0,71,21,1
train_n100_m2_0,71,98,0
train_n100_m2_0,71,68,0
train_n100_m2_0,72,27,1
train_n100_m2_0,72,9,0
train_n100_m2_0,72,70,0
train_n100_m2_0,72,5,0
train_n100_m2_0,73,64,1
train_n100_m2_0,73,29,0
train_n100_m2_0,73,80,0
train_n100_m2_0,73,28,0
train_n100_m2_0,73,97,0
train_n100_m2_0,74,85,1
train_n100_m2_0,74,65,0
train_n100_m2_0,75,77,0
train_n100_m2_0,75,6,1
train_n100_m2_0,75,72,0
train_n100_m2_0,75,9,0
train_n100_m2_0,75,56,0
train_n100_m2_0,76,30,0
train_n100_m2_0,76,31,1
train_n100_m2_0,76,12,0
train_n100_m2_0,76,95,0
train_n100_m2_0,76,54,0
train_n100_m2_0,77,75,1
train_n100_m2_0,77,17,0
train_n100_m2_0,77,26,0
train_n100_m2_0,78,61,1
train_n100_m2_0,79,77,1
train_n100_m2_0,79,75,0
train_n100_m2_0,79,87,0
train_n100_m2_0,80,65,1
train_n100_m2_0,81,72,1
train_n100_m2_0,81,56,0
train_n100_m2_0,82,71,1
train_n100_m2_0,82,12,0
train_n100_m2_0,82,18,0
train_n100_m2_0,83,43,1
train_n100_m2_0,83,12,0
train_n100_m2_0,84,60,1
train_n100_m2_0,84,23,0
train_n100_m2_0,84,33,0
train_n100_m2_0,84,88,0
train_n100_m2_0,85,57,1
train_n100_m2_0,85,80,0
train_n100_m2_0,86,47,1
train_n100_m2_0,86,31,0
train_n100_m2_0,86,63,0
train_n100_m2_0,87,88,1
train_n100_m2_0,87,84,0
train_n100_m2_0,87,70,0
train_n100_m2_0,87,96,0
train_n100_m2_0,88,84,1
train_n100_m2_0,88,23,0
train_n100_m2_0,88,33,0
train_n100_m2_0,88,96,0
train_n100_m2_0,88,63,0
train_n100_m2_0,89,3,1
train_n100_m2_0,89,19,0
train_n100_m2_0,90,93,1
train_n100_m2_0,91,73,1
train_n100_m2_0,91,52,0
train_n100_m2_0,91,80,0
train_n100_m2_0,92,36,0
train_n100_m2_0,92,52,1
train_n100_m2_0,92,80,0
train_n100_m2_0,93,56,1
train_n100_m2_0,93,19,0
train_n100_m2_0,93,30,0
train_n100_m2_0,93,95,0
train_n100_m2_0,93,81,0
train_n100_m2_0,94,49,1
train_n100_m2_0,95,30,1
train_n100_m2_0,95,46,0
train_n100_m2_0,95,56,0
train_n100_m2_0,96,10,1
train_n100_m2_0,96,16,0
train_n100_m2_0,96,63,0
train_n100_m2_0,96,0,0
train_n100_m2_0,97,52,0
train_n100_m2_0,97,80,1
train_n100_m2_0,97,74,0
train_n100_m2_0,97,20,0
train_n100_m2_0,98,68,1
train_n100_m2_0,99,38,1
train_n100_m2_0,99,19,0
train_n100_m2_0,99,37,0
train_n100_m2_0,100,11,1
train_n100_m2_0,100,44,0
train_n100_m2_0,100,21,0
train_n100_m2_1,0,62,1
train_n100_m2_1,0,93,1
train_n100_m2_1,0,69,0
train_n100_m2_1,0,10,0
train_n100_m2_1,1,0,1
train_n100_m2_1,2,31,1
train_n100_m2_1,3,6,1
train_n100_m2_1,3,90,0
train_n100_m2_1,3,25,0
train_n100_m2_1,3,67,0
train_n100_m2_1,4,25,1
train_n100_m2_1,4,3,0
train_n100_m2_1,4,34,0
train_n100_m2_1,4,53,0
train_n100_m2_1,5,50,1
train_n100_m2_1,6,90,1
train_n100_m2_1,6,53,0
train_n100_m2_1,6,99,0
train_n100_m2_1,7,55,1
train_n100_m2_1,8,38,1
train_n100_m2_1,8,20,0
train_n100_m2_1,8,61,0
train_n100_m2_1,9,77,0
train_n100_m2_1,9,19,0
train_n100_m2_1,9,76,0
train_n100_m2_1,9,36,1
train_n100_m2_1,10,76,1
train_n100_m2_1,10,9,0
train_n100_m2_1,11,53,0
train_n100_m2_1,11,22,1
train_n100_m2_1,11,90,0
train_n100_m2_1,12,72,1
train_n100_m2_1,12,38,0
train_n100_m2_1,13,44,1
train_n100_m2_1,14,24,1
train_n100_m2_1,14,59,0
train_n100_m2_1,14,80,0
train_n100_m2_1,14,95,0
train_n100_m2_1,15,12,1
train_n100_m2_1,15,72,0
train_n100_m2_1,15,35,0
train_n100_m2_1,16,35,1
train_n100_m2_1,16,65,0
train_n100_m2_1,17,61,1
train_n100_m2_1,17,20,0
train_n100_m2_1,17,29,0
train_n100_m2_1,18,67,0
train_n100_m2_1,18,11,1
train_n100_m2_1,18,34,0
train_n100_m2_1,19,57,1
train_n100_m2_1,20,29,1
train_n100_m2_1,20,39,0
train_n100_m2_1,21,3,0
train_n100_m2_1,21,84,1
train_n100_m2_1,21,64,0
train_n100_m2_1,22,0,1
train_n100_m2_1,22,73,0
train_n100_m2_1,22,10,0
train_n100_m2_1,23,86,0
train_n100_m2_1,23,45,1
train_n100_m2_1,23,54,0
train_n100_m2_1,24,64,1
train_n100_m2_1,24,46,0
train_n100_m2_1,25,48,1
train_n100_m2_1,25,84,0
train_n100_m2_1,25,43,0
train_n100_m2_1,26,28,1
train_n100_m2_1,26,59,0
train_n100_m2_1,27,54,1
train_n100_m2_1,27,19,0
train_n100_m2_1,27,56,0
train_n100_m2_1,28,79,1
train_n100_m2_1,29,17,0
train_n100_m2_1,29,33,1
train_n100_m2_1,29,71,0
train_n100_m2_1,29,47,0
train_n100_m2_1,30,10,1
train_n100_m2_1,30,19,0
train_n100_m2_1,30,60,0
train_n100_m2_1,30,24,0
train_n100_m2_1,31,2,0
train_n100_m2_1,31,74,0
train_n100_m2_1,31,96,1
train_n100_m2_1,31,50,0
train_n100_m2_1,31,97,0
train_n100_m2_1,32,20,1
train_n100_m2_1,32,51,0
train_n100_m2_1,32,16,0
train_n100_m2_1,33,71,1
train_n100_m2_1,33,61,0
train_n100_m2_1,34,99,1
train_n100_m2_1,35,83,1
train_n100_m2_1,35,20,0
train_n100_m2_1,35,58,0
train_n100_m2_1,36,94,1
train_n100_m2_1,36,52,0
train_n100_m2_1,36,68,0
train_n100_m2_1,37,53,1
train_n100_m2_1,38,16,1
train_n100_m2_1,38,8,0
train_n100_m2_1,38,29,0
train_n100_m2_1,39,66,1
train_n100_m2_1,39,78,0
train_n100_m2_1,39,85,0
train_n100_m2_1,40,70,1
train_n100_m2_1,40,76,0
train_n100_m2_1,40,44,0
train_n100_m2_1,41,7,1
train_n100_m2_1,41,100,0
train_n100_m2_1,41,96,0
train_n100_m2_1,42,49,1
train_n100_m2_1,42,97,0
train_n100_m2_1,42,68,0
train_n100_m2_1,42,60,0
train_n100_m2_1,43,34,1
train_n100_m2_1,43,48,0
train_n100_m2_1,43,6,0
train_n100_m2_1,44,9,1
train_n100_m2_1,44,80,0
train_n100_m2_1,44,57,0
train_n100_m2_1,45,42,1
train_n100_m2_1,45,93,0
train_n100_m2_1,45,73,0
train_n100_m2_1,46,3,0
train_n100_m2_1,46,21,0
train_n100_m2_1,47,5,1
train_n100_m2_1,47,61,0
train_n100_m2_1,47,17,0
train_n100_m2_1,48,21,1
train_n100_m2_1,48,67,0
train_n100_m2_1,49,68,0
train_n100_m2_1,49,77,0
train_n100_m2_1,49,98,1
train_n100_m2_1,49,45,0
train_n100_m2_1,50,56,1
train_n100_m2_1,50,86,0
train_n100_m2_1,50,69,0
train_n100_m2_1,50,41,0
train_n100_m2_1,51,47,1
train_n100_m2_1,51,32,0
train_n100_m2_1,52,13,1
train_n100_m2_1,52,88,0
train_n100_m2_1,52,95,0
train_n100_m2_1,52,82,0
train_n100_m2_1,52,79,0
train_n100_m2_1,53,67,1
train_n100_m2_1,53,3,0
train_n100_m2_1,53,14,0
train_n100_m2_1,54,69,1
train_n100_m2_1,54,86,0
train_n100_m2_1,55,7,0
train_n100_m2_1,55,51,1
train_n100_m2_1,56,1,1
train_n100_m2_1,56,97,0
train_n100_m2_1,56,96,0
train_n100_m2_1,56,0,0
train_n100_m2_1,56,62,0
train_n100_m2_1,57,27,1
train_n100_m2_1,58,75,1
train_n100_m2_1,58,12,0
train_n100_m2_1,58,83,0
train_n100_m2_1,59,92,1
train_n100_m2_1,59,28,0
train_n100_m2_1,59,88,0
train_n100_m2_1,59,46,0
train_n100_m2_1,59,70,0
train_n100_m2_1,60,19,1
train_n100_m2_1,60,68,0
train_n100_m2_1,60,52,0
train_n100_m2_1,60,73,0
train_n100_m2_1,61,32,1
train_n100_m2_1,61,51,0
train_n100_m2_1,62,65,1
train_n100_m2_1,62,85,0
train_n100_m2_1,62,56,0
train_n100_m2_1,62,38,0
train_n100_m2_1,63,59,1
train_n100_m2_1,63,70,0
train_n100_m2_1,63,21,0
train_n100_m2_1,64,46,0
train_n100_m2_1,64,3,1
train_n100_m2_1,64,4,0
train_n100_m2_1,65,15,0
train_n100_m2_1,65,85,1
train_n100_m2_1,65,58,0
train_n100_m2_1,65,78,0
train_n100_m2_1,66,39,0
train_n100_m2_1,66,78,1
train_n100_m2_1,66,29,0
train_n100_m2_1,66,85,0
train_n100_m2_1,67,53,0
train_n100_m2_1,67,18,1
train_n100_m2_1,67,84,0
train_n100_m2_1,67,99,0
train_n100_m2_1,68,77,1
train_n100_m2_1,68,52,0
train_n100_m2_1,69,97,1
train_n100_m2_1,69,19,0
train_n100_m2_1,70,82,1
train_n100_m2_1,70,79,0
train_n100_m2_1,70,80,0
train_n100_m2_1,70,88,0
train_n100_m2_1,71,39,1
train_n100_m2_1,71,20,0
train_n100_m2_1,72,58,1
train_n100_m2_1,72,65,0
train_n100_m2_1,73,30,1
train_n100_m2_1,73,69,0
train_n100_m2_1,73,1,0
train_n100_m2_1,73,86,0
train_n100_m2_1,74,2,1
train_n100_m2_1,74,98,0
train_n100_m2_1,74,23,0
train_n100_m2_1,74,50,0
train_n100_m2_1,74,97,0
train_n100_m2_1,74,69,0
train_n100_m2_1,75,15,0
train_n100_m2_1,75,87,1
train_n100_m2_1,75,8,0
train_n100_m2_1,76,95,1
train_n100_m2_1,76,88,0
train_n100_m2_1,76,26,0
train_n100_m2_1,77,60,1
train_n100_m2_1,77,44,0
train_n100_m2_1,77,36,0
train_n100_m2_1,77,95,0
train_n100_m2_1,77,49,0
train_n100_m2_1,78,8,1
train_n100_m2_1,78,85,0
train_n100_m2_1,79,40,1
train_n100_m2_1,79,70,0
train_n100_m2_1,79,36,0
train_n100_m2_1,79,44,0
train_n100_m2_1,80,26,1
train_n100_m2_1,80,28,0
train_n100_m2_1,80,14,0
train_n100_m2_1,81,43,1
train_n100_m2_1,82,88,1
train_n100_m2_1,82,76,0
train_n100_m2_1,82,92,0
train_n100_m2_1,83,35,0
train_n100_m2_1,83,15,1
train_n100_m2_1,84,46,1
train_n100_m2_1,84,21,0
train_n100_m2_1,84,48,0
train_n100_m2_1,84,24,0
train_n100_m2_1,85,17,1
train_n100_m2_1,85,38,0
train_n100_m2_1,85,16,0
train_n100_m2_1,85,61,0
train_n100_m2_1,85,83,0
train_n100_m2_1,85,35,0
train_n100_m2_1,85,65,0
train_n100_m2_1,85,47,0
train_n100_m2_1,86,23,1
train_n100_m2_1,86,56,0
train_n100_m2_1,86,93,0
train_n100_m2_1,86,2,0
train_n100_m2_1,87,89,1
train_n100_m2_1,87,34,0
train_n100_m2_1,87,81,0
train_n100_m2_1,87,65,0
train_n100_m2_1,87,62,0
train_n100_m2_1,88,52,1
train_n100_m2_1,88,9,0
train_n100_m2_1,88,94,0
train_n100_m2_1,89,87,0
train_n100_m2_1,89,81,1
train_n100_m2_1,89,90,0
train_n100_m2_1,90,6,0
train_n100_m2_1,90,37,1
train_n100_m2_1,90,99,0
train_n100_m2_1,91,68,1
train_n100_m2_1,91,95,0
train_n100_m2_1,91,76,0
train_n100_m2_1,92,14,1
train_n100_m2_1,92,24,0
train_n100_m2_1,92,26,0
train_n100_m2_1,92,84,0
train_n100_m2_1,93,73,1
train_n100_m2_1,93,97,0
train_n100_m2_1,93,45,0
train_n100_m2_1,94,91,1
train_n100_m2_1,94,68,0
train_n100_m2_1,94,60,0
train_n100_m2_1,95,52,0
train_n100_m2_1,95,80,1
train_n100_m2_1,95,10,0
train_n100_m2_1,96,100,1
train_n100_m2_1,96,51,0
train_n100_m2_1,96,47,0
train_n100_m2_1,97,86,1
train_n100_m2_1,97,54,0
train_n100_m2_1,97,23,0
train_n100_m2_1,98,74,1
train_n100_m2_1,98,23,0
train_n100_m2_1,98,86,0
train_n100_m2_1,99,4,1
train_n100_m2_1,99,6,0
train_n100_m2_1,99,67,0
train_n100_m2_1,99,64,0
train_n100_m2_1,100,41,1
train_n100_m2_1,100,7,0
train_n100_m2_1,100,96,0
train_n100_m2_1,100,5,0
train_n100_m2_2,0,30,1
train_n100_m2_2,0,99,0
train_n100_m2_2,0,97,1
train_n100_m2_2,0,42,0
train_n100_m2_2,1,64,1
train_n100_m2_2,1,76,0
train_n100_m2_2,1,20,0
train_n100_m2_2,2,94,1
train_n100_m2_2,2,41,0
train_n100_m2_2,2,76,0
train_n100_m2_2,3,7,1
train_n100_m2_2,3,26,0
train_n100_m2_2,3,51,0
train_n100_m2_2,3,17,0
train_n100_m2_2,4,11,0
train_n100_m2_2,4,43,1
train_n100_m2_2,4,88,0
train_n100_m2_2,4,8,0
train_n100_m2_2,5,0,1
train_n100_m2_2,5,22,0
train_n100_m2_2,5,55,0
train_n100_m2_2,5,27,0
train_n100_m2_2,5,46,0
train_n100_m2_2,7,3,0
train_n100_m2_2,7,67,1
train_n100_m2_2,7,74,0
train_n100_m2_2,8,2,1
train_n100_m2_2,9,100,1
train_n100_m2_2,9,60,0
train_n100_m2_2,9,4,0
train_n100_m2_2,10,41,1
train_n100_m2_2,10,60,0
train_n100_m2_2,10,65,0
train_n100_m2_2,10,13,0
train_n100_m2_2,11,94,0
train_n100_m2_2,11,4,1
train_n100_m2_2,11,9,0
train_n100_m2_2,11,1,0
train_n100_m2_2,11,88,0
train_n100_m2_2,11,65,0
train_n100_m2_2,12,49,1
train_n100_m2_2,12,84,0
train_n100_m2_2,13,15,1
train_n100_m2_2,13,36,0
train_n100_m2_2,13,17,0
train_n100_m2_2,13,67,0
train_n100_m2_2,14,74,0
train_n100_m2_2,14,3,1
train_n100_m2_2,14,82,0
train_n100_m2_2,14,17,0
train_n100_m2_2,15,60,1
train_n100_m2_2,15,82,0
train_n100_m2_2,16,38,1
train_n100_m2_2,16,40,0
train_n100_m2_2,16,19,0
train_n100_m2_2,17,59,1
train_n100_m2_2,17,63,0
train_n100_m2_2,17,14,0
train_n100_m2_2,18,47,0
train_n100_m2_2,18,90,1
train_n100_m2_2,18,38,0
train_n100_m2_2,18,83,0
train_n100_m2_2,19,55,1
train_n100_m2_2,19,85,0
train_n100_m2_2,19,45,0
train_n100_m2_2,20,85,1
train_n100_m2_2,20,0,0
train_n100_m2_2,20,80,0
train_n100_m2_2,20,12,0
train_n100_m2_2,21,22,1
train_n100_m2_2,22,0,1
train_n100_m2_2,22,20,0
train_n100_m2_2,22,4,0
train_n100_m2_2,23,79,1
train_n100_m2_2,23,83,0
train_n100_m2_2,23,32,0
train_n100_m2_2,23,91,0
train_n100_m2_2,23,25,0
train_n100_m2_2,24,72,1
train_n100_m2_2,24,29,0
train_n100_m2_2,24,79,0
train_n100_m2_2,24,95,0
train_n100_m2_2,24,23,0
train_n100_m2_2,24,70,0
train_n100_m2_2,25,28,1
train_n100_m2_2,25,92,0
train_n100_m2_2,25,58,0
train_n100_m2_2,26,96,0
train_n100_m2_2,26,14,1
train_n100_m2_2,27,45,1
train_n100_m2_2,27,37,0
train_n100_m2_2,28,62,1
train_n100_m2_2,29,79,0
train_n100_m2_2,29,54,1
train_n100_m2_2,30,93,1
train_n100_m2_2,30,99,0
train_n100_m2_2,30,6,0
train_n100_m2_2,30,22,0
train_n100_m2_2,31,83,1
train_n100_m2_2,31,44,0
train_n100_m2_2,32,33,1
train_n100_m2_2,32,75,0
train_n100_m2_2,33,44,0
train_n100_m2_2,33,79,0
train_n100_m2_2,33,37,0
train_n100_m2_2,33,91,1
train_n100_m2_2,34,95,1
train_n100_m2_2,34,66,0
train_n100_m2_2,34,57,0
train_n100_m2_2,35,40,1
train_n100_m2_2,35,37,0
train_n100_m2_2,35,54,0
train_n100_m2_2,36,89,0
train_n100_m2_2,36,51,1
train_n100_m2_2,36,17,0
train_n100_m2_2,36,13,0
train_n100_m2_2,36,15,0
train_n100_m2_2,36,41,0
train_n100_m2_2,37,48,1
train_n100_m2_2,38,16,0
train_n100_m2_2,38,85,0
train_n100_m2_2,38,53,1
train_n100_m2_2,38,18,0
train_n100_m2_2,39,57,0
train_n100_m2_2,39,96,1
train_n100_m2_2,40,47,1
train_n100_m2_2,40,85,0
train_n100_m2_2,41,15,0
train_n100_m2_2,41,89,1
train_n100_m2_2,41,17,0
train_n100_m2_2,42,87,1
train_n100_m2_2,42,30,0
train_n100_m2_2,43,46,0
train_n100_m2_2,43,100,0
train_n100_m2_2,43,6,1
train_n100_m2_2,43,5,0
train_n100_m2_2,44,33,0
train_n100_m2_2,44,37,1
train_n100_m2_2,44,54,0
train_n100_m2_2,45,20,1
train_n100_m2_2,45,85,0
train_n100_m2_2,46,88,1
train_n100_m2_2,46,0,0
train_n100_m2_2,46,4,0
train_n100_m2_2,47,18,1
train_n100_m2_2,48,37,0
train_n100_m2_2,48,27,1
train_n100_m2_2,48,44,0
train_n100_m2_2,49,80,1
train_n100_m2_2,49,18,0
train_n100_m2_2,49,86,0
train_n100_m2_2,50,78,0
train_n100_m2_2,50,57,1
train_n100_m2_2,50,70,0
train_n100_m2_2,50,34,0
train_n100_m2_2,50,39,0
train_n100_m2_2,50,25,0
train_n100_m2_2,50,71,0
train_n100_m2_2,51,56,1
train_n100_m2_2,51,15,0
train_n100_m2_2,51,41,0
train_n100_m2_2,52,69,1
train_n100_m2_2,52,91,0
train_n100_m2_2,53,84,1
train_n100_m2_2,53,38,0
train_n100_m2_2,53,20,0
train_n100_m2_2,53,12,0
train_n100_m2_2,54,29,0
train_n100_m2_2,54,31,1
train_n100_m2_2,54,33,0
train_n100_m2_2,55,99,1
train_n100_m2_2,55,5,0
train_n100_m2_2,55,84,0
train_n100_m2_2,56,61,1
train_n100_m2_2,56,74,0
train_n100_m2_2,57,70,0
train_n100_m2_2,57,52,1
train_n100_m2_2,58,59,0
train_n100_m2_2,58,75,1
train_n100_m2_2,58,51,0
train_n100_m2_2,58,63,0
train_n100_m2_2,58,74,0
train_n100_m2_2,59,58,1
train_n100_m2_2,60,65,1
train_n100_m2_2,60,10,0
train_n100_m2_2,61,17,1
train_n100_m2_2,61,74,0
train_n100_m2_2,61,14,0
train_n100_m2_2,61,75,0
train_n100_m2_2,62,71,1
train_n100_m2_2,62,73,0
train_n100_m2_2,62,39,0
train_n100_m2_2,62,14,0
train_n100_m2_2,63,13,1
train_n100_m2_2,64,21,1
train_n100_m2_2,64,1,0
train_n100_m2_2,64,53,0
train_n100_m2_2,64,20,0
train_n100_m2_2,64,85,0
train_n100_m2_2,65,60,0
train_n100_m2_2,65,8,1
train_n100_m2_2,65,94,0
train_n100_m2_2,65,36,0
train_n100_m2_2,65,82,0
train_n100_m2_2,66,34,1
train_n100_m2_2,67,74,1
train_n100_m2_2,67,51,0
train_n100_m2_2,67,36,0
train_n100_m2_2,67,13,0
train_n100_m2_2,68,44,1
train_n100_m2_2,68,54,0
train_n100_m2_2,68,32,0
train_n100_m2_2,68,81,0
train_n100_m2_2,69,66,1
train_n100_m2_2,69,91,0
train_n100_m2_2,69,52,0
train_n100_m2_2,69,78,0
train_n100_m2_2,69,28,0
train_n100_m2_2,69,73,0
train_n100_m2_2,69,23,0
train_n100_m2_2,70,92,1
train_n100_m2_2,70,62,0
train_n100_m2_2,71,73,1
train_n100_m2_2,71,56,0
train_n100_m2_2,72,98,1
train_n100_m2_2,72,31,0
train_n100_m2_2,73,39,1
train_n100_m2_2,73,70,0
train_n100_m2_2,74,3,0
train_n100_m2_2,74,82,1
train_n100_m2_2,74,51,0
train_n100_m2_2,74,36,0
train_n100_m2_2,75,25,1
train_n100_m2_2,76,1,1
train_n100_m2_2,76,53,0
train_n100_m2_2,77,11,1
train_n100_m2_2,77,8,0
train_n100_m2_2,78,50,1
train_n100_m2_2,78,69,0
train_n100_m2_2,79,68,0
train_n100_m2_2,79,33,0
train_n100_m2_2,79,44,0
train_n100_m2_2,79,24,1
train_n100_m2_2,79,91,0
train_n100_m2_2,79,31,0
train_n100_m2_2,80,35,1
train_n100_m2_2,80,45,0
train_n100_m2_2,80,18,0
train_n100_m2_2,80,27,0
train_n100_m2_2,81,32,1
train_n100_m2_2,81,44,0
train_n100_m2_2,82,63,1
train_n100_m2_2,82,89,0
train_n100_m2_2,83,68,1
train_n100_m2_2,83,31,0
train_n100_m2_2,84,85,0
train_n100_m2_2,84,19,1
train_n100_m2_2,84,64,0
train_n100_m2_2,84,90,0
train_n100_m2_2,85,86,0
train_n100_m2_2,85,12,1
train_n100_m2_2,85,21,0
train_n100_m2_2,86,16,1
train_n100_m2_2,87,81,1
train_n100_m2_2,87,48,0
train_n100_m2_2,87,97,0
train_n100_m2_2,87,45,0
train_n100_m2_2,88,9,1
train_n100_m2_2,88,8,0
train_n100_m2_2,88,60,0
train_n100_m2_2,88,15,0
train_n100_m2_2,89,36,1
train_n100_m2_2,89,58,0
train_n100_m2_2,89,67,0
train_n100_m2_2,90,86,1
train_n100_m2_2,90,35,0
train_n100_m2_2,90,84,0
train_n100_m2_2,91,70,1
train_n100_m2_2,91,78,0
train_n100_m2_2,91,25,0
train_n100_m2_2,92,78,1
train_n100_m2_2,92,28,0
train_n100_m2_2,92,25,0
train_n100_m2_2,93,42,1
train_n100_m2_2,93,27,0
train_n100_m2_2,93,37,0
train_n100_m2_2,94,11,0
train_n100_m2_2,94,77,1
train_n100_m2_2,94,9,0
train_n100_m2_2,94,46,0
train_n100_m2_2,95,23,1
train_n100_m2_2,95,91,0
train_n100_m2_2,95,44,0
train_n100_m2_2,96,26,1
train_n100_m2_2,96,56,0
train_n100_m2_2,97,46,1
train_n100_m2_2,97,0,0
train_n100_m2_2,97,41,0
train_n100_m2_2,98,29,1
train_n100_m2_2,98,79,0
train_n100_m2_2,98,31,0
train_n100_m2_2,99,22,0
train_n100_m2_2,99,5,1
train_n100_m2_2,100,10,1
train_n100_m2_2,100,8,0
train_n100_m2_3,0,46,1
train_n100_m2_3,0,80,1
train_n100_m2_3,0,29,0
train_n100_m2_3,0,72,0
train_n100_m2_3,1,32,1
train_n100_m2_3,1,5,0
train_n100_m2_3,1,83,0
train_n100_m2_3,1,16,0
train_n100_m2_3,1,72,0
train_n100_m2_3,2,15,1
train_n100_m2_3,2,57,0
train_n100_m2_3,2,51,0
train_n100_m2_3,3,93,0
train_n100_m2_3,3,27,1
train_n100_m2_3,3,98,0
train_n100_m2_3,4,84,1
train_n100_m2_3,4,36,0
train_n100_m2_3,4,43,0
train_n100_m2_3,4,65,0
train_n100_m2_3,5,1,1
train_n100_m2_3,5,62,0
train_n100_m2_3,5,34,0
train_n100_m2_3,5,17,0
train_n100_m2_3,5,46,0
train_n100_m2_3,6,50,1
train_n100_m2_3,6,64,0
train_n100_m2_3,6,36,0
train_n100_m2_3,6,52,0
train_n100_m2_3,7,42,1
train_n100_m2_3,7,26,0
train_n100_m2_3,7,79,0
train_n100_m2_3,8,33,1
train_n100_m2_3,8,86,0
train_n100_m2_3,8,11,0
train_n100_m2_3,8,76,0
train_n100_m2_3,9,24,1
train_n100_m2_3,9,58,0
train_n100_m2_3,9,59,0
train_n100_m2_3,10,97,0
train_n100_m2_3,10,11,1
train_n100_m2_3,10,15,0
train_n100_m2_3,11,70,0
train_n100_m2_3,11,10,0
train_n100_m2_3,11,45,0
train_n100_m2_3,11,8,1
train_n100_m2_3,11,97,0
train_n100_m2_3,11,3,0
train_n100_m2_3,12,23,1
train_n100_m2_3,12,78,0
train_n100_m2_3,13,54,1
train_n100_m2_3,13,63,0
train_n100_m2_3,14,10,1
train_n100_m2_3,14,2,0
train_n100_m2_3,14,97,0
train_n100_m2_3,14,93,0
train_n100_m2_3,14,3,0
train_n100_m2_3,14,73,0
train_n100_m2_3,15,2,0
train_n100_m2_3,15,98,1
train_n100_m2_3,16,34,0
train_n100_m2_3,16,40,1
train_n100_m2_3,16,51,0
train_n100_m2_3,16,46,0
train_n100_m2_3,17,34,1
train_n100_m2_3,17,5,0
train_n100_m2_3,17,1,0
train_n100_m2_3,17,80,0
train_n100_m2_3,18,94,1
train_n100_m2_3,18,87,0
train_n100_m2_3,19,77,1
train_n100_m2_3,19,86,0
train_n100_m2_3,20,49,1
train_n100_m2_3,20,13,0
train_n100_m2_3,20,74,0
train_n100_m2_3,21,68,1
train_n100_m2_3,22,20,1
train_n100_m2_3,22,86,0
train_n100_m2_3,22,82,0
train_n100_m2_3,22,95,0
train_n100_m2_3,23,21,1
train_n100_m2_3,24,69,1
train_n100_m2_3,24,15,0
train_n100_m2_3,24,51,0
train_n100_m2_3,25,12,1
train_n100_m2_3,25,52,0
train_n100_m2_3,26,66,0
train_n100_m2_3,26,25,0
train_n100_m2_3,26,52,1
train_n100_m2_3,26,28,0
train_n100_m2_3,27,23,0
train_n100_m2_3,27,73,1
train_n100_m2_3,27,2,0
train_n100_m2_3,27,21,0
train_n100_m2_3,28,92,1
train_n100_m2_3,28,66,0
train_n100_m2_3,29,79,1
train_n100_m2_3,30,82,1
train_n100_m2_3,30,67,0
train_n100_m2_3,30,95,0
train_n100_m2_3,30,52,0
train_n100_m2_3,30,36,0
train_n100_m2_3,31,0,1
train_n100_m2_3,31,32,0
train_n100_m2_3,32,71,1
train_n100_m2_3,32,46,0
train_n100_m2_3,33,63,1
train_n100_m2_3,33,13,0
train_n100_m2_3,33,54,0
train_n100_m2_3,33,86,0
train_n100_m2_3,34,56,1
train_n100_m2_3,34,79,0
train_n100_m2_3,35,66,1
train_n100_m2_3,35,29,0
train_n100_m2_3,36,37,1
train_n100_m2_3,36,75,0
train_n100_m2_3,37,36,0
train_n100_m2_3,37,87,1
train_n100_m2_3,38,65,0
train_n100_m2_3,38,18,1
train_n100_m2_3,38,42,0
train_n100_m2_3,38,52,0
train_n100_m2_3,38,21,0
train_n100_m2_3,38,53,0
train_n100_m2_3,39,60,0
train_n100_m2_3,39,14,0
train_n100_m2_3,39,47,1
train_n100_m2_3,40,5,1
train_n100_m2_3,40,16,0
train_n100_m2_3,41,17,1
train_n100_m2_3,41,53,0
train_n100_m2_3,41,71,0
train_n100_m2_3,42,26,1
train_n100_m2_3,42,92,0
train_n100_m2_3,43,67,1
train_n100_m2_3,43,87,0
train_n100_m2_3,43,52,0
train_n100_m2_3,44,76,0
train_n100_m2_3,44,93,1
train_n100_m2_3,44,74,0
train_n100_m2_3,44,10,0
train_n100_m2_3,44,3,0
train_n100_m2_3,44,81,0
train_n100_m2_3,45,76,1
train_n100_m2_3,45,44,0
train_n100_m2_3,45,22,0
train_n100_m2_3,46,83,1
train_n100_m2_3,46,0,0
train_n100_m2_3,46,28,0
train_n100_m2_3,47,19,1
train_n100_m2_3,48,45,1
train_n100_m2_3,49,86,1
train_n100_m2_3,49,45,0
train_n100_m2_3,49,81,0
train_n100_m2_3,50,4,1
train_n100_m2_3,50,37,0
train_n100_m2_3,51,71,0
train_n100_m2_3,51,57,1
train_n100_m2_3,51,0,0
train_n100_m2_3,52,37,0
train_n100_m2_3,52,65,1
train_n100_m2_3,52,82,0
train_n100_m2_3,52,87,0
train_n100_m2_3,53,35,1
train_n100_m2_3,53,7,0
train_n100_m2_3,54,33,0
train_n100_m2_3,54,48,1
train_n100_m2_3,54,8,0
train_n100_m2_3,54,86,0
train_n100_m2_3,55,41,1
train_n100_m2_3,55,31,0
train_n100_m2_3,56,16,1
train_n100_m2_3,57,89,1
train_n100_m2_3,57,51,0
train_n100_m2_3,57,23,0
train_n100_m2_3,58,85,1
train_n100_m2_3,58,39,0
train_n100_m2_3,59,14,1
train_n100_m2_3,59,10,0
train_n100_m2_3,60,59,1
train_n100_m2_3,60,19,0
train_n100_m2_3,60,47,0
train_n100_m2_3,60,93,0
train_n100_m2_3,61,78,1
train_n100_m2_3,61,3,0
train_n100_m2_3,61,97,0
train_n100_m2_3,61,93,0
train_n100_m2_3,61,100,0
train_n100_m2_3,62,51,1
train_n100_m2_3,62,72,0
train_n100_m2_3,63,13,1
train_n100_m2_3,63,11,0
train_n100_m2_3,63,76,0
train_n100_m2_3,64,43,1
train_n100_m2_3,64,37,0
train_n100_m2_3,64,30,0
train_n100_m2_3,65,38,1
train_n100_m2_3,65,66,0
train_n100_m2_3,66,7,1
train_n100_m2_3,66,42,0
train_n100_m2_3,66,53,0
train_n100_m2_3,67,30,1
train_n100_m2_3,67,6,0
train_n100_m2_3,67,4,0
train_n100_m2_3,67,52,0
train_n100_m2_3,68,28,1
train_n100_m2_3,68,92,0
train_n100_m2_3,68,29,0
train_n100_m2_3,68,26,0
train_n100_m2_3,68,35,0
train_n100_m2_3,69,58,1
train_n100_m2_3,69,2,0
train_n100_m2_3,69,99,0
train_n100_m2_3,69,57,0
train_n100_m2_3,70,20,0
train_n100_m2_3,70,74,1
train_n100_m2_3,70,22,0
train_n100_m2_3,71,62,1
train_n100_m2_3,71,46,0
train_n100_m2_3,72,28,0
train_n100_m2_3,72,0,1
train_n100_m2_3,72,23,0
train_n100_m2_3,72,80,0
train_n100_m2_3,73,72,1
train_n100_m2_3,73,24,0
train_n100_m2_3,74,61,1
train_n100_m2_3,75,96,1
train_n100_m2_3,76,44,1
train_n100_m2_3,76,11,0
train_n100_m2_3,76,97,0
train_n100_m2_3,76,61,0
train_n100_m2_3,76,78,0
train_n100_m2_3,77,60,1
train_n100_m2_3,77,99,0
train_n100_m2_3,77,19,0
train_n100_m2_3,77,100,0
train_n100_m2_3,78,81,0
train_n100_m2_3,78,25,1
train_n100_m2_3,79,53,1
train_n100_m2_3,79,35,0
train_n100_m2_3,80,29,1
train_n100_m2_3,80,46,0
train_n100_m2_3,80,0,0
train_n100_m2_3,80,92,0
train_n100_m2_3,81,82,0
train_n100_m2_3,81,70,0
train_n100_m2_3,81,22,1
train_n100_m2_3,81,76,0
train_n100_m2_3,82,75,1
train_n100_m2_3,82,67,0
train_n100_m2_3,82,43,0
train_n100_m2_3,82,36,0
train_n100_m2_3,83,80,0
train_n100_m2_3,83,55,1
train_n100_m2_3,83,68,0
train_n100_m2_3,84,50,0
train_n100_m2_3,84,4,0
train_n100_m2_3,84,64,1
train_n100_m2_3,84,65,0
train_n100_m2_3,85,88,1
train_n100_m2_3,85,51,0
train_n100_m2_3,86,70,1
train_n100_m2_3,86,45,0
train_n100_m2_3,86,44,0
train_n100_m2_3,86,33,0
train_n100_m2_3,87,6,1
train_n100_m2_3,87,94,0
train_n100_m2_3,88,85,0
train_n100_m2_3,88,90,1
train_n100_m2_3,88,91,0
train_n100_m2_3,88,9,0
train_n100_m2_3,88,5,0
train_n100_m2_3,88,1,0
train_n100_m2_3,88,56,0
train_n100_m2_3,89,2,1
train_n100_m2_3,89,9,0
train_n100_m2_3,90,91,1
train_n100_m2_3,90,60,0
train_n100_m2_3,90,77,0
train_n100_m2_3,91,99,1
train_n100_m2_3,92,31,1
train_n100_m2_3,92,83,0
train_n100_m2_3,93,100,1
train_n100_m2_3,93,98,0
train_n100_m2_3,94,36,1
train_n100_m2_3,94,26,0
train_n100_m2_3,95,74,0
train_n100_m2_3,95,81,1
train_n100_m2_3,95,44,0
train_n100_m2_3,95,12,0
train_n100_m2_3,96,95,1
train_n100_m2_3,96,78,0
train_n100_m2_3,96,81,0
train_n100_m2_3,97,3,1
train_n100_m2_3,97,93,0
train_n100_m2_3,97,78,0
train_n100_m2_3,97,74,0
train_n100_m2_3,97,98,0
train_n100_m2_3,98,15,0
train_n100_m2_3,98,89,0
train_n100_m2_3,98,9,1
train_n100_m2_3,98,24,0
train_n100_m2_3,98,69,0
train_n100_m2_3,99,39,1
train_n100_m2_3,99,24,0
train_n100_m2_3,100,97,1
train_n100_m2_3,100,14,0
train_n100_m2_4,0,4,1
train_n100_m2_4,0,79,1
train_n100_m2_4,1,53,1
train_n100_m2_4,2,19,1
train_n100_m2_4,2,27,0
train_n100_m2_4,2,12,0
train_n100_m2_4,3,80,1
train_n100_m2_4,3,73,0
train_n100_m2_4,3,77,0
train_n100_m2_4,4,16,1
train_n100_m2_4,4,49,0
train_n100_m2_4,4,70,0
train_n100_m2_4,5,40,1
train_n100_m2_4,5,90,0
train_n100_m2_4,6,68,1
train_n100_m2_4,6,59,0
train_n100_m2_4,6,9,0
train_n100_m2_4,7,73,1
train_n100_m2_4,7,66,0
train_n100_m2_4,7,3,0
train_n100_m2_4,8,45,0
train_n100_m2_4,8,85,0
train_n100_m2_4,8,74,1
train_n100_m2_4,9,78,1
train_n100_m2_4,10,64,1
train_n100_m2_4,10,73,0
train_n100_m2_4,10,58,0
train_n100_m2_4,10,84,0
train_n100_m2_4,11,87,1
train_n100_m2_4,12,45,1
train_n100_m2_4,12,75,0
train_n100_m2_4,13,85,1
train_n100_m2_4,13,2,0
train_n100_m2_4,13,24,0
train_n100_m2_4,14,97,0
train_n100_m2_4,14,82,1
train_n100_m2_4,14,23,0
train_n100_m2_4,14,21,0
train_n100_m2_4,15,9,1
train_n100_m2_4,16,20,1
train_n100_m2_4,16,49,0
train_n100_m2_4,16,67,0
train_n100_m2_4,17,49,1
train_n100_m2_4,17,0,0
train_n100_m2_4,17,30,0
train_n100_m2_4,17,4,0
train_n100_m2_4,17,51,0
train_n100_m2_4,17,1,0
train_n100_m2_4,18,36,1
train_n100_m2_4,18,62,0
train_n100_m2_4,18,86,0
train_n100_m2_4,18,98,0
train_n100_m2_4,18,45,0
train_n100_m2_4,19,98,1
train_n100_m2_4,19,83,0
train_n100_m2_4,20,70,1
train_n100_m2_4,20,100,0
train_n100_m2_4,20,67,0
train_n100_m2_4,20,49,0
train_n100_m2_4,21,5,1
train_n100_m2_4,21,97,0
train_n100_m2_4,21,77,0
train_n100_m2_4,22,56,1
train_n100_m2_4,22,60,0
train_n100_m2_4,22,31,0
train_n100_m2_4,22,48,0
train_n100_m2_4,23,21,1
train_n100_m2_4,23,47,0
train_n100_m2_4,23,53,0
train_n100_m2_4,23,1,0
train_n100_m2_4,24,12,1
train_n100_m2_4,24,62,0
train_n100_m2_4,25,93,1
train_n100_m2_4,26,65,1
train_n100_m2_4,26,59,0
train_n100_m2_4,26,6,0
train_n100_m2_4,27,99,0
train_n100_m2_4,27,2,1
train_n100_m2_4,27,83,0
train_n100_m2_4,27,9,0
train_n100_m2_4,27,12,0
train_n100_m2_4,28,22,1
train_n100_m2_4,28,32,0
train_n100_m2_4,28,48,0
train_n100_m2_4,29,37,1
train_n100_m2_4,29,97,0
train_n100_m2_4,29,23,0
train_n100_m2_4,30,100,1
train_n100_m2_4,30,20,0
train_n100_m2_4,30,51,0
train_n100_m2_4,31,34,0
train_n100_m2_4,31,32,1
train_n100_m2_4,31,48,0
train_n100_m2_4,31,60,0
train_n100_m2_4,32,48,1
train_n100_m2_4,32,44,0
train_n100_m2_4,32,37,0
train_n100_m2_4,33,72,1
train_n100_m2_4,33,37,0
train_n100_m2_4,33,60,0
train_n100_m2_4,34,31,1
train_n100_m2_4,34,38,0
train_n100_m2_4,34,56,0
train_n100_m2_4,34,22,0
train_n100_m2_4,34,50,0
train_n100_m2_4,34,92,0
train_n100_m2_4,34,93,0
train_n100_m2_4,35,53,0
train_n100_m2_4,35,77,1
train_n100_m2_4,36,62,1
train_n100_m2_4,36,13,0
train_n100_m2_4,36,12,0
train_n100_m2_4,37,89,1
train_n100_m2_4,37,97,0
train_n100_m2_4,37,33,0
train_n100_m2_4,38,54,1
train_n100_m2_4,38,22,0
train_n100_m2_4,38,61,0
train_n100_m2_4,39,63,1
train_n100_m2_4,39,56,0
train_n100_m2_4,39,38,0
train_n100_m2_4,39,25,0
train_n100_m2_4,40,90,1
train_n100_m2_4,40,43,0
train_n100_m2_4,40,94,0
train_n100_m2_4,40,23,0
train_n100_m2_4,41,95,0
train_n100_m2_4,41,26,1
train_n100_m2_4,41,38,0
train_n100_m2_4,42,10,0
train_n100_m2_4,42,88,1
train_n100_m2_4,43,34,0
train_n100_m2_4,43,97,1
train_n100_m2_4,44,43,1
train_n100_m2_4,44,34,0
train_n100_m2_4,45,81,1
train_n100_m2_4,45,12,0
train_n100_m2_4,45,24,0
train_n100_m2_4,45,15,0
train_n100_m2_4,46,94,1
train_n100_m2_4,46,5,0
train_n100_m2_4,47,53,0
train_n100_m2_4,47,82,0
train_n100_m2_4,47,67,0
train_n100_m2_4,48,44,1
train_n100_m2_4,48,31,0
train_n100_m2_4,48,22,0
train_n100_m2_4,49,0,1
train_n100_m2_4,49,70,0
train_n100_m2_4,49,98,0
train_n100_m2_4,50,60,1
train_n100_m2_4,50,43,0
train_n100_m2_4,50,97,0
train_n100_m2_4,50,34,0
train_n100_m2_4,50,28,0
train_n100_m2_4,51,99,0
train_n100_m2_4,51,4,0
train_n100_m2_4,51,30,0
train_n100_m2_4,51,13,0
train_n100_m2_4,52,75,1
train_n100_m2_4,52,36,0
train_n100_m2_4,53,35,1
train_n100_m2_4,54,34,1
train_n100_m2_4,54,32,0
train_n100_m2_4,54,41,0
train_n100_m2_4,55,29,1
train_n100_m2_4,55,14,0
train_n100_m2_4,55,47,0
train_n100_m2_4,55,97,0
train_n100_m2_4,56,39,1
train_n100_m2_4,56,31,0
train_n100_m2_4,56,28,0
train_n100_m2_4,57,61,1
train_n100_m2_4,58,42,1
train_n100_m2_4,58,7,0
train_n100_m2_4,58,47,0
train_n100_m2_4,59,6,1
train_n100_m2_4,59,95,0
train_n100_m2_4,60,28,1
train_n100_m2_4,61,41,1
train_n100_m2_4,62,52,1
train_n100_m2_4,63,71,1
train_n100_m2_4,63,93,0
train_n100_m2_4,64,66,0
train_n100_m2_4,64,73,0
train_n100_m2_4,64,3,1
train_n100_m2_4,64,58,0
train_n100_m2_4,65,27,1
train_n100_m2_4,66,10,1
train_n100_m2_4,66,64,0
train_n100_m2_4,66,67,0
train_n100_m2_4,67,58,1
train_n100_m2_4,67,47,0
train_n100_m2_4,67,42,0
train_n100_m2_4,67,66,0
train_n100_m2_4,68,6,0
train_n100_m2_4,68,59,0
train_n100_m2_4,68,57,0
train_n100_m2_4,68,95,1
train_n100_m2_4,68,92,0
train_n100_m2_4,68,54,0
train_n100_m2_4,69,18,1
train_n100_m2_4,69,98,0
train_n100_m2_4,69,81,0
train_n100_m2_4,70,1,1
train_n100_m2_4,70,99,0
train_n100_m2_4,71,96,1
train_n100_m2_4,71,11,0
train_n100_m2_4,71,63,0
train_n100_m2_4,71,39,0
train_n100_m2_4,71,56,0
train_n100_m2_4,72,50,1
train_n100_m2_4,72,32,0
train_n100_m2_4,73,7,0
train_n100_m2_4,73,66,1
train_n100_m2_4,73,88,0
train_n100_m2_4,73,58,0
train_n100_m2_4,73,77,0
train_n100_m2_4,74,81,0
train_n100_m2_4,74,83,0
train_n100_m2_4,75,24,1
train_n100_m2_4,75,15,0
train_n100_m2_4,76,13,1
train_n100_m2_4,76,75,0
train_n100_m2_4,76,52,0
train_n100_m2_4,77,47,1
train_n100_m2_4,77,1,0
train_n100_m2_4,77,23,0
train_n100_m2_4,77,66,0
train_n100_m2_4,77,82,0
train_n100_m2_4,77,21,0
train_n100_m2_4,78,59,1
train_n100_m2_4,78,61,0
train_n100_m2_4,78,92,0
train_n100_m2_4,79,86,1
train_n100_m2_4,79,17,0
train_n100_m2_4,79,19,0
train_n100_m2_4,80,91,1
train_n100_m2_4,80,42,0
train_n100_m2_4,81,76,1
train_n100_m2_4,81,13,0
train_n100_m2_4,81,62,0
train_n100_m2_4,82,23,1
train_n100_m2_4,82,47,0
train_n100_m2_4,82,40,0
train_n100_m2_4,83,99,0
train_n100_m2_4,83,51,1
train_n100_m2_4,83,74,0
train_n100_m2_4,83,21,0
train_n100_m2_4,84,7,1
train_n100_m2_4,84,47,0
train_n100_m2_4,85,13,0
train_n100_m2_4,85,8,1
train_n100_m2_4,85,98,0
train_n100_m2_4,85,81,0
train_n100_m2_4,85,2,0
train_n100_m2_4,85,62,0
train_n100_m2_4,86,69,1
train_n100_m2_4,86,13,0
train_n100_m2_4,87,25,1
train_n100_m2_4,87,96,0
train_n100_m2_4,87,22,0
train_n100_m2_4,88,84,1
train_n100_m2_4,88,64,0
train_n100_m2_4,88,55,0
train_n100_m2_4,89,33,1
train_n100_m2_4,89,28,0
train_n100_m2_4,90,94,0
train_n100_m2_4,90,92,1
train_n100_m2_4,90,97,0
train_n100_m2_4,90,14,0
train_n100_m2_4,90,31,0
train_n100_m2_4,91,10,0
train_n100_m2_4,91,17,1
train_n100_m2_4,91,67,0
train_n100_m2_4,92,46,1
train_n100_m2_4,92,34,0
train_n100_m2_4,92,43,0
train_n100_m2_4,93,38,1
train_n100_m2_4,94,46,0
train_n100_m2_4,94,99,1
train_n100_m2_4,94,26,0
train_n100_m2_4,94,2,0
train_n100_m2_4,94,51,0
train_n100_m2_4,95,57,1
train_n100_m2_4,95,68,0
train_n100_m2_4,95,38,0
train_n100_m2_4,96,11,1
train_n100_m2_4,96,39,0
train_n100_m2_4,96,57,0
train_n100_m2_4,97,14,1
train_n100_m2_4,97,21,0
train_n100_m2_4,97,90,0
train_n100_m2_4,98,85,0
train_n100_m2_4,98,8,0
train_n100_m2_4,98,81,0
train_n100_m2_4,98,30,1
train_n100_m2_4,99,83,1
train_n100_m2_4,99,65,0
train_n100_m2_4,100,0,0
train_n100_m2_4,100,20,0
train_n100_m2_4,100,70,0
train_n100_m2_4,100,67,1
train_n100_m2_5,0,91,1
train_n100_m2_5,0,99,1
train_n100_m2_5,0,83,0
train_n100_m2_5,0,18,0
train_n100_m2_5,0,69,0
train_n100_m2_5,1,68,1
train_n100_m2_5,2,1,1
train_n100_m2_5,2,68,0
train_n100_m2_5,2,10,0
train_n100_m2_5,3,13,1
train_n100_m2_5,3,30,0
train_n100_m2_5,3,49,0
train_n100_m2_5,3,88,0
train_n100_m2_5,4,20,1
train_n100_m2_5,5,6,0
train_n100_m2_5,5,70,1
train_n100_m2_5,5,91,0
train_n100_m2_5,6,55,1
train_n100_m2_5,6,93,0
train_n100_m2_5,6,78,0
train_n100_m2_5,7,38,0
train_n100_m2_5,7,98,1
train_n100_m2_5,7,14,0
train_n100_m2_5,8,66,1
train_n100_m2_5,8,51,0
train_n100_m2_5,8,77,0
train_n100_m2_5,8,47,0
train_n100_m2_5,8,34,0
train_n100_m2_5,8,65,0
train_n100_m2_5,9,60,1
train_n100_m2_5,10,90,1
train_n100_m2_5,11,40,1
train_n100_m2_5,11,100,0
train_n100_m2_5,11,23,0
train_n100_m2_5,11,67,0
train_n100_m2_5,12,93,0
train_n100_m2_5,12,37,1
train_n100_m2_5,12,97,0
train_n100_m2_5,12,32,0
train_n100_m2_5,13,30,1
train_n100_m2_5,13,44,0
train_n100_m2_5,14,80,1
train_n100_m2_5,14,98,0
train_n100_m2_5,15,4,1
train_n100_m2_5,15,100,0
train_n100_m2_5,16,45,1
train_n100_m2_5,17,83,1
train_n100_m2_5,17,82,0
train_n100_m2_5,17,27,0
train_n100_m2_5,17,96,0
train_n100_m2_5,18,89,1
train_n100_m2_5,18,52,0
train_n100_m2_5,18,81,0
train_n100_m2_5,19,17,1
train_n100_m2_5,19,18,0
train_n100_m2_5,20,100,1
train_n100_m2_5,20,86,0
train_n100_m2_5,20,81,0
train_n100_m2_5,21,19,1
train_n100_m2_5,21,62,0
train_n100_m2_5,21,27,0
train_n100_m2_5,21,24,0
train_n100_m2_5,22,87,1
train_n100_m2_5,22,3,0
train_n100_m2_5,22,72,0
train_n100_m2_5,22,59,0
train_n100_m2_5,22,1,0
train_n100_m2_5,23,45,0
train_n100_m2_5,23,16,1
train_n100_m2_5,23,86,0
train_n100_m2_5,24,47,1
train_n100_m2_5,24,66,0
train_n100_m2_5,24,78,0
train_n100_m2_5,25,26,1
train_n100_m2_5,25,39,0
train_n100_m2_5,25,92,0
train_n100_m2_5,25,53,0
train_n100_m2_5,26,72,0
train_n100_m2_5,26,14,1
train_n100_m2_5,26,39,0
train_n100_m2_5,26,46,0
train_n100_m2_5,27,97,0
train_n100_m2_5,27,96,1
train_n100_m2_5,27,73,0
train_n100_m2_5,27,93,0
train_n100_m2_5,28,31,1
train_n100_m2_5,29,10,1
train_n100_m2_5,29,44,0
train_n100_m2_5,29,86,0
train_n100_m2_5,29,2,0
train_n100_m2_5,30,52,1
train_n100_m2_5,31,3,1
train_n100_m2_5,31,28,0
train_n100_m2_5,31,13,0
train_n100_m2_5,32,34,1
train_n100_m2_5,32,41,0
train_n100_m2_5,32,8,0
train_n100_m2_5,32,24,0
train_n100_m2_5,33,61,1
train_n100_m2_5,33,69,0
train_n100_m2_5,34,76,0
train_n100_m2_5,34,51,1
train_n100_m2_5,35,2,1
train_n100_m2_5,35,53,0
train_n100_m2_5,36,33,1
train_n100_m2_5,36,42,0
train_n100_m2_5,37,93,1
train_n100_m2_5,37,76,0
train_n100_m2_5,37,77,0
train_n100_m2_5,37,55,0
train_n100_m2_5,37,27,0
train_n100_m2_5,38,46,1
train_n100_m2_5,38,66,0
train_n100_m2_5,38,28,0
train_n100_m2_5,39,80,0
train_n100_m2_5,39,72,1
train_n100_m2_5,39,26,0
train_n100_m2_5,39,95,0
train_n100_m2_5,40,9,1
train_n100_m2_5,40,11,0
train_n100_m2_5,40,99,0
train_n100_m2_5,40,91,0
train_n100_m2_5,40,0,0
train_n100_m2_5,40,20,0
train_n100_m2_5,41,58,1
train_n100_m2_5,42,61,0
train_n100_m2_5,42,75,1
train_n100_m2_5,42,9,0
train_n100_m2_5,43,42,1
train_n100_m2_5,44,54,1
train_n100_m2_5,45,86,1
train_n100_m2_5,45,48,0
train_n100_m2_5,46,71,1
train_n100_m2_5,46,87,0
train_n100_m2_5,46,24,0
train_n100_m2_5,47,62,1
train_n100_m2_5,47,79,0
train_n100_m2_5,47,58,0
train_n100_m2_5,47,41,0
train_n100_m2_5,47,66,0
train_n100_m2_5,48,11,1
train_n100_m2_5,48,15,0
train_n100_m2_5,49,88,1
train_n100_m2_5,49,10,0
train_n100_m2_5,50,57,1
train_n100_m2_5,50,86,0
train_n100_m2_5,51,85,1
train_n100_m2_5,51,77,0
train_n100_m2_5,51,76,0
train_n100_m2_5,51,58,0
train_n100_m2_5,51,98,0
train_n100_m2_5,51,38,0
train_n100_m2_5,51,47,0
train_n100_m2_5,51,46,0
train_n100_m2_5,51,32,0
train_n100_m2_5,52,49,1
train_n100_m2_5,52,88,0
train_n100_m2_5,52,81,0
train_n100_m2_5,52,54,0
train_n100_m2_5,53,94,0
train_n100_m2_5,53,64,1
train_n100_m2_5,53,80,0
train_n100_m2_5,54,18,1
train_n100_m2_5,54,89,0
train_n100_m2_5,54,56,0
train_n100_m2_5,55,97,1
train_n100_m2_5,56,50,1
train_n100_m2_5,56,44,0
train_n100_m2_5,56,54,0
train_n100_m2_5,56,45,0
train_n100_m2_5,57,35,1
train_n100_m2_5,57,86,0
train_n100_m2_5,57,44,0
train_n100_m2_5,58,65,1
train_n100_m2_5,59,7,1
train_n100_m2_5,59,14,0
train_n100_m2_5,59,3,0
train_n100_m2_5,60,36,1
train_n100_m2_5,60,40,0
train_n100_m2_5,60,84,0
train_n100_m2_5,61,43,1
train_n100_m2_5,62,74,1
train_n100_m2_5,62,24,0
train_n100_m2_5,63,73,1
train_n100_m2_5,63,74,0
train_n100_m2_5,63,96,0
train_n100_m2_5,63,79,0
train_n100_m2_5,64,94,1
train_n100_m2_5,64,22,0
train_n100_m2_5,64,95,0
train_n100_m2_5,64,68,0
train_n100_m2_5,64,39,0
train_n100_m2_5,64,80,0
train_n100_m2_5,65,76,1
train_n100_m2_5,65,34,0
train_n100_m2_5,65,51,0
train_n100_m2_5,66,77,1
train_n100_m2_5,67,82,0
train_n100_m2_5,67,42,0
train_n100_m2_5,67,69,1
train_n100_m2_5,68,22,0
train_n100_m2_5,68,53,1
train_n100_m2_5,68,2,0
train_n100_m2_5,69,40,0
train_n100_m2_5,69,48,1
train_n100_m2_5,69,91,0
train_n100_m2_5,69,36,0
train_n100_m2_5,69,82,0
train_n100_m2_5,70,55,0
train_n100_m2_5,70,12,1
train_n100_m2_5,70,78,0
train_n100_m2_5,70,73,0
train_n100_m2_5,70,83,0
train_n100_m2_5,71,28,1
train_n100_m2_5,71,8,0
train_n100_m2_5,71,98,0
train_n100_m2_5,72,14,0
train_n100_m2_5,72,95,1
train_n100_m2_5,72,64,0
train_n100_m2_5,73,21,1
train_n100_m2_5,73,62,0
train_n100_m2_5,73,41,0
train_n100_m2_5,74,78,1
train_n100_m2_5,74,24,0
train_n100_m2_5,75,84,1
train_n100_m2_5,75,0,0
train_n100_m2_5,76,32,1
train_n100_m2_5,76,77,0
train_n100_m2_5,76,51,0
train_n100_m2_5,76,66,0
train_n100_m2_5,76,24,0
train_n100_m2_5,77,79,1
train_n100_m2_5,77,65,0
train_n100_m2_5,77,41,0
train_n100_m2_5,78,63,1
train_n100_m2_5,78,41,0
train_n100_m2_5,78,55,0
train_n100_m2_5,79,24,1
train_n100_m2_5,79,58,0
train_n100_m2_5,79,74,0
train_n100_m2_5,79,63,0
train_n100_m2_5,79,65,0
train_n100_m2_5,80,92,1
train_n100_m2_5,81,29,1
train_n100_m2_5,81,13,0
train_n100_m2_5,81,57,0
train_n100_m2_5,82,0,1
train_n100_m2_5,82,60,0
train_n100_m2_5,82,84,0
train_n100_m2_5,83,19,0
train_n100_m2_5,83,0,1
train_n100_m2_5,83,89,0
train_n100_m2_5,83,21,0
train_n100_m2_5,83,73,0
train_n100_m2_5,84,33,0
train_n100_m2_5,84,5,1
train_n100_m2_5,84,60,0
train_n100_m2_5,84,91,0
train_n100_m2_5,85,8,1
train_n100_m2_5,85,77,0
train_n100_m2_5,85,58,0
train_n100_m2_5,85,76,0
train_n100_m2_5,86,56,1
train_n100_m2_5,86,57,0
train_n100_m2_5,86,10,0
train_n100_m2_5,87,59,0
train_n100_m2_5,87,39,1
train_n100_m2_5,87,7,0
train_n100_m2_5,87,46,0
train_n100_m2_5,88,81,1
train_n100_m2_5,88,13,0
train_n100_m2_5,89,82,1
train_n100_m2_5,89,17,0
train_n100_m2_5,90,29,0
train_n100_m2_5,90,44,1
train_n100_m2_5,90,81,0
train_n100_m2_5,91,82,0
train_n100_m2_5,91,89,0
train_n100_m2_5,91,69,0
train_n100_m2_5,91,15,1
train_n100_m2_5,91,18,0
train_n100_m2_5,91,36,0
train_n100_m2_5,92,59,1
train_n100_m2_5,92,87,0
train_n100_m2_5,93,6,1
train_n100_m2_5,94,64,0
train_n100_m2_5,94,22,1
train_n100_m2_5,94,2,0
train_n100_m2_5,94,25,0
train_n100_m2_5,95,25,1
train_n100_m2_5,95,7,0
train_n100_m2_5,96,63,0
train_n100_m2_5,96,41,1
train_n100_m2_5,97,27,1
train_n100_m2_5,97,6,0
train_n100_m2_5,97,5,0
train_n100_m2_5,97,78,0
train_n100_m2_5,98,38,1
train_n100_m2_5,98,71,0
train_n100_m2_5,99,0,0
train_n100_m2_5,99,67,1
train_n100_m2_5,99,60,0
train_n100_m2_5,99,40,0
train_n100_m2_5,99,19,0
train_n100_m2_5,100,23,1
train_n100_m2_5,100,45,0
train_n100_m2_6,0,49,1
train_n100_m2_6,0,57,1
train_n100_m2_6,1,91,1
train_n100_m2_6,1,55,0
train_n100_m2_6,2,33,1
train_n100_m2_6,2,67,0
train_n100_m2_6,2,18,0
train_n100_m2_6,2,45,0
train_n100_m2_6,2,92,0
train_n100_m2_6,3,98,1
train_n100_m2_6,3,82,0
train_n100_m2_6,3,10,0
train_n100_m2_6,4,21,0
train_n100_m2_6,4,53,1
train_n100_m2_6,5,61,1
train_n100_m2_6,5,19,0
train_n100_m2_6,6,70,1
train_n100_m2_6,6,20,0
train_n100_m2_6,7,38,1
train_n100_m2_6,7,29,0
train_n100_m2_6,7,77,0
train_n100_m2_6,7,42,0
train_n100_m2_6,7,66,0
train_n100_m2_6,8,80,1
train_n100_m2_6,8,91,0
train_n100_m2_6,8,19,0
train_n100_m2_6,8,81,0
train_n100_m2_6,9,34,1
train_n100_m2_6,10,14,1
train_n100_m2_6,10,49,0
train_n100_m2_6,10,71,0
train_n100_m2_6,10,84,0
train_n100_m2_6,11,46,1
train_n100_m2_6,11,41,0
train_n100_m2_6,11,95,0
train_n100_m2_6,11,51,0
train_n100_m2_6,11,6,0
train_n100_m2_6,11,24,0
train_n100_m2_6,12,29,1
train_n100_m2_6,12,59,0
train_n100_m2_6,12,62,0
train_n100_m2_6,12,96,0
train_n100_m2_6,13,21,1
train_n100_m2_6,13,4,0
train_n100_m2_6,13,39,0
train_n100_m2_6,14,68,0
train_n100_m2_6,14,76,0
train_n100_m2_6,14,3,1
train_n100_m2_6,14,71,0
train_n100_m2_6,15,0,1
train_n100_m2_6,16,46,0
train_n100_m2_6,16,31,1
train_n100_m2_6,16,45,0
train_n100_m2_6,17,97,1
train_n100_m2_6,17,30,0
train_n100_m2_6,17,90,0
train_n100_m2_6,18,64,1
train_n100_m2_6,18,45,0
train_n100_m2_6,19,1,1
train_n100_m2_6,19,75,0
train_n100_m2_6,19,36,0
train_n100_m2_6,19,66,0
train_n100_m2_6,20,25,1
train_n100_m2_6,20,3,0
train_n100_m2_6,21,60,1
train_n100_m2_6,22,44,1
train_n100_m2_6,22,2,0
train_n100_m2_6,22,56,0
train_n100_m2_6,23,73,1
train_n100_m2_6,23,22,0
train_n100_m2_6,23,47,0
train_n100_m2_6,24,94,1
train_n100_m2_6,24,46,0
train_n100_m2_6,24,64,0
train_n100_m2_6,25,89,1
train_n100_m2_6,25,27,0
train_n100_m2_6,25,39,0
train_n100_m2_6,25,40,0
train_n100_m2_6,26,100,1
train_n100_m2_6,26,81,0
train_n100_m2_6,26,19,0
train_n100_m2_6,26,8,0
train_n100_m2_6,27,39,1
train_n100_m2_6,27,21,0
train_n100_m2_6,27,54,0
train_n100_m2_6,28,4,1
train_n100_m2_6,28,13,0
train_n100_m2_6,28,74,0
train_n100_m2_6,28,98,0
train_n100_m2_6,28,59,0
train_n100_m2_6,29,9,1
train_n100_m2_6,29,58,0
train_n100_m2_6,29,62,0
train_n100_m2_6,29,34,0
train_n100_m2_6,30,17,1
train_n100_m2_6,31,83,1
train_n100_m2_6,31,45,0
train_n100_m2_6,31,2,0
train_n100_m2_6,32,85,1
train_n100_m2_6,32,73,0
train_n100_m2_6,32,23,0
train_n100_m2_6,32,37,0
train_n100_m2_6,33,23,1
train_n100_m2_6,34,66,1
train_n100_m2_6,34,38,0
train_n100_m2_6,34,49,0
train_n100_m2_6,34,96,0
train_n100_m2_6,34,26,0
train_n100_m2_6,35,10,1
train_n100_m2_6,35,15,0
train_n100_m2_6,35,40,0
train_n100_m2_6,36,8,1
train_n100_m2_6,36,19,0
train_n100_m2_6,37,63,0
train_n100_m2_6,37,18,1
train_n100_m2_6,37,64,0
train_n100_m2_6,37,61,0
train_n100_m2_6,38,59,1
train_n100_m2_6,38,96,0
train_n100_m2_6,38,62,0
train_n100_m2_6,39,69,1
train_n100_m2_6,40,76,0
train_n100_m2_6,40,72,1
train_n100_m2_6,40,10,0
train_n100_m2_6,41,51,1
train_n100_m2_6,42,26,1
train_n100_m2_6,42,100,0
train_n100_m2_6,42,1,0
train_n100_m2_6,42,9,0
train_n100_m2_6,42,91,0
train_n100_m2_6,42,66,0
train_n100_m2_6,43,86,1
train_n100_m2_6,43,51,0
train_n100_m2_6,44,56,1
train_n100_m2_6,44,37,0
train_n100_m2_6,44,47,0
train_n100_m2_6,44,67,0
train_n100_m2_6,45,93,1
train_n100_m2_6,45,31,0
train_n100_m2_6,46,16,1
train_n100_m2_6,46,41,0
train_n100_m2_6,46,24,0
train_n100_m2_6,46,45,0
train_n100_m2_6,47,63,1
train_n100_m2_6,47,18,0
train_n100_m2_6,47,64,0
train_n100_m2_6,47,87,0
train_n100_m2_6,48,50,1
train_n100_m2_6,48,70,0
train_n100_m2_6,49,84,1
train_n100_m2_6,49,78,0
train_n100_m2_6,50,43,1
train_n100_m2_6,50,86,0
train_n100_m2_6,51,24,1
train_n100_m2_6,51,72,0
train_n100_m2_6,51,83,0
train_n100_m2_6,51,89,0
train_n100_m2_6,52,88,1
train_n100_m2_6,52,76,0
train_n100_m2_6,52,24,0
train_n100_m2_6,53,13,1
train_n100_m2_6,53,99,0
train_n100_m2_6,53,12,0
train_n100_m2_6,54,62,1
train_n100_m2_6,54,29,0
train_n100_m2_6,55,75,1
train_n100_m2_6,55,17,0
train_n100_m2_6,55,5,0
train_n100_m2_6,55,36,0
train_n100_m2_6,55,8,0
train_n100_m2_6,56,44,0
train_n100_m2_6,56,92,1
train_n100_m2_6,56,23,0
train_n100_m2_6,56,85,0
train_n100_m2_6,56,2,0
train_n100_m2_6,56,73,0
train_n100_m2_6,57,96,1
train_n100_m2_6,58,54,1
train_n100_m2_6,58,12,0
train_n100_m2_6,58,29,0
train_n100_m2_6,58,74,0
train_n100_m2_6,58,3,0
train_n100_m2_6,59,12,1
train_n100_m2_6,59,57,0
train_n100_m2_6,59,54,0
train_n100_m2_6,60,27,1
train_n100_m2_6,61,5,0
train_n100_m2_6,61,97,0
train_n100_m2_6,61,90,0
train_n100_m2_6,61,37,1
train_n100_m2_6,62,28,1
train_n100_m2_6,62,12,0
train_n100_m2_6,62,74,0
train_n100_m2_6,63,90,1
train_n100_m2_6,63,56,0
train_n100_m2_6,63,85,0
train_n100_m2_6,63,22,0
train_n100_m2_6,63,61,0
train_n100_m2_6,63,17,0
train_n100_m2_6,63,18,0
train_n100_m2_6,64,87,1
train_n100_m2_6,64,23,0
train_n100_m2_6,65,11,1
train_n100_m2_6,65,51,0
train_n100_m2_6,65,6,0
train_n100_m2_6,65,48,0
train_n100_m2_6,66,0,1
train_n100_m2_6,66,1,0
train_n100_m2_6,67,93,0
train_n100_m2_6,67,2,1
train_n100_m2_6,67,16,0
train_n100_m2_6,68,15,1
train_n100_m2_6,68,14,0
train_n100_m2_6,68,0,0
train_n100_m2_6,69,99,1
train_n100_m2_6,69,20,0
train_n100_m2_6,69,98,0
train_n100_m2_6,69,74,0
train_n100_m2_6,69,54,0
train_n100_m2_6,70,95,1
train_n100_m2_6,71,76,1
train_n100_m2_6,71,72,0
train_n100_m2_6,71,88,0
train_n100_m2_6,71,3,0
train_n100_m2_6,71,25,0
train_n100_m2_6,72,52,0
train_n100_m2_6,72,71,0
train_n100_m2_6,72,48,1
train_n100_m2_6,72,50,0
train_n100_m2_6,73,32,1
train_n100_m2_6,73,56,0
train_n100_m2_6,73,87,0
train_n100_m2_6,73,18,0
train_n100_m2_6,74,21,0
train_n100_m2_6,74,58,1
train_n100_m2_6,74,28,0
train_n100_m2_6,75,55,0
train_n100_m2_6,75,19,1
train_n100_m2_6,75,1,0
train_n100_m2_6,75,80,0
train_n100_m2_6,76,40,1
train_n100_m2_6,77,42,1
train_n100_m2_6,77,66,0
train_n100_m2_6,78,79,1
train_n100_m2_6,78,58,0
train_n100_m2_6,79,35,1
train_n100_m2_6,79,57,0
train_n100_m2_6,80,81,1
train_n100_m2_6,80,34,0
train_n100_m2_6,81,77,1
train_n100_m2_6,81,34,0
train_n100_m2_6,81,7,0
train_n100_m2_6,82,20,1
train_n100_m2_6,82,89,0
train_n100_m2_6,83,41,1
train_n100_m2_6,83,11,0
train_n100_m2_6,84,5,1
train_n100_m2_6,84,35,0
train_n100_m2_6,84,61,0
train_n100_m2_6,85,32,0
train_n100_m2_6,85,23,0
train_n100_m2_6,85,22,1
train_n100_m2_6,86,6,1
train_n100_m2_6,86,70,0
train_n100_m2_6,86,48,0
train_n100_m2_6,87,18,0
train_n100_m2_6,87,44,0
train_n100_m2_6,87,45,1
train_n100_m2_6,87,47,0
train_n100_m2_6,88,68,1
train_n100_m2_6,88,72,0
train_n100_m2_6,89,71,1
train_n100_m2_6,90,30,1
train_n100_m2_6,90,91,0
train_n100_m2_6,91,36,1
train_n100_m2_6,92,47,1
train_n100_m2_6,92,18,0
train_n100_m2_6,93,67,1
train_n100_m2_6,93,83,0
train_n100_m2_6,93,41,0
train_n100_m2_6,93,16,0
train_n100_m2_6,93,46,0
train_n100_m2_6,93,22,0
train_n100_m2_6,94,52,1
train_n100_m2_6,94,10,0
train_n100_m2_6,94,71,0
train_n100_m2_6,95,70,0
train_n100_m2_6,95,65,1
train_n100_m2_6,95,6,0
train_n100_m2_6,95,24,0
train_n100_m2_6,96,78,1
train_n100_m2_6,97,55,1
train_n100_m2_6,97,61,0
train_n100_m2_6,98,74,1
train_n100_m2_6,98,4,0
train_n100_m2_6,98,54,0
train_n100_m2_6,99,82,1
train_n100_m2_6,99,20,0
train_n100_m2_6,99,4,0
train_n100_m2_6,99,71,0
train_n100_m2_6,99,54,0
train_n100_m2_6,100,7,1
train_n100_m2_6,100,9,0
train_n100_m2_6,100,42,0
train_n100_m2_6,100,19,0
train_n100_m2_6,100,12,0
train_n100_m2_7,0,78,1
train_n100_m2_7,0,80,0
train_n100_m2_7,0,40,1
train_n100_m2_7,0,64,0
train_n100_m2_7,0,72,0
train_n100_m2_7,1,53,1
train_n100_m2_7,1,29,0
train_n100_m2_7,1,99,0
train_n100_m2_7,2,13,1
train_n100_m2_7,3,22,1
train_n100_m2_7,3,85,0
train_n100_m2_7,4,52,1
train_n100_m2_7,4,25,0
train_n100_m2_7,5,39,1
train_n100_m2_7,5,97,0
train_n100_m2_7,6,51,1
train_n100_m2_7,6,47,0
train_n100_m2_7,6,78,0
train_n100_m2_7,7,84,1
train_n100_m2_7,7,34,0
train_n100_m2_7,8,61,0
train_n100_m2_7,8,14,1
train_n100_m2_7,8,44,0
train_n100_m2_7,9,58,1
train_n100_m2_7,9,98,0
train_n100_m2_7,9,55,0
train_n100_m2_7,9,76,0
train_n100_m2_7,10,43,1
train_n100_m2_7,10,86,0
train_n100_m2_7,11,15,0
train_n100_m2_7,11,82,1
train_n100_m2_7,12,0,1
train_n100_m2_7,12,96,0
train_n100_m2_7,13,62,1
train_n100_m2_7,13,70,0
train_n100_m2_7,13,3,0
train_n100_m2_7,13,74,0
train_n100_m2_7,14,76,1
train_n100_m2_7,15,69,1
train_n100_m2_7,15,47,0
train_n100_m2_7,15,26,0
train_n100_m2_7,15,6,0
train_n100_m2_7,16,79,1
train_n100_m2_7,17,73,1
train_n100_m2_7,17,2,0
train_n100_m2_7,18,25,1
train_n100_m2_7,18,93,0
train_n100_m2_7,18,15,0
train_n100_m2_7,19,23,1
train_n100_m2_7,19,5,0
train_n100_m2_7,19,67,0
train_n100_m2_7,20,38,1
train_n100_m2_7,21,84,0
train_n100_m2_7,21,7,1
train_n100_m2_7,21,28,0
train_n100_m2_7,22,85,0
train_n100_m2_7,22,70,1
train_n100_m2_7,22,62,0
train_n100_m2_7,23,96,1
train_n100_m2_7,23,87,0
train_n100_m2_7,24,85,0
train_n100_m2_7,24,75,1
train_n100_m2_7,24,91,0
train_n100_m2_7,24,17,0
train_n100_m2_7,24,43,0
train_n100_m2_7,24,14,0
train_n100_m2_7,25,28,1
train_n100_m2_7,25,93,0
train_n100_m2_7,25,21,0
train_n100_m2_7,26,33,1
train_n100_m2_7,26,87,0
train_n100_m2_7,27,47,1
train_n100_m2_7,27,72,0
train_n100_m2_7,27,11,0
train_n100_m2_7,28,56,1
train_n100_m2_7,28,18,0
train_n100_m2_7,28,95,0
train_n100_m2_7,28,74,0
train_n100_m2_7,28,52,0
train_n100_m2_7,28,59,0
train_n100_m2_7,29,31,1
train_n100_m2_7,29,4,0
train_n100_m2_7,29,84,0
train_n100_m2_7,29,18,0
train_n100_m2_7,29,28,0
train_n100_m2_7,30,51,0
train_n100_m2_7,30,0,1
train_n100_m2_7,30,54,0
train_n100_m2_7,30,12,0
train_n100_m2_7,31,50,1
train_n100_m2_7,31,84,0
train_n100_m2_7,31,59,0
train_n100_m2_7,32,41,1
train_n100_m2_7,32,89,0
train_n100_m2_7,32,16,0
train_n100_m2_7,33,71,1
train_n100_m2_7,33,35,0
train_n100_m2_7,33,69,0
train_n100_m2_7,33,39,0
train_n100_m2_7,33,5,0
train_n100_m2_7,33,87,0
train_n100_m2_7,34,29,1
train_n100_m2_7,34,7,0
train_n100_m2_7,34,1,0
train_n100_m2_7,34,56,0
train_n100_m2_7,34,18,0
train_n100_m2_7,35,5,1
train_n100_m2_7,35,87,0
train_n100_m2_7,36,16,1
train_n100_m2_7,36,10,0
train_n100_m2_7,37,72,1
train_n100_m2_7,37,6,0
train_n100_m2_7,37,51,0
train_n100_m2_7,37,87,0
train_n100_m2_7,38,85,1
train_n100_m2_7,38,55,0
train_n100_m2_7,38,83,0
train_n100_m2_7,39,19,1
train_n100_m2_7,39,96,0
train_n100_m2_7,39,33,0
train_n100_m2_7,39,57,0
train_n100_m2_7,39,97,0
train_n100_m2_7,40,64,1
train_n100_m2_7,40,77,0
train_n100_m2_7,40,49,0
train_n100_m2_7,40,67,0
train_n100_m2_7,40,57,0
train_n100_m2_7,41,80,1
train_n100_m2_7,41,64,0
train_n100_m2_7,42,26,1
train_n100_m2_7,42,39,0
train_n100_m2_7,42,0,0
train_n100_m2_7,43,10,0
train_n100_m2_7,43,55,1
train_n100_m2_7,43,20,0
train_n100_m2_7,43,83,0
train_n100_m2_7,44,63,1
train_n100_m2_7,44,62,0
train_n100_m2_7,45,83,1
train_n100_m2_7,45,24,0
train_n100_m2_7,45,85,0
train_n100_m2_7,45,70,0
train_n100_m2_7,46,2,1
train_n100_m2_7,46,83,0
train_n100_m2_7,47,11,1
train_n100_m2_7,47,51,0
train_n100_m2_7,47,59,0
train_n100_m2_7,48,100,0
train_n100_m2_7,48,15,1
train_n100_m2_7,48,92,0
train_n100_m2_7,48,1,0
train_n100_m2_7,49,77,1
train_n100_m2_7,50,29,0
train_n100_m2_7,50,65,1
train_n100_m2_7,50,52,0
train_n100_m2_7,51,54,0
train_n100_m2_7,51,27,1
train_n100_m2_7,51,11,0
train_n100_m2_7,51,15,0
train_n100_m2_7,52,4,0
train_n100_m2_7,52,1,1
train_n100_m2_7,52,82,0
train_n100_m2_7,53,34,1
train_n100_m2_7,53,99,0
train_n100_m2_7,54,94,0
train_n100_m2_7,54,11,0
train_n100_m2_7,54,51,0
train_n100_m2_7,54,15,0
train_n100_m2_7,54,87,1
train_n100_m2_7,55,90,1
train_n100_m2_7,55,85,0
train_n100_m2_7,55,43,0
train_n100_m2_7,55,91,0
train_n100_m2_7,56,93,1
train_n100_m2_7,56,21,0
train_n100_m2_7,56,29,0
train_n100_m2_7,57,67,1
train_n100_m2_7,57,0,0
train_n100_m2_7,57,5,0
train_n100_m2_7,58,88,1
train_n100_m2_7,59,18,1
train_n100_m2_7,59,92,0
train_n100_m2_7,60,61,1
train_n100_m2_7,60,90,0
train_n100_m2_7,60,55,0
train_n100_m2_7,60,14,0
train_n100_m2_7,60,85,0
train_n100_m2_7,60,81,0
train_n100_m2_7,61,8,1
train_n100_m2_7,61,20,0
train_n100_m2_7,61,70,0
train_n100_m2_7,62,17,1
train_n100_m2_7,62,13,0
train_n100_m2_7,62,2,0
train_n100_m2_7,63,46,1
train_n100_m2_7,63,44,0
train_n100_m2_7,63,70,0
train_n100_m2_7,64,49,1
train_n100_m2_7,64,67,0
train_n100_m2_7,65,31,0
train_n100_m2_7,65,92,1
train_n100_m2_7,66,75,0
train_n100_m2_7,66,30,1
train_n100_m2_7,67,12,1
train_n100_m2_7,67,97,0
train_n100_m2_7,67,86,0
train_n100_m2_7,68,35,1
train_n100_m2_7,69,94,1
train_n100_m2_7,70,44,1
train_n100_m2_7,71,68,1
train_n100_m2_7,72,6,1
train_n100_m2_7,72,37,0
train_n100_m2_7,73,17,0
train_n100_m2_7,73,45,1
train_n100_m2_7,73,3,0
train_n100_m2_7,73,44,0
train_n100_m2_7,73,85,0
train_n100_m2_7,74,95,1
train_n100_m2_7,74,73,0
train_n100_m2_7,74,56,0
train_n100_m2_7,74,83,0
train_n100_m2_7,75,91,1
train_n100_m2_7,75,43,0
train_n100_m2_7,75,55,0
train_n100_m2_7,75,51,0
train_n100_m2_7,76,60,0
train_n100_m2_7,76,20,1
train_n100_m2_7,76,55,0
train_n100_m2_7,76,43,0
train_n100_m2_7,77,36,1
train_n100_m2_7,77,79,0
train_n100_m2_7,78,37,1
train_n100_m2_7,78,69,0
train_n100_m2_7,79,98,1
train_n100_m2_7,79,32,0
train_n100_m2_7,80,86,1
train_n100_m2_7,80,49,0
train_n100_m2_7,80,64,0
train_n100_m2_7,80,41,0
train_n100_m2_7,81,58,0
train_n100_m2_7,81,32,1
train_n100_m2_7,81,41,0
train_n100_m2_7,81,43,0
train_n100_m2_7,82,59,1
train_n100_m2_7,82,99,0
train_n100_m2_7,82,92,0
train_n100_m2_7,83,24,1
train_n100_m2_7,83,3,0
train_n100_m2_7,83,85,0
train_n100_m2_7,83,75,0
train_n100_m2_7,83,66,0
train_n100_m2_7,83,17,0
train_n100_m2_7,83,43,0
train_n100_m2_7,84,99,1
train_n100_m2_7,84,25,0
train_n100_m2_7,85,38,0
train_n100_m2_7,85,3,1
train_n100_m2_7,85,91,0
train_n100_m2_7,85,20,0
train_n100_m2_7,85,43,0
train_n100_m2_7,86,80,0
train_n100_m2_7,86,10,1
train_n100_m2_7,86,72,0
train_n100_m2_7,87,42,1
train_n100_m2_7,87,23,0
train_n100_m2_7,88,81,1
train_n100_m2_7,88,32,0
train_n100_m2_7,88,90,0
train_n100_m2_7,89,9,1
train_n100_m2_7,89,77,0
train_n100_m2_7,90,60,1
train_n100_m2_7,90,8,0
train_n100_m2_7,91,66,1
train_n100_m2_7,92,100,1
train_n100_m2_7,92,71,0
train_n100_m2_7,92,11,0
train_n100_m2_7,93,56,0
train_n100_m2_7,93,95,0
train_n100_m2_7,93,7,0
train_n100_m2_7,93,18,0
train_n100_m2_7,93,74,1
train_n100_m2_7,93,52,0
train_n100_m2_7,94,54,1
train_n100_m2_7,94,69,0
train_n100_m2_7,95,21,1
train_n100_m2_7,95,93,0
train_n100_m2_7,95,28,0
train_n100_m2_7,95,62,0
train_n100_m2_7,95,18,0
train_n100_m2_7,96,19,0
train_n100_m2_7,96,97,1
train_n100_m2_7,96,57,0
train_n100_m2_7,97,57,1
train_n100_m2_7,97,23,0
train_n100_m2_7,97,5,0
train_n100_m2_7,97,42,0
train_n100_m2_7,97,0,0
train_n100_m2_7,97,35,0
train_n100_m2_7,97,26,0
train_n100_m2_7,98,89,1
train_n100_m2_7,99,4,1
train_n100_m2_7,99,29,0
train_n100_m2_7,100,48,1
train_n100_m2_7,100,69,0
train_n100_m2_7,100,59,0
train_n100_m2_7,100,47,0
train_n100_m3_0,0,59,0
train_n100_m3_0,0,52,1
train_n100_m3_0,0,92,0
train_n100_m3_0,0,2,1
train_n100_m3_0,0,13,1
train_n100_m3_0,1,72,1
train_n100_m3_0,1,62,0
train_n100_m3_0,1,16,0
train_n100_m3_0,2,48,1
train_n100_m3_0,2,89,0
train_n100_m3_0,3,75,1
train_n100_m3_0,3,51,0
train_n100_m3_0,4,63,0
train_n100_m3_0,4,9,1
train_n100_m3_0,5,92,1
train_n100_m3_0,5,40,0
train_n100_m3_0,5,53,0
train_n100_m3_0,6,33,0
train_n100_m3_0,6,37,0
train_n100_m3_0,6,43,0
train_n100_m3_0,6,70,1
train_n100_m3_0,7,94,1
train_n100_m3_0,7,30,0
train_n100_m3_0,8,21,0
train_n100_m3_0,8,34,1
train_n100_m3_0,8,28,0
train_n100_m3_0,8,65,0
train_n100_m3_0,9,37,1
train_n100_m3_0,9,4,0
train_n100_m3_0,9,6,0
train_n100_m3_0,9,92,0
train_n100_m3_0,9,38,0
train_n100_m3_0,10,34,0
train_n100_m3_0,10,28,0
train_n100_m3_0,10,74,1
train_n100_m3_0,11,23,1
train_n100_m3_0,11,49,0
train_n100_m3_0,11,25,0
train_n100_m3_0,11,24,0
train_n100_m3_0,11,72,0
train_n100_m3_0,12,38,1
train_n100_m3_0,12,59,0
train_n100_m3_0,12,17,0
train_n100_m3_0,13,18,1
train_n100_m3_0,13,35,0
train_n100_m3_0,13,58,0
train_n100_m3_0,14,62,1
train_n100_m3_0,15,80,1
train_n100_m3_0,15,65,0
train_n100_m3_0,15,98,0
train_n100_m3_0,15,34,0
train_n100_m3_0,16,95,1
train_n100_m3_0,16,87,0
train_n100_m3_0,16,72,0
train_n100_m3_0,16,45,0
train_n100_m3_0,16,49,0
train_n100_m3_0,16,73,0
train_n100_m3_0,17,47,1
train_n100_m3_0,17,61,0
train_n100_m3_0,18,13,0
train_n100_m3_0,18,35,1
train_n100_m3_0,18,81,0
train_n100_m3_0,19,88,1
train_n100_m3_0,19,28,0
train_n100_m3_0,19,75,0
train_n100_m3_0,20,58,1
train_n100_m3_0,20,62,0
train_n100_m3_0,20,52,0
train_n100_m3_0,20,83,0
train_n100_m3_0,20,95,0
train_n100_m3_0,21,8,1
train_n100_m3_0,21,64,0
train_n100_m3_0,22,83,1
train_n100_m3_0,22,89,0
train_n100_m3_0,23,11,0
train_n100_m3_0,23,77,1
train_n100_m3_0,24,87,1
train_n100_m3_0,24,32,0
train_n100_m3_0,24,49,0
train_n100_m3_0,25,24,1
train_n100_m3_0,25,42,0
train_n100_m3_0,26,14,1
train_n100_m3_0,26,50,0
train_n100_m3_0,26,99,0
train_n100_m3_0,27,74,0
train_n100_m3_0,27,17,1
train_n100_m3_0,27,39,0
train_n100_m3_0,27,10,0
train_n100_m3_0,28,64,1
train_n100_m3_0,28,88,0
train_n100_m3_0,28,51,0
train_n100_m3_0,28,100,0
train_n100_m3_0,29,4,0
train_n100_m3_0,29,85,0
train_n100_m3_0,29,6,1
train_n100_m3_0,30,49,1
train_n100_m3_0,30,23,0
train_n100_m3_0,30,1,0
train_n100_m3_0,31,78,1
train_n100_m3_0,32,42,1
train_n100_m3_0,32,23,0
train_n100_m3_0,32,30,0
train_n100_m3_0,33,12,1
train_n100_m3_0,33,27,0
train_n100_m3_0,33,47,0
train_n100_m3_0,34,39,1
train_n100_m3_0,34,88,0
train_n100_m3_0,34,69,0
train_n100_m3_0,35,22,1
train_n100_m3_0,35,31,0
train_n100_m3_0,35,44,0
train_n100_m3_0,36,45,1
train_n100_m3_0,36,87,0
train_n100_m3_0,36,95,0
train_n100_m3_0,36,54,0
train_n100_m3_0,36,48,0
train_n100_m3_0,37,40,1
train_n100_m3_0,37,79,0
train_n100_m3_0,37,63,0
train_n100_m3_0,37,38,0
train_n100_m3_0,38,57,1
train_n100_m3_0,38,59,0
train_n100_m3_0,38,79,0
train_n100_m3_0,39,10,1
train_n100_m3_0,39,64,0
train_n100_m3_0,39,8,0
train_n100_m3_0,40,46,1
train_n100_m3_0,40,4,0
train_n100_m3_0,41,76,1
train_n100_m3_0,41,54,0
train_n100_m3_0,41,31,0
train_n100_m3_0,41,45,0
train_n100_m3_0,41,89,0
train_n100_m3_0,42,11,1
train_n100_m3_0,42,77,0
train_n100_m3_0,42,30,0
train_n100_m3_0,43,33,1
train_n100_m3_0,43,74,0
train_n100_m3_0,43,47,0
train_n100_m3_0,44,82,1
train_n100_m3_0,44,81,0
train_n100_m3_0,44,71,0
train_n100_m3_0,44,68,0
train_n100_m3_0,45,56,1
train_n100_m3_0,45,16,0
train_n100_m3_0,45,30,0
train_n100_m3_0,46,90,1
train_n100_m3_0,46,9,0
train_n100_m3_0,46,84,0
train_n100_m3_0,46,5,0
train_n100_m3_0,47,59,1
train_n100_m3_0,48,20,0
train_n100_m3_0,48,73,1
train_n100_m3_0,48,76,0
train_n100_m3_0,48,62,0
train_n100_m3_0,49,99,1
train_n100_m3_0,49,23,0
train_n100_m3_0,49,25,0
train_n100_m3_0,49,91,0
train_n100_m3_0,50,60,1
train_n100_m3_0,51,28,1
train_n100_m3_0,51,60,0
train_n100_m3_0,52,93,1
train_n100_m3_0,52,55,0
train_n100_m3_0,53,82,0
train_n100_m3_0,53,68,1
train_n100_m3_0,53,67,0
train_n100_m3_0,53,55,0
train_n100_m3_0,53,71,0
train_n100_m3_0,54,89,1
train_n100_m3_0,54,71,0
train_n100_m3_0,55,0,1
train_n100_m3_0,55,68,0
train_n100_m3_0,55,53,0
train_n100_m3_0,56,24,0
train_n100_m3_0,56,32,1
train_n100_m3_0,56,77,0
train_n100_m3_0,56,41,0
train_n100_m3_0,57,92,0
train_n100_m3_0,57,59,0
train_n100_m3_0,57,55,1
train_n100_m3_0,57,33,0
train_n100_m3_0,58,0,1
train_n100_m3_0,58,62,0
train_n100_m3_0,59,0,1
train_n100_m3_0,59,93,0
train_n100_m3_0,60,66,1
train_n100_m3_0,60,26,0
train_n100_m3_0,60,14,0
train_n100_m3_0,60,3,0
train_n100_m3_0,61,43,1
train_n100_m3_0,61,17,0
train_n100_m3_0,62,97,1
train_n100_m3_0,62,26,0
train_n100_m3_0,62,1,0
train_n100_m3_0,62,52,0
train_n100_m3_0,62,60,0
train_n100_m3_0,63,85,1
train_n100_m3_0,63,79,0
train_n100_m3_0,63,57,0
train_n100_m3_0,64,19,1
train_n100_m3_0,64,65,0
train_n100_m3_0,64,51,0
train_n100_m3_0,65,69,0
train_n100_m3_0,65,15,1
train_n100_m3_0,65,21,0
train_n100_m3_0,66,49,0
train_n100_m3_0,66,7,1
train_n100_m3_0,66,95,0
train_n100_m3_0,67,44,1
train_n100_m3_0,67,82,0
train_n100_m3_0,67,53,0
train_n100_m3_0,68,5,1
train_n100_m3_0,68,53,0
train_n100_m3_0,68,92,0
train_n100_m3_0,68,59,0
train_n100_m3_0,68,82,0
train_n100_m3_0,68,18,0
train_n100_m3_0,69,98,1
train_n100_m3_0,69,10,0
train_n100_m3_0,70,61,1
train_n100_m3_0,70,43,0
train_n100_m3_0,70,27,0
train_n100_m3_0,70,17,0
train_n100_m3_0,70,57,0
train_n100_m3_0,71,81,1
train_n100_m3_0,71,31,0
train_n100_m3_0,72,30,1
train_n100_m3_0,72,60,0
train_n100_m3_0,73,41,1
train_n100_m3_0,73,83,0
train_n100_m3_0,73,48,0
train_n100_m3_0,73,2,0
train_n100_m3_0,73,87,0
train_n100_m3_0,74,27,1
train_n100_m3_0,74,43,0
train_n100_m3_0,75,100,1
train_n100_m3_0,75,51,0
train_n100_m3_0,75,28,0
train_n100_m3_0,75,80,0
train_n100_m3_0,76,41,0
train_n100_m3_0,76,36,1
train_n100_m3_0,76,89,0
train_n100_m3_0,76,83,0
train_n100_m3_0,77,25,1
train_n100_m3_0,77,72,0
train_n100_m3_0,78,73,0
train_n100_m3_0,78,54,1
train_n100_m3_0,78,76,0
train_n100_m3_0,78,36,0
train_n100_m3_0,79,84,1
train_n100_m3_0,79,4,0
train_n100_m3_0,79,46,0
train_n100_m3_0,79,63,0
train_n100_m3_0,80,69,1
train_n100_m3_0,81,67,1
train_n100_m3_0,82,53,1
train_n100_m3_0,82,13,0
train_n100_m3_0,82,22,0
train_n100_m3_0,82,5,0
train_n100_m3_0,83,31,1
train_n100_m3_0,83,22,0
train_n100_m3_0,83,41,0
train_n100_m3_0,84,4,1
train_n100_m3_0,84,37,0
train_n100_m3_0,84,90,0
train_n100_m3_0,84,46,0
train_n100_m3_0,85,29,1
train_n100_m3_0,85,46,0
train_n100_m3_0,85,38,0
train_n100_m3_0,86,3,1
train_n100_m3_0,86,75,0
train_n100_m3_0,86,94,0
train_n100_m3_0,86,60,0
train_n100_m3_0,87,16,1
train_n100_m3_0,88,19,0
train_n100_m3_0,88,65,1
train_n100_m3_0,88,34,0
train_n100_m3_0,89,54,0
train_n100_m3_0,89,78,0
train_n100_m3_0,89,73,0
train_n100_m3_0,89,71,1
train_n100_m3_0,90,63,1
train_n100_m3_0,91,26,1
train_n100_m3_0,91,72,0
train_n100_m3_0,91,95,0
train_n100_m3_0,92,79,1
train_n100_m3_0,93,14,0
train_n100_m3_0,93,52,0
train_n100_m3_0,93,1,0
train_n100_m3_0,93,58,0
train_n100_m3_0,94,66,0
train_n100_m3_0,94,86,1
train_n100_m3_0,95,1,1
train_n100_m3_0,96,50,1
train_n100_m3_0,96,17,0
train_n100_m3_0,96,74,0
train_n100_m3_0,96,47,0
train_n100_m3_0,97,20,1
train_n100_m3_0,97,99,0
train_n100_m3_0,98,21,1
train_n100_m3_0,98,65,0
train_n100_m3_0,99,91,1
train_n100_m3_0,99,30,0
train_n100_m3_0,99,14,0
train_n100_m3_0,99,97,0
train_n100_m3_0,100,3,0
train_n100_m3_0,100,51,1
train_n100_m3_1,0,8,1
train_n100_m3_1,0,48,1
train_n100_m3_1,1,74,1
train_n100_m3_1,2,60,0
train_n100_m3_1,2,0,1
train_n100_m3_1,2,41,0
train_n100_m3_1,3,91,1
train_n100_m3_1,3,5,0
train_n100_m3_1,3,77,0
train_n100_m3_1,3,74,0
train_n100_m3_1,4,97,1
train_n100_m3_1,4,77,0
train_n100_m3_1,4,19,0
train_n100_m3_1,5,3,1
train_n100_m3_1,5,77,0
train_n100_m3_1,5,4,0
train_n100_m3_1,6,85,1
train_n100_m3_1,6,54,0
train_n100_m3_1,7,43,1
train_n100_m3_1,7,48,0
train_n100_m3_1,7,56,0
train_n100_m3_1,8,83,0
train_n100_m3_1,8,52,1
train_n100_m3_1,8,2,0
train_n100_m3_1,9,35,1
train_n100_m3_1,9,7,0
train_n100_m3_1,9,12,0
train_n100_m3_1,10,71,1
train_n100_m3_1,10,66,0
train_n100_m3_1,10,100,0
train_n100_m3_1,11,24,1
train_n100_m3_1,11,14,0
train_n100_m3_1,11,73,0
train_n100_m3_1,12,57,0
train_n100_m3_1,12,86,0
train_n100_m3_1,12,2,0
train_n100_m3_1,12,36,1
train_n100_m3_1,13,80,1
train_n100_m3_1,13,83,0
train_n100_m3_1,14,10,1
train_n100_m3_1,14,75,0
train_n100_m3_1,14,52,0
train_n100_m3_1,15,59,1
train_n100_m3_1,15,74,0
train_n100_m3_1,15,77,0
train_n100_m3_1,15,3,0
train_n100_m3_1,16,88,1
train_n100_m3_1,16,99,0
train_n100_m3_1,16,50,0
train_n100_m3_1,17,6,1
train_n100_m3_1,17,76,0
train_n100_m3_1,17,81,0
train_n100_m3_1,17,10,0
train_n100_m3_1,18,21,1
train_n100_m3_1,19,95,1
train_n100_m3_1,19,57,0
train_n100_m3_1,19,12,0
train_n100_m3_1,19,48,0
train_n100_m3_1,19,86,0
train_n100_m3_1,19,34,0
train_n100_m3_1,20,31,1
train_n100_m3_1,20,80,0
train_n100_m3_1,20,63,0
train_n100_m3_1,20,29,0
train_n100_m3_1,21,61,1
train_n100_m3_1,21,94,0
train_n100_m3_1,22,86,1
train_n100_m3_1,22,28,0
train_n100_m3_1,23,39,1
train_n100_m3_1,23,98,0
train_n100_m3_1,23,26,0
train_n100_m3_1,24,38,1
train_n100_m3_1,24,37,0
train_n100_m3_1,25,69,1
train_n100_m3_1,25,66,0
train_n100_m3_1,26,53,1
train_n100_m3_1,26,60,0
train_n100_m3_1,26,30,0
train_n100_m3_1,26,50,0
train_n100_m3_1,26,2,0
train_n100_m3_1,27,16,1
train_n100_m3_1,27,30,0
train_n100_m3_1,28,22,1
train_n100_m3_1,28,86,0
train_n100_m3_1,28,36,0
train_n100_m3_1,28,57,0
train_n100_m3_1,29,42,0
train_n100_m3_1,29,83,1
train_n100_m3_1,29,8,0
train_n100_m3_1,30,23,1
train_n100_m3_1,30,88,0
train_n100_m3_1,30,39,0
train_n100_m3_1,31,94,1
train_n100_m3_1,31,72,0
train_n100_m3_1,31,33,0
train_n100_m3_1,32,0,1
train_n100_m3_1,32,93,0
train_n100_m3_1,32,60,0
train_n100_m3_1,32,14,0
train_n100_m3_1,33,62,1
train_n100_m3_1,33,72,0
train_n100_m3_1,34,47,1
train_n100_m3_1,34,32,0
train_n100_m3_1,35,9,0
train_n100_m3_1,35,50,1
train_n100_m3_1,35,15,0
train_n100_m3_1,35,87,0
train_n100_m3_1,35,7,0
train_n100_m3_1,35,44,0
train_n100_m3_1,36,4,1
train_n100_m3_1,36,92,0
train_n100_m3_1,36,56,0
train_n100_m3_1,37,29,1
train_n100_m3_1,37,46,0
train_n100_m3_1,38,46,1
train_n100_m3_1,38,75,0
train_n100_m3_1,39,98,1
train_n100_m3_1,39,78,0
train_n100_m3_1,39,50,0
train_n100_m3_1,40,99,1
train_n100_m3_1,40,61,0
train_n100_m3_1,40,64,0
train_n100_m3_1,40,26,0
train_n100_m3_1,41,93,1
train_n100_m3_1,42,29,0
train_n100_m3_1,42,75,1
train_n100_m3_1,43,60,1
train_n100_m3_1,43,87,0
train_n100_m3_1,44,65,0
train_n100_m3_1,44,77,0
train_n100_m3_1,44,89,1
train_n100_m3_1,44,1,0
train_n100_m3_1,44,82,0
train_n100_m3_1,44,74,0
train_n100_m3_1,45,92,1
train_n100_m3_1,45,36,0
train_n100_m3_1,46,96,1
train_n100_m3_1,47,32,1
train_n100_m3_1,47,68,0
train_n100_m3_1,47,60,0
train_n100_m3_1,48,12,1
train_n100_m3_1,48,47,0
train_n100_m3_1,49,78,1
train_n100_m3_1,49,39,0
train_n100_m3_1,49,26,0
train_n100_m3_1,50,87,1
train_n100_m3_1,50,35,0
train_n100_m3_1,50,74,0
train_n100_m3_1,50,27,0
train_n100_m3_1,51,41,1
train_n100_m3_1,52,42,1
train_n100_m3_1,52,41,0
train_n100_m3_1,52,93,0
train_n100_m3_1,53,7,1
train_n100_m3_1,54,17,1
train_n100_m3_1,54,69,0
train_n100_m3_1,55,28,1
train_n100_m3_1,55,44,0
train_n100_m3_1,55,89,0
train_n100_m3_1,55,67,0
train_n100_m3_1,55,74,0
train_n100_m3_1,56,95,0
train_n100_m3_1,56,57,1
train_n100_m3_1,56,7,0
train_n100_m3_1,57,84,1
train_n100_m3_1,58,18,1
train_n100_m3_1,59,1,1
train_n100_m3_1,59,35,0
train_n100_m3_1,59,3,0
train_n100_m3_1,59,5,0
train_n100_m3_1,60,2,1
train_n100_m3_1,60,53,0
train_n100_m3_1,60,68,0
train_n100_m3_1,60,32,0
train_n100_m3_1,61,40,1
train_n100_m3_1,61,90,0
train_n100_m3_1,61,49,0
train_n100_m3_1,62,72,0
train_n100_m3_1,62,94,0
train_n100_m3_1,62,13,1
train_n100_m3_1,62,80,0
train_n100_m3_1,63,20,1
train_n100_m3_1,63,96,0
train_n100_m3_1,63,29,0
train_n100_m3_1,64,99,0
train_n100_m3_1,64,90,1
train_n100_m3_1,65,44,0
train_n100_m3_1,65,5,1
train_n100_m3_1,65,91,0
train_n100_m3_1,65,82,0
train_n100_m3_1,65,74,0
train_n100_m3_1,66,54,0
train_n100_m3_1,66,76,1
train_n100_m3_1,66,81,0
train_n100_m3_1,66,17,0
train_n100_m3_1,66,25,0
train_n100_m3_1,67,45,1
train_n100_m3_1,67,84,0
train_n100_m3_1,67,81,0
train_n100_m3_1,68,0,1
train_n100_m3_1,68,51,0
train_n100_m3_1,68,8,0
train_n100_m3_1,69,67,1
train_n100_m3_1,69,45,0
train_n100_m3_1,70,79,1
train_n100_m3_1,70,54,0
train_n100_m3_1,71,66,1
train_n100_m3_1,71,100,0
train_n100_m3_1,71,47,0
train_n100_m3_1,72,58,1
train_n100_m3_1,72,90,0
train_n100_m3_1,73,37,1
train_n100_m3_1,73,52,0
train_n100_m3_1,73,75,0
train_n100_m3_1,73,11,0
train_n100_m3_1,74,9,1
train_n100_m3_1,74,89,0
train_n100_m3_1,74,77,0
train_n100_m3_1,74,44,0
train_n100_m3_1,75,11,1
train_n100_m3_1,75,29,0
train_n100_m3_1,75,47,0
train_n100_m3_1,76,100,1
train_n100_m3_1,76,66,0
train_n100_m3_1,76,10,0
train_n100_m3_1,76,17,0
train_n100_m3_1,76,75,0
train_n100_m3_1,77,65,1
train_n100_m3_1,77,97,0
train_n100_m3_1,77,36,0
train_n100_m3_1,77,3,0
train_n100_m3_1,78,49,0
train_n100_m3_1,78,27,1
train_n100_m3_1,78,88,0
train_n100_m3_1,78,64,0
train_n100_m3_1,79,25,1
train_n100_m3_1,79,54,0
train_n100_m3_1,79,22,0
train_n100_m3_1,79,100,0
train_n100_m3_1,79,45,0
train_n100_m3_1,80,63,1
train_n100_m3_1,80,37,0
train_n100_m3_1,80,29,0
train_n100_m3_1,80,38,0
train_n100_m3_1,81,34,1
train_n100_m3_1,81,66,0
train_n100_m3_1,81,10,0
train_n100_m3_1,82,55,1
train_n100_m3_1,82,4,0
train_n100_m3_1,83,33,1
train_n100_m3_1,83,52,0
train_n100_m3_1,83,90,0
train_n100_m3_1,84,81,1
train_n100_m3_1,84,34,0
train_n100_m3_1,84,47,0
train_n100_m3_1,85,70,1
train_n100_m3_1,85,84,0
train_n100_m3_1,85,66,0
train_n100_m3_1,86,22,0
train_n100_m3_1,86,19,1
train_n100_m3_1,86,84,0
train_n100_m3_1,86,34,0
train_n100_m3_1,87,30,1
train_n100_m3_1,87,49,0
train_n100_m3_1,88,16,0
train_n100_m3_1,88,26,1
train_n100_m3_1,88,64,0
train_n100_m3_1,88,87,0
train_n100_m3_1,88,78,0
train_n100_m3_1,88,43,0
train_n100_m3_1,88,30,0
train_n100_m3_1,89,15,1
train_n100_m3_1,89,5,0
train_n100_m3_1,89,3,0
train_n100_m3_1,90,51,1
train_n100_m3_1,90,64,0
train_n100_m3_1,90,16,0
train_n100_m3_1,91,3,0
train_n100_m3_1,91,44,1
train_n100_m3_1,91,15,0
train_n100_m3_1,91,55,0
train_n100_m3_1,91,4,0
train_n100_m3_1,92,82,1
train_n100_m3_1,92,65,0
train_n100_m3_1,93,68,1
train_n100_m3_1,93,2,0
train_n100_m3_1,93,8,0
train_n100_m3_1,93,60,0
train_n100_m3_1,93,26,0
train_n100_m3_1,94,72,1
train_n100_m3_1,95,56,1
train_n100_m3_1,95,34,0
train_n100_m3_1,96,73,1
train_n100_m3_1,96,38,0
train_n100_m3_1,96,13,0
train_n100_m3_1,96,11,0
train_n100_m3_1,96,83,0
train_n100_m3_1,96,62,0
train_n100_m3_1,97,4,0
train_n100_m3_1,97,74,0
train_n100_m3_1,97,77,1
train_n100_m3_1,97,1,0
train_n100_m3_1,97,7,0
train_n100_m3_1,97,12,0
train_n100_m3_1,98,49,1
train_n100_m3_1,99,64,1
train_n100_m3_1,100,54,1
train_n100_m3_1,100,81,0
train_n100_m3_2,0,16,1
train_n100_m3_2,0,7,1
train_n100_m3_2,0,19,0
train_n100_m3_2,0,85,1
train_n100_m3_2,1,46,1
train_n100_m3_2,1,11,0
train_n100_m3_2,2,13,0
train_n100_m3_2,2,50,1
train_n100_m3_2,2,45,0
train_n100_m3_2,3,44,0
train_n100_m3_2,3,11,1
train_n100_m3_2,3,17,0
train_n100_m3_2,4,55,1
train_n100_m3_2,4,54,0
train_n100_m3_2,4,61,0
train_n100_m3_2,5,31,1
train_n100_m3_2,6,69,1
train_n100_m3_2,7,89,0
train_n100_m3_2,7,82,1
train_n100_m3_2,7,6,0
train_n100_m3_2,7,57,0
train_n100_m3_2,8,35,0
train_n100_m3_2,8,40,0
train_n100_m3_2,8,71,1
train_n100_m3_2,9,25,1
train_n100_m3_2,9,32,0
train_n100_m3_2,10,100,1
train_n100_m3_2,10,53,0
train_n100_m3_2,11,27,1
train_n100_m3_2,11,96,0
train_n100_m3_2,12,62,1
train_n100_m3_2,12,46,0
train_n100_m3_2,13,50,0
train_n100_m3_2,13,80,0
train_n100_m3_2,13,17,1
train_n100_m3_2,14,97,1
train_n100_m3_2,14,72,0
train_n100_m3_2,14,59,0
train_n100_m3_2,15,3,1
train_n100_m3_2,15,46,0
train_n100_m3_2,15,76,0
train_n100_m3_2,15,27,0
train_n100_m3_2,15,53,0
train_n100_m3_2,16,19,1
train_n100_m3_2,16,57,0
train_n100_m3_2,17,76,1
train_n100_m3_2,17,3,0
train_n100_m3_2,17,48,0
train_n100_m3_2,18,20,1
train_n100_m3_2,18,95,0
train_n100_m3_2,18,30,0
train_n100_m3_2,18,43,0
train_n100_m3_2,19,90,0
train_n100_m3_2,19,4,0
train_n100_m3_2,19,85,0
train_n100_m3_2,19,78,1
train_n100_m3_2,19,89,0
train_n100_m3_2,19,56,0
train_n100_m3_2,20,18,0
train_n100_m3_2,20,87,1
train_n100_m3_2,21,61,0
train_n100_m3_2,21,22,0
train_n100_m3_2,21,88,0
train_n100_m3_2,21,89,1
train_n100_m3_2,21,53,0
train_n100_m3_2,21,68,0
train_n100_m3_2,21,10,0
train_n100_m3_2,22,79,0
train_n100_m3_2,22,26,1
train_n100_m3_2,22,100,0
train_n100_m3_2,23,88,0
train_n100_m3_2,23,54,1
train_n100_m3_2,23,73,0
train_n100_m3_2,23,29,0
train_n100_m3_2,24,41,1
train_n100_m3_2,25,8,1
train_n100_m3_2,25,40,0
train_n100_m3_2,25,50,0
train_n100_m3_2,25,35,0
train_n100_m3_2,26,79,1
train_n100_m3_2,26,21,0
train_n100_m3_2,26,67,0
train_n100_m3_2,26,54,0
train_n100_m3_2,26,99,0
train_n100_m3_2,27,98,1
train_n100_m3_2,27,44,0
train_n100_m3_2,28,86,1
train_n100_m3_2,28,58,0
train_n100_m3_2,28,42,0
train_n100_m3_2,29,84,1
train_n100_m3_2,30,18,1
train_n100_m3_2,30,74,0
train_n100_m3_2,31,26,0
train_n100_m3_2,31,29,1
train_n100_m3_2,31,88,0
train_n100_m3_2,32,9,1
train_n100_m3_2,32,8,0
train_n100_m3_2,33,59,1
train_n100_m3_2,33,7,0
train_n100_m3_2,33,38,0
train_n100_m3_2,33,14,0
train_n100_m3_2,34,94,1
train_n100_m3_2,34,70,0
train_n100_m3_2,34,35,0
train_n100_m3_2,35,51,1
train_n100_m3_2,35,58,0
train_n100_m3_2,36,12,1
train_n100_m3_2,36,11,0
train_n100_m3_2,37,2,1
train_n100_m3_2,37,46,0
train_n100_m3_2,37,27,0
train_n100_m3_2,38,14,1
train_n100_m3_2,38,83,0
train_n100_m3_2,39,75,0
train_n100_m3_2,39,60,1
train_n100_m3_2,39,99,0
train_n100_m3_2,40,32,1
train_n100_m3_2,40,51,0
train_n100_m3_2,41,24,0
train_n100_m3_2,41,97,0
train_n100_m3_2,41,72,1
train_n100_m3_2,41,59,0
train_n100_m3_2,42,58,1
train_n100_m3_2,42,28,0
train_n100_m3_2,42,77,0
train_n100_m3_2,42,6,0
train_n100_m3_2,43,38,1
train_n100_m3_2,43,18,0
train_n100_m3_2,43,97,0
train_n100_m3_2,44,1,1
train_n100_m3_2,44,48,0
train_n100_m3_2,44,3,0
train_n100_m3_2,44,76,0
train_n100_m3_2,44,27,0
train_n100_m3_2,45,65,1
train_n100_m3_2,45,68,0
train_n100_m3_2,45,58,0
train_n100_m3_2,45,21,0
train_n100_m3_2,46,15,1
train_n100_m3_2,47,43,1
train_n100_m3_2,47,81,0
train_n100_m3_2,47,42,0
train_n100_m3_2,47,20,0
train_n100_m3_2,47,57,0
train_n100_m3_2,48,44,1
train_n100_m3_2,48,46,0
train_n100_m3_2,48,17,0
train_n100_m3_2,48,11,0
train_n100_m3_2,49,36,0
train_n100_m3_2,49,62,0
train_n100_m3_2,49,96,1
train_n100_m3_2,50,80,1
train_n100_m3_2,50,13,0
train_n100_m3_2,50,8,0
train_n100_m3_2,50,70,0
train_n100_m3_2,51,91,1
train_n100_m3_2,51,32,0
train_n100_m3_2,52,39,1
train_n100_m3_2,52,55,0
train_n100_m3_2,52,88,0
train_n100_m3_2,53,48,1
train_n100_m3_2,53,1,0
train_n100_m3_2,53,3,0
train_n100_m3_2,53,65,0
train_n100_m3_2,53,79,0
train_n100_m3_2,54,60,0
train_n100_m3_2,54,75,1
train_n100_m3_2,54,61,0
train_n100_m3_2,55,90,1
train_n100_m3_2,55,19,0
train_n100_m3_2,55,73,0
train_n100_m3_2,56,57,1
train_n100_m3_2,57,33,1
train_n100_m3_2,57,38,0
train_n100_m3_2,57,7,0
train_n100_m3_2,58,87,0
train_n100_m3_2,59,81,1
train_n100_m3_2,59,57,0
train_n100_m3_2,59,6,0
train_n100_m3_2,59,58,0
train_n100_m3_2,60,99,1
train_n100_m3_2,60,39,0
train_n100_m3_2,60,23,0
train_n100_m3_2,60,88,0
train_n100_m3_2,60,73,0
train_n100_m3_2,61,21,1
train_n100_m3_2,61,89,0
train_n100_m3_2,62,49,1
train_n100_m3_2,62,64,0
train_n100_m3_2,62,27,0
train_n100_m3_2,62,63,0
train_n100_m3_2,62,1,0
train_n100_m3_2,62,17,0
train_n100_m3_2,63,64,1
train_n100_m3_2,63,12,0
train_n100_m3_2,63,67,0
train_n100_m3_2,64,36,1
train_n100_m3_2,64,84,0
train_n100_m3_2,64,27,0
train_n100_m3_2,64,46,0
train_n100_m3_2,65,70,1
train_n100_m3_2,65,68,0
train_n100_m3_2,65,58,0
train_n100_m3_2,65,53,0
train_n100_m3_2,65,28,0
train_n100_m3_2,65,13,0
train_n100_m3_2,66,30,1
train_n100_m3_2,66,97,0
train_n100_m3_2,66,24,0
train_n100_m3_2,66,20,0
train_n100_m3_2,67,22,1
train_n100_m3_2,67,31,0
train_n100_m3_2,67,79,0
train_n100_m3_2,67,23,0
train_n100_m3_2,67,53,0
train_n100_m3_2,68,53,0
train_n100_m3_2,68,45,1
train_n100_m3_2,68,10,0
train_n100_m3_2,68,82,0
train_n100_m3_2,68,1,0
train_n100_m3_2,69,7,0
train_n100_m3_2,69,0,1
train_n100_m3_2,69,89,0
train_n100_m3_2,69,10,0
train_n100_m3_2,69,4,0
train_n100_m3_2,70,77,1
train_n100_m3_2,70,10,0
train_n100_m3_2,71,28,1
train_n100_m3_2,71,70,0
train_n100_m3_2,71,8,0
train_n100_m3_2,72,83,1
train_n100_m3_2,72,85,0
train_n100_m3_2,73,4,1
train_n100_m3_2,73,16,0
train_n100_m3_2,73,0,0
train_n100_m3_2,73,92,0
train_n100_m3_2,74,42,1
train_n100_m3_2,74,86,0
train_n100_m3_2,74,71,0
train_n100_m3_2,75,93,1
train_n100_m3_2,75,73,0
train_n100_m3_2,76,53,0
train_n100_m3_2,76,68,1
train_n100_m3_2,76,37,0
train_n100_m3_2,77,6,1
train_n100_m3_2,78,52,1
train_n100_m3_2,78,39,0
train_n100_m3_2,78,99,0
train_n100_m3_2,79,61,1
train_n100_m3_2,79,5,0
train_n100_m3_2,80,50,0
train_n100_m3_2,80,34,1
train_n100_m3_2,80,13,0
train_n100_m3_2,80,17,0
train_n100_m3_2,80,76,0
train_n100_m3_2,81,47,1
train_n100_m3_2,81,42,0
train_n100_m3_2,82,10,1
train_n100_m3_2,82,58,0
train_n100_m3_2,83,66,1
train_n100_m3_2,83,59,0
train_n100_m3_2,84,31,0
train_n100_m3_2,84,63,1
train_n100_m3_2,85,56,1
train_n100_m3_2,85,55,0
train_n100_m3_2,85,41,0
train_n100_m3_2,86,95,1
train_n100_m3_2,86,35,0
train_n100_m3_2,87,35,1
train_n100_m3_2,87,74,0
train_n100_m3_2,87,42,0
train_n100_m3_2,87,71,0
train_n100_m3_2,88,23,1
train_n100_m3_2,88,99,0
train_n100_m3_2,88,100,0
train_n100_m3_2,89,88,1
train_n100_m3_2,89,82,0
train_n100_m3_2,90,0,1
train_n100_m3_2,91,95,0
train_n100_m3_2,91,40,1
train_n100_m3_2,91,74,0
train_n100_m3_2,92,0,1
train_n100_m3_2,93,73,1
train_n100_m3_2,93,54,0
train_n100_m3_2,93,5,0
train_n100_m3_2,93,78,0
train_n100_m3_2,94,13,1
train_n100_m3_2,94,76,0
train_n100_m3_2,95,86,0
train_n100_m3_2,95,74,1
train_n100_m3_2,95,18,0
train_n100_m3_2,95,51,0
train_n100_m3_2,96,1,0
train_n100_m3_2,96,15,0
train_n100_m3_2,97,24,1
train_n100_m3_2,98,17,0
train_n100_m3_2,98,37,1
train_n100_m3_2,98,15,0
train_n100_m3_2,99,5,1
train_n100_m3_2,99,23,0
train_n100_m3_2,99,29,0
train_n100_m3_2,99,93,0
train_n100_m3_2,99,22,0
train_n100_m3_2,100,53,1
train_n100_m3_2,100,21,0
train_n100_m3_2,100,79,0
train_n100_m3_2,100,88,0
train_n100_m3_3,0,25,1
train_n100_m3_3,0,47,1
train_n100_m3_3,0,80,1
train_n100_m3_3,1,13,1
train_n100_m3_3,1,61,0
train_n100_m3_3,1,51,0
train_n100_m3_3,2,12,0
train_n100_m3_3,2,71,1
train_n100_m3_3,2,25,0
train_n100_m3_3,2,0,0
train_n100_m3_3,3,39,1
train_n100_m3_3,3,80,0
train_n100_m3_3,3,23,0
train_n100_m3_3,4,38,1
train_n100_m3_3,5,89,1
train_n100_m3_3,5,88,0
train_n100_m3_3,5,45,0
train_n100_m3_3,5,93,0
train_n100_m3_3,6,88,1
train_n100_m3_3,6,74,0
train_n100_m3_3,6,42,0
train_n100_m3_3,6,47,0
train_n100_m3_3,7,62,0
train_n100_m3_3,7,30,1
train_n100_m3_3,8,93,1
train_n100_m3_3,9,79,0
train_n100_m3_3,9,72,0
train_n100_m3_3,9,96,1
train_n100_m3_3,9,13,0
train_n100_m3_3,9,18,0
train_n100_m3_3,10,33,0
train_n100_m3_3,10,41,1
train_n100_m3_3,10,60,0
train_n100_m3_3,10,50,0
train_n100_m3_3,11,16,1
train_n100_m3_3,11,82,0
train_n100_m3_3,11,29,0
train_n100_m3_3,11,18,0
train_n100_m3_3,11,17,0
train_n100_m3_3,12,2,1
train_n100_m3_3,13,24,1
train_n100_m3_3,13,35,0
train_n100_m3_3,13,6,0
train_n100_m3_3,13,72,0
train_n100_m3_3,13,65,0
train_n100_m3_3,14,57,1
train_n100_m3_3,14,20,0
train_n100_m3_3,15,58,1
train_n100_m3_3,15,98,0
train_n100_m3_3,16,77,1
train_n100_m3_3,16,52,0
train_n100_m3_3,16,82,0
train_n100_m3_3,17,61,1
train_n100_m3_3,17,24,0
train_n100_m3_3,18,54,0
train_n100_m3_3,18,56,1
train_n100_m3_3,18,79,0
train_n100_m3_3,18,17,0
train_n100_m3_3,18,9,0
train_n100_m3_3,19,12,1
train_n100_m3_3,19,22,0
train_n100_m3_3,19,48,0
train_n100_m3_3,19,91,0
train_n100_m3_3,19,62,0
train_n100_m3_3,19,86,0
train_n100_m3_3,20,76,1
train_n100_m3_3,20,30,0
train_n100_m3_3,21,42,0
train_n100_m3_3,21,1,1
train_n100_m3_3,21,13,0
train_n100_m3_3,21,17,0
train_n100_m3_3,21,45,0
train_n100_m3_3,22,71,0
train_n100_m3_3,22,7,1
train_n100_m3_3,23,86,1
train_n100_m3_3,23,80,0
train_n100_m3_3,23,66,0
train_n100_m3_3,23,39,0
train_n100_m3_3,23,26,0
train_n100_m3_3,24,13,0
train_n100_m3_3,24,45,0
train_n100_m3_3,24,35,0
train_n100_m3_3,24,44,0
train_n100_m3_3,24,46,1
train_n100_m3_3,25,22,1
train_n100_m3_3,25,67,0
train_n100_m3_3,25,80,0
train_n100_m3_3,26,100,1
train_n100_m3_3,26,83,0
train_n100_m3_3,26,90,0
train_n100_m3_3,27,11,1
train_n100_m3_3,27,82,0
train_n100_m3_3,27,32,0
train_n100_m3_3,28,40,1
train_n100_m3_3,28,70,0
train_n100_m3_3,28,8,0
train_n100_m3_3,28,93,0
train_n100_m3_3,28,5,0
train_n100_m3_3,28,92,0
train_n100_m3_3,29,95,1
train_n100_m3_3,29,90,0
train_n100_m3_3,29,61,0
train_n100_m3_3,30,94,0
train_n100_m3_3,30,91,0
train_n100_m3_3,30,63,1
train_n100_m3_3,30,12,0
train_n100_m3_3,31,8,1
train_n100_m3_3,31,93,0
train_n100_m3_3,31,28,0
train_n100_m3_3,31,87,0
train_n100_m3_3,32,29,1
train_n100_m3_3,33,10,1
train_n100_m3_3,33,55,0
train_n100_m3_3,33,9,0
train_n100_m3_3,34,26,1
train_n100_m3_3,34,37,0
train_n100_m3_3,34,23,0
train_n100_m3_3,35,21,0
train_n100_m3_3,35,74,1
train_n100_m3_3,35,72,0
train_n100_m3_3,35,88,0
train_n100_m3_3,36,50,1
train_n100_m3_3,36,89,0
train_n100_m3_3,37,98,1
train_n100_m3_3,37,34,0
train_n100_m3_3,38,78,1
train_n100_m3_3,38,87,0
train_n100_m3_3,38,28,0
train_n100_m3_3,38,40,0
train_n100_m3_3,38,12,0
train_n100_m3_3,38,8,0
train_n100_m3_3,39,21,0
train_n100_m3_3,40,31,1
train_n100_m3_3,41,69,0
train_n100_m3_3,41,51,1
train_n100_m3_3,41,85,0
train_n100_m3_3,42,21,1
train_n100_m3_3,43,3,1
train_n100_m3_3,43,39,0
train_n100_m3_3,43,42,0
train_n100_m3_3,44,21,0
train_n100_m3_3,44,42,1
train_n100_m3_3,44,72,0
train_n100_m3_3,45,6,1
train_n100_m3_3,45,51,0
train_n100_m3_3,46,0,1
train_n100_m3_3,46,24,0
train_n100_m3_3,47,46,0
train_n100_m3_3,47,65,1
train_n100_m3_3,47,43,0
train_n100_m3_3,48,62,1
train_n100_m3_3,48,94,0
train_n100_m3_3,48,86,0
train_n100_m3_3,48,81,0
train_n100_m3_3,48,19,0
train_n100_m3_3,49,20,1
train_n100_m3_3,49,91,0
train_n100_m3_3,49,94,0
train_n100_m3_3,49,75,0
train_n100_m3_3,49,48,0
train_n100_m3_3,50,85,1
train_n100_m3_3,50,60,0
train_n100_m3_3,50,31,0
train_n100_m3_3,50,93,0
train_n100_m3_3,51,35,1
train_n100_m3_3,51,45,0
train_n100_m3_3,51,5,0
train_n100_m3_3,51,65,0
train_n100_m3_3,51,1,0
train_n100_m3_3,52,32,1
train_n100_m3_3,52,18,0
train_n100_m3_3,53,72,1
train_n100_m3_3,53,54,0
train_n100_m3_3,53,9,0
train_n100_m3_3,53,17,0
train_n100_m3_3,54,82,1
train_n100_m3_3,54,64,0
train_n100_m3_3,54,79,0
train_n100_m3_3,55,33,1
train_n100_m3_3,55,41,0
train_n100_m3_3,56,54,1
train_n100_m3_3,56,72,0
train_n100_m3_3,57,66,1
train_n100_m3_3,58,90,1
train_n100_m3_3,58,34,0
train_n100_m3_3,58,52,0
train_n100_m3_3,59,19,1
train_n100_m3_3,59,73,0
train_n100_m3_3,59,22,0
train_n100_m3_3,59,76,0
train_n100_m3_3,60,85,0
train_n100_m3_3,60,69,1
train_n100_m3_3,60,55,0
train_n100_m3_3,61,72,0
train_n100_m3_3,61,18,1
train_n100_m3_3,61,56,0
train_n100_m3_3,61,16,0
train_n100_m3_3,62,68,1
train_n100_m3_3,62,25,0
train_n100_m3_3,62,22,0
train_n100_m3_3,62,63,0
train_n100_m3_3,62,91,0
train_n100_m3_3,63,49,1
train_n100_m3_3,63,30,0
train_n100_m3_3,63,7,0
train_n100_m3_3,63,73,0
train_n100_m3_3,63,68,0
train_n100_m3_3,64,53,1
train_n100_m3_3,64,82,0
train_n100_m3_3,65,45,1
train_n100_m3_3,65,35,0
train_n100_m3_3,65,1,0
train_n100_m3_3,66,75,1
train_n100_m3_3,66,83,0
train_n100_m3_3,66,34,0
train_n100_m3_3,66,63,0
train_n100_m3_3,67,0,1
train_n100_m3_3,67,46,0
train_n100_m3_3,68,23,1
train_n100_m3_3,68,7,0
train_n100_m3_3,68,48,0
train_n100_m3_3,69,55,1
train_n100_m3_3,69,84,0
train_n100_m3_3,69,74,0
train_n100_m3_3,69,6,0
train_n100_m3_3,70,4,1
train_n100_m3_3,71,92,1
train_n100_m3_3,71,12,0
train_n100_m3_3,71,19,0
train_n100_m3_3,71,99,0
train_n100_m3_3,71,7,0
train_n100_m3_3,72,44,1
train_n100_m3_3,72,42,0
train_n100_m3_3,73,19,0
train_n100_m3_3,73,59,1
train_n100_m3_3,73,94,0
train_n100_m3_3,74,9,1
train_n100_m3_3,74,41,0
train_n100_m3_3,74,53,0
train_n100_m3_3,75,48,1
train_n100_m3_3,75,7,0
train_n100_m3_3,76,91,1
train_n100_m3_3,76,19,0
train_n100_m3_3,76,59,0
train_n100_m3_3,76,62,0
train_n100_m3_3,77,52,1
train_n100_m3_3,78,97,1
train_n100_m3_3,78,70,0
train_n100_m3_3,78,99,0
train_n100_m3_3,78,28,0
train_n100_m3_3,78,2,0
train_n100_m3_3,79,64,1
train_n100_m3_3,79,13,0
train_n100_m3_3,80,43,1
train_n100_m3_3,80,39,0
train_n100_m3_3,80,67,0
train_n100_m3_3,81,73,1
train_n100_m3_3,81,30,0
train_n100_m3_3,81,59,0
train_n100_m3_3,81,22,0
train_n100_m3_3,82,54,0
train_n100_m3_3,82,56,0
train_n100_m3_3,82,27,1
train_n100_m3_3,82,77,0
train_n100_m3_3,83,14,1
train_n100_m3_3,83,75,0
train_n100_m3_3,83,23,0
train_n100_m3_3,83,95,0
train_n100_m3_3,84,60,1
train_n100_m3_3,84,50,0
train_n100_m3_3,84,69,0
train_n100_m3_3,85,84,1
train_n100_m3_3,86,62,0
train_n100_m3_3,86,0,1
train_n100_m3_3,87,28,1
train_n100_m3_3,88,5,1
train_n100_m3_3,88,35,0
train_n100_m3_3,88,31,0
train_n100_m3_3,89,88,0
train_n100_m3_3,89,36,1
train_n100_m3_3,90,58,0
train_n100_m3_3,90,37,1
train_n100_m3_3,91,94,1
train_n100_m3_3,91,30,0
train_n100_m3_3,91,7,0
train_n100_m3_3,92,99,1
train_n100_m3_3,93,8,0
train_n100_m3_3,93,40,0
train_n100_m3_3,93,67,1
train_n100_m3_3,93,36,0
train_n100_m3_3,94,81,1
train_n100_m3_3,94,75,0
train_n100_m3_3,94,20,0
train_n100_m3_3,95,15,1
train_n100_m3_3,95,29,0
train_n100_m3_3,95,32,0
train_n100_m3_3,96,79,1
train_n100_m3_3,96,18,0
train_n100_m3_3,96,72,0
train_n100_m3_3,97,87,1
train_n100_m3_3,97,92,0
train_n100_m3_3,97,67,0
train_n100_m3_3,98,34,1
train_n100_m3_3,98,77,0
train_n100_m3_3,99,70,1
train_n100_m3_3,99,40,0
train_n100_m3_3,100,14,0
train_n100_m3_3,100,83,1
train_n100_m3_4,0,63,1
train_n100_m3_4,0,60,1
train_n100_m3_4,0,96,0
train_n100_m3_4,0,62,1
train_n100_m3_4,1,41,0
train_n100_m3_4,1,89,1
train_n100_m3_4,1,62,0
train_n100_m3_4,2,0,1
train_n100_m3_4,2,100,0
train_n100_m3_4,2,83,0
train_n100_m3_4,3,54,1
train_n100_m3_4,4,70,1
train_n100_m3_4,5,80,1
train_n100_m3_4,5,51,0
train_n100_m3_4,5,39,0
train_n100_m3_4,6,65,1
train_n100_m3_4,6,96,0
train_n100_m3_4,6,34,0
train_n100_m3_4,6,24,0
train_n100_m3_4,6,39,0
train_n100_m3_4,7,93,1
train_n100_m3_4,7,18,0
train_n100_m3_4,7,74,0
train_n100_m3_4,7,35,0
train_n100_m3_4,7,95,0
train_n100_m3_4,8,97,1
train_n100_m3_4,8,35,0
train_n100_m3_4,8,18,0
train_n100_m3_4,9,59,1
train_n100_m3_4,9,78,0
train_n100_m3_4,9,88,0
train_n100_m3_4,9,85,0
train_n100_m3_4,9,86,0
train_n100_m3_4,10,20,0
train_n100_m3_4,10,4,1
train_n100_m3_4,10,41,0
train_n100_m3_4,11,32,1
train_n100_m3_4,11,59,0
train_n100_m3_4,12,94,1
train_n100_m3_4,12,75,0
train_n100_m3_4,12,29,0
train_n100_m3_4,12,41,0
train_n100_m3_4,13,90,1
train_n100_m3_4,13,77,0
train_n100_m3_4,13,0,0
train_n100_m3_4,13,83,0
train_n100_m3_4,14,49,1
train_n100_m3_4,14,93,0
train_n100_m3_4,14,52,0
train_n100_m3_4,15,32,0
train_n100_m3_4,15,99,1
train_n100_m3_4,15,25,0
train_n100_m3_4,15,33,0
train_n100_m3_4,15,59,0
train_n100_m3_4,16,77,1
train_n100_m3_4,16,7,0
train_n100_m3_4,16,44,0
train_n100_m3_4,16,88,0
train_n100_m3_4,17,27,1
train_n100_m3_4,17,69,0
train_n100_m3_4,17,2,0
train_n100_m3_4,18,22,1
train_n100_m3_4,18,31,0
train_n100_m3_4,19,88,0
train_n100_m3_4,19,81,1
train_n100_m3_4,20,10,1
train_n100_m3_4,20,73,0
train_n100_m3_4,21,44,0
train_n100_m3_4,21,74,1
train_n100_m3_4,21,35,0
train_n100_m3_4,21,52,0
train_n100_m3_4,22,18,0
train_n100_m3_4,22,44,1
train_n100_m3_4,22,26,0
train_n100_m3_4,22,97,0
train_n100_m3_4,23,92,1
train_n100_m3_4,24,98,0
train_n100_m3_4,24,45,1
train_n100_m3_4,24,30,0
train_n100_m3_4,24,12,0
train_n100_m3_4,25,36,1
train_n100_m3_4,26,52,1
train_n100_m3_4,26,35,0
train_n100_m3_4,27,87,1
train_n100_m3_4,27,2,0
train_n100_m3_4,28,42,1
train_n100_m3_4,28,62,0
train_n100_m3_4,28,38,0
train_n100_m3_4,29,75,1
train_n100_m3_4,30,98,1
train_n100_m3_4,30,45,0
train_n100_m3_4,30,82,0
train_n100_m3_4,30,57,0
train_n100_m3_4,30,96,0
train_n100_m3_4,30,69,0
train_n100_m3_4,31,8,0
train_n100_m3_4,31,68,1
train_n100_m3_4,31,7,0
train_n100_m3_4,31,93,0
train_n100_m3_4,31,22,0
train_n100_m3_4,32,15,1
train_n100_m3_4,32,92,0
train_n100_m3_4,33,76,1
train_n100_m3_4,33,78,0
train_n100_m3_4,33,99,0
train_n100_m3_4,34,57,1
train_n100_m3_4,34,17,0
train_n100_m3_4,35,18,1
train_n100_m3_4,36,85,1
train_n100_m3_4,36,15,0
train_n100_m3_4,36,92,0
train_n100_m3_4,36,81,0
train_n100_m3_4,37,67,1
train_n100_m3_4,38,1,1
train_n100_m3_4,38,3,0
train_n100_m3_4,38,50,0
train_n100_m3_4,39,24,1
train_n100_m3_4,40,28,1
train_n100_m3_4,40,60,0
train_n100_m3_4,41,1,0
train_n100_m3_4,41,29,1
train_n100_m3_4,41,71,0
train_n100_m3_4,41,75,0
train_n100_m3_4,41,38,0
train_n100_m3_4,42,40,0
train_n100_m3_4,42,7,1
train_n100_m3_4,42,93,0
train_n100_m3_4,42,16,0
train_n100_m3_4,42,0,0
train_n100_m3_4,42,66,0
train_n100_m3_4,43,37,1
train_n100_m3_4,44,26,1
train_n100_m3_4,44,21,0
train_n100_m3_4,44,52,0
train_n100_m3_4,45,6,1
train_n100_m3_4,45,65,0
train_n100_m3_4,46,48,1
train_n100_m3_4,46,25,0
train_n100_m3_4,47,17,1
train_n100_m3_4,47,69,0
train_n100_m3_4,47,27,0
train_n100_m3_4,47,6,0
train_n100_m3_4,47,66,0
train_n100_m3_4,47,0,0
train_n100_m3_4,48,73,1
train_n100_m3_4,48,46,0
train_n100_m3_4,48,23,0
train_n100_m3_4,48,41,0
train_n100_m3_4,49,88,1
train_n100_m3_4,49,38,0
train_n100_m3_4,49,59,0
train_n100_m3_4,50,72,0
train_n100_m3_4,50,55,1
train_n100_m3_4,51,82,1
train_n100_m3_4,52,16,1
train_n100_m3_4,53,61,1
train_n100_m3_4,53,76,0
train_n100_m3_4,53,56,0
train_n100_m3_4,54,77,0
train_n100_m3_4,54,13,1
train_n100_m3_4,54,78,0
train_n100_m3_4,55,72,1
train_n100_m3_4,55,49,0
train_n100_m3_4,55,85,0
train_n100_m3_4,56,46,1
train_n100_m3_4,56,25,0
train_n100_m3_4,56,73,0
train_n100_m3_4,57,84,1
train_n100_m3_4,57,65,0
train_n100_m3_4,57,96,0
train_n100_m3_4,57,45,0
train_n100_m3_4,57,98,0
train_n100_m3_4,58,10,0
train_n100_m3_4,58,5,1
train_n100_m3_4,59,78,1
train_n100_m3_4,59,81,0
train_n100_m3_4,59,64,0
train_n100_m3_4,59,32,0
train_n100_m3_4,60,28,0
train_n100_m3_4,60,40,1
train_n100_m3_4,61,53,0
train_n100_m3_4,61,15,0
train_n100_m3_4,61,56,1
train_n100_m3_4,61,23,0
train_n100_m3_4,61,32,0
train_n100_m3_4,61,46,0
train_n100_m3_4,61,36,0
train_n100_m3_4,61,76,0
train_n100_m3_4,62,38,1
train_n100_m3_4,62,28,0
train_n100_m3_4,62,54,0
train_n100_m3_4,63,66,0
train_n100_m3_4,63,96,1
train_n100_m3_4,63,100,0
train_n100_m3_4,63,6,0
train_n100_m3_4,64,33,1
train_n100_m3_4,65,34,1
train_n100_m3_4,65,98,0
train_n100_m3_4,65,17,0
train_n100_m3_4,66,2,1
train_n100_m3_4,66,96,0
train_n100_m3_4,67,58,1
train_n100_m3_4,67,73,0
train_n100_m3_4,68,8,1
train_n100_m3_4,68,95,0
train_n100_m3_4,68,35,0
train_n100_m3_4,68,87,0
train_n100_m3_4,69,91,1
train_n100_m3_4,69,84,0
train_n100_m3_4,69,27,0
train_n100_m3_4,70,43,1
train_n100_m3_4,70,4,0
train_n100_m3_4,70,73,0
train_n100_m3_4,70,20,0
train_n100_m3_4,70,37,0
train_n100_m3_4,70,67,0
train_n100_m3_4,70,41,0
train_n100_m3_4,71,48,0
train_n100_m3_4,71,41,0
train_n100_m3_4,71,50,1
train_n100_m3_4,72,86,0
train_n100_m3_4,72,85,0
train_n100_m3_4,72,23,1
train_n100_m3_4,72,46,0
train_n100_m3_4,73,46,0
train_n100_m3_4,73,41,1
train_n100_m3_4,73,4,0
train_n100_m3_4,74,31,1
train_n100_m3_4,75,29,0
train_n100_m3_4,75,83,1
train_n100_m3_4,75,71,0
train_n100_m3_4,76,33,0
train_n100_m3_4,76,64,0
train_n100_m3_4,76,11,1
train_n100_m3_4,76,81,0
train_n100_m3_4,76,78,0
train_n100_m3_4,76,25,0
train_n100_m3_4,77,14,1
train_n100_m3_4,77,44,0
train_n100_m3_4,78,86,1
train_n100_m3_4,78,81,0
train_n100_m3_4,78,3,0
train_n100_m3_4,79,20,1
train_n100_m3_4,79,1,0
train_n100_m3_4,79,73,0
train_n100_m3_4,79,10,0
train_n100_m3_4,80,51,1
train_n100_m3_4,80,20,0
train_n100_m3_4,81,9,1
train_n100_m3_4,81,36,0
train_n100_m3_4,81,32,0
train_n100_m3_4,82,10,0
train_n100_m3_4,82,98,0
train_n100_m3_4,82,30,1
train_n100_m3_4,82,58,0
train_n100_m3_4,83,100,1
train_n100_m3_4,83,94,0
train_n100_m3_4,83,90,0
train_n100_m3_4,83,0,0
train_n100_m3_4,84,69,1
train_n100_m3_4,84,96,0
train_n100_m3_4,85,15,0
train_n100_m3_4,85,11,0
train_n100_m3_4,85,64,1
train_n100_m3_4,86,3,1
train_n100_m3_4,87,66,1
train_n100_m3_4,87,60,0
train_n100_m3_4,87,40,0
train_n100_m3_4,87,8,0
train_n100_m3_4,87,91,0
train_n100_m3_4,88,19,1
train_n100_m3_4,88,16,0
train_n100_m3_4,89,71,1
train_n100_m3_4,89,48,0
train_n100_m3_4,90,0,1
train_n100_m3_4,90,42,0
train_n100_m3_4,90,83,0
train_n100_m3_4,91,47,1
train_n100_m3_4,91,84,0
train_n100_m3_4,91,65,0
train_n100_m3_4,92,25,1
train_n100_m3_4,92,56,0
train_n100_m3_4,92,85,0
train_n100_m3_4,93,21,1
train_n100_m3_4,93,18,0
train_n100_m3_4,93,35,0
train_n100_m3_4,94,83,0
train_n100_m3_4,94,79,1
train_n100_m3_4,94,63,0
train_n100_m3_4,95,35,1
train_n100_m3_4,95,74,0
train_n100_m3_4,95,60,0
train_n100_m3_4,95,42,0
train_n100_m3_4,96,12,1
train_n100_m3_4,96,65,0
train_n100_m3_4,96,83,0
train_n100_m3_4,96,24,0
train_n100_m3_4,97,95,1
train_n100_m3_4,97,35,0
train_n100_m3_4,97,18,0
train_n100_m3_4,98,39,1
train_n100_m3_4,98,6,0
train_n100_m3_4,98,65,0
train_n100_m3_4,99,53,1
train_n100_m3_4,99,76,0
train_n100_m3_4,99,36,0
train_n100_m3_4,100,94,0
train_n100_m3_4,100,0,1
train_n100_m3_4,100,38,0
train_n100_m3_5,0,88,1
train_n100_m3_5,0,33,1
train_n100_m3_5,0,51,0
train_n100_m3_5,0,44,1
train_n100_m3_5,1,42,1
train_n100_m3_5,1,66,0
train_n100_m3_5,1,82,0
train_n100_m3_5,1,8,0
train_n100_m3_5,2,53,1
train_n100_m3_5,3,84,1
train_n100_m3_5,3,46,0
train_n100_m3_5,4,24,1
train_n100_m3_5,4,27,0
train_n100_m3_5,4,17,0
train_n100_m3_5,5,73,1
train_n100_m3_5,6,17,1
train_n100_m3_5,6,98,0
train_n100_m3_5,6,7,0
train_n100_m3_5,7,12,1
train_n100_m3_5,7,60,0
train_n100_m3_5,7,42,0
train_n100_m3_5,8,74,1
train_n100_m3_5,8,65,0
train_n100_m3_5,8,66,0
train_n100_m3_5,9,64,0
train_n100_m3_5,9,31,1
train_n100_m3_5,10,87,1
train_n100_m3_5,10,45,0
train_n100_m3_5,10,36,0
train_n100_m3_5,11,48,0
train_n100_m3_5,11,10,1
train_n100_m3_5,11,45,0
train_n100_m3_5,11,15,0
train_n100_m3_5,11,34,0
train_n100_m3_5,11,71,0
train_n100_m3_5,12,7,0
train_n100_m3_5,12,60,0
train_n100_m3_5,12,53,0
train_n100_m3_5,12,44,0
train_n100_m3_5,12,85,1
train_n100_m3_5,13,46,1
train_n100_m3_5,13,35,0
train_n100_m3_5,14,13,0
train_n100_m3_5,14,16,1
train_n100_m3_5,14,73,0
train_n100_m3_5,14,21,0
train_n100_m3_5,15,34,1
train_n100_m3_5,15,36,0
train_n100_m3_5,15,71,0
train_n100_m3_5,16,62,1
train_n100_m3_5,16,3,0
train_n100_m3_5,16,13,0
train_n100_m3_5,17,70,0
train_n100_m3_5,17,99,1
train_n100_m3_5,17,33,0
train_n100_m3_5,17,59,0
train_n100_m3_5,18,67,0
train_n100_m3_5,18,72,1
train_n100_m3_5,18,100,0
train_n100_m3_5,18,75,0
train_n100_m3_5,19,56,1
train_n100_m3_5,19,5,0
train_n100_m3_5,20,48,1
train_n100_m3_5,20,15,0
train_n100_m3_5,20,91,0
train_n100_m3_5,20,100,0
train_n100_m3_5,20,13,0
train_n100_m3_5,21,75,1
train_n100_m3_5,21,57,0
train_n100_m3_5,21,72,0
train_n100_m3_5,21,40,0
train_n100_m3_5,22,24,0
train_n100_m3_5,22,83,1
train_n100_m3_5,22,49,0
train_n100_m3_5,22,72,0
train_n100_m3_5,23,51,1
train_n100_m3_5,23,38,0
train_n100_m3_5,23,7,0
train_n100_m3_5,24,22,1
train_n100_m3_5,25,49,1
train_n100_m3_5,25,30,0
train_n100_m3_5,25,22,0
train_n100_m3_5,26,3,1
train_n100_m3_5,26,9,0
train_n100_m3_5,26,64,0
train_n100_m3_5,26,31,0
train_n100_m3_5,26,43,0
train_n100_m3_5,26,13,0
train_n100_m3_5,27,30,1
train_n100_m3_5,27,33,0
train_n100_m3_5,27,61,0
train_n100_m3_5,27,70,0
train_n100_m3_5,27,0,0
train_n100_m3_5,27,40,0
train_n100_m3_5,28,68,1
train_n100_m3_5,28,32,0
train_n100_m3_5,28,52,0
train_n100_m3_5,29,100,1
train_n100_m3_5,29,48,0
train_n100_m3_5,29,34,0
train_n100_m3_5,30,27,0
train_n100_m3_5,30,79,0
train_n100_m3_5,30,25,0
train_n100_m3_5,30,0,1
train_n100_m3_5,31,5,1
train_n100_m3_5,31,41,0
train_n100_m3_5,31,32,0
train_n100_m3_5,31,56,0
train_n100_m3_5,31,28,0
train_n100_m3_5,32,93,1
train_n100_m3_5,33,70,1
train_n100_m3_5,34,36,1
train_n100_m3_5,34,20,0
train_n100_m3_5,34,86,0
train_n100_m3_5,34,10,0
train_n100_m3_5,34,46,0
train_n100_m3_5,35,57,0
train_n100_m3_5,35,55,1
train_n100_m3_5,35,75,0
train_n100_m3_5,35,21,0
train_n100_m3_5,35,100,0
train_n100_m3_5,35,43,0
train_n100_m3_5,36,87,0
train_n100_m3_5,36,29,1
train_n100_m3_5,37,96,0
train_n100_m3_5,37,0,1
train_n100_m3_5,37,21,0
train_n100_m3_5,37,30,0
train_n100_m3_5,37,27,0
train_n100_m3_5,38,98,1
train_n100_m3_5,38,53,0
train_n100_m3_5,39,19,1
train_n100_m3_5,39,41,0
train_n100_m3_5,39,84,0
train_n100_m3_5,40,21,1
train_n100_m3_5,40,25,0
train_n100_m3_5,40,35,0
train_n100_m3_5,41,32,1
train_n100_m3_5,41,89,0
train_n100_m3_5,41,68,0
train_n100_m3_5,42,60,1
train_n100_m3_5,42,47,0
train_n100_m3_5,42,85,0
train_n100_m3_5,42,12,0
train_n100_m3_5,42,1,0
train_n100_m3_5,42,8,0
train_n100_m3_5,43,57,1
train_n100_m3_5,43,29,0
train_n100_m3_5,44,38,1
train_n100_m3_5,44,69,0
train_n100_m3_5,45,48,0
train_n100_m3_5,45,15,1
train_n100_m3_5,45,34,0
train_n100_m3_5,45,91,0
train_n100_m3_5,45,46,0
train_n100_m3_5,46,90,1
train_n100_m3_5,46,21,0
train_n100_m3_5,46,20,0
train_n100_m3_5,47,60,0
train_n100_m3_5,47,42,0
train_n100_m3_5,47,2,1
train_n100_m3_5,47,92,0
train_n100_m3_5,48,45,1
train_n100_m3_5,49,61,1
train_n100_m3_5,50,79,1
train_n100_m3_5,50,27,0
train_n100_m3_5,50,49,0
train_n100_m3_5,50,33,0
train_n100_m3_5,51,23,0
train_n100_m3_5,51,6,1
train_n100_m3_5,51,44,0
train_n100_m3_5,51,7,0
train_n100_m3_5,51,33,0
train_n100_m3_5,52,95,1
train_n100_m3_5,52,54,0
train_n100_m3_5,52,41,0
train_n100_m3_5,52,56,0
train_n100_m3_5,53,69,1
train_n100_m3_5,53,60,0
train_n100_m3_5,53,51,0
train_n100_m3_5,54,80,1
train_n100_m3_5,55,100,0
train_n100_m3_5,55,72,0
train_n100_m3_5,55,46,0
train_n100_m3_5,56,41,1
train_n100_m3_5,56,28,0
train_n100_m3_5,56,9,0
train_n100_m3_5,57,35,1
train_n100_m3_5,57,46,0
train_n100_m3_5,58,89,0
train_n100_m3_5,58,81,1
train_n100_m3_5,58,0,0
train_n100_m3_5,58,73,0
train_n100_m3_5,58,40,0
train_n100_m3_5,59,4,1
train_n100_m3_5,59,99,0
train_n100_m3_5,59,22,0
train_n100_m3_5,60,47,1
train_n100_m3_5,60,69,0
train_n100_m3_5,60,44,0
train_n100_m3_5,61,49,0
train_n100_m3_5,61,50,1
train_n100_m3_5,61,59,0
train_n100_m3_5,61,27,0
train_n100_m3_5,61,33,0
train_n100_m3_5,61,17,0
train_n100_m3_5,61,70,0
train_n100_m3_5,62,26,1
train_n100_m3_5,62,64,0
train_n100_m3_5,62,94,0
train_n100_m3_5,63,77,1
train_n100_m3_5,63,37,0
train_n100_m3_5,63,75,0
train_n100_m3_5,64,94,1
train_n100_m3_5,64,68,0
train_n100_m3_5,64,5,0
train_n100_m3_5,65,66,1
train_n100_m3_5,65,53,0
train_n100_m3_5,66,82,1
train_n100_m3_5,66,1,0
train_n100_m3_5,67,18,1
train_n100_m3_5,67,87,0
train_n100_m3_5,67,71,0
train_n100_m3_5,68,39,1
train_n100_m3_5,68,78,0
train_n100_m3_5,69,8,1
train_n100_m3_5,70,23,1
train_n100_m3_5,70,30,0
train_n100_m3_5,71,48,0
train_n100_m3_5,71,86,1
train_n100_m3_5,71,18,0
train_n100_m3_5,72,63,1
train_n100_m3_5,72,40,0
train_n100_m3_5,73,93,0
train_n100_m3_5,73,75,0
train_n100_m3_5,73,96,1
train_n100_m3_5,73,21,0
train_n100_m3_5,73,37,0
train_n100_m3_5,74,8,0
train_n100_m3_5,74,65,1
train_n100_m3_5,74,53,0
train_n100_m3_5,74,0,0
train_n100_m3_5,75,43,1
train_n100_m3_5,75,40,0
train_n100_m3_5,76,66,0
train_n100_m3_5,76,52,1
train_n100_m3_5,76,47,0
train_n100_m3_5,77,25,1
train_n100_m3_5,77,37,0
train_n100_m3_5,77,61,0
train_n100_m3_5,78,28,1
train_n100_m3_5,78,54,0
train_n100_m3_5,79,27,1
train_n100_m3_5,79,49,0
train_n100_m3_5,79,25,0
train_n100_m3_5,80,78,1
train_n100_m3_5,81,8,0
train_n100_m3_5,81,0,1
train_n100_m3_5,81,88,0
train_n100_m3_5,81,37,0
train_n100_m3_5,81,69,0
train_n100_m3_5,82,76,1
train_n100_m3_5,82,80,0
train_n100_m3_5,82,60,0
train_n100_m3_5,83,22,0
train_n100_m3_5,83,91,1
train_n100_m3_5,84,64,1
train_n100_m3_5,84,19,0
train_n100_m3_5,85,92,1
train_n100_m3_5,85,42,0
train_n100_m3_5,85,7,0
train_n100_m3_5,86,11,1
train_n100_m3_5,87,67,1
train_n100_m3_5,88,37,0
train_n100_m3_5,88,40,1
train_n100_m3_5,88,58,0
train_n100_m3_5,89,58,1
train_n100_m3_5,89,81,0
train_n100_m3_5,90,14,1
train_n100_m3_5,90,75,0
train_n100_m3_5,90,67,0
train_n100_m3_5,91,71,1
train_n100_m3_5,91,48,0
train_n100_m3_5,92,1,1
train_n100_m3_5,92,53,0
train_n100_m3_5,92,82,0
train_n100_m3_5,93,96,0
train_n100_m3_5,93,89,1
train_n100_m3_5,93,5,0
train_n100_m3_5,94,9,1
train_n100_m3_5,94,3,0
train_n100_m3_5,94,39,0
train_n100_m3_5,94,68,0
train_n100_m3_5,94,28,0
train_n100_m3_5,95,54,1
train_n100_m3_5,96,37,1
train_n100_m3_5,96,40,0
train_n100_m3_5,96,21,0
train_n100_m3_5,97,59,1
train_n100_m3_5,97,6,0
train_n100_m3_5,98,7,1
train_n100_m3_5,98,8,0
train_n100_m3_5,98,6,0
train_n100_m3_5,99,97,1
train_n100_m3_5,99,49,0
train_n100_m3_5,99,30,0
train_n100_m3_5,100,13,1
train_n100_m3_5,100,57,0
train_n100_m3_6,0,10,0
train_n100_m3_6,0,71,1
train_n100_m3_6,0,52,1
train_n100_m3_6,0,96,1
train_n100_m3_6,1,94,0
train_n100_m3_6,1,88,1
train_n100_m3_6,1,65,0
train_n100_m3_6,1,81,0
train_n100_m3_6,2,78,1
train_n100_m3_6,3,94,1
train_n100_m3_6,3,1,0
train_n100_m3_6,3,41,0
train_n100_m3_6,3,88,0
train_n100_m3_6,3,96,0
train_n100_m3_6,4,42,1
train_n100_m3_6,4,15,0
train_n100_m3_6,5,75,1
train_n100_m3_6,5,74,0
train_n100_m3_6,5,73,0
train_n100_m3_6,6,19,1
train_n100_m3_6,6,15,0
train_n100_m3_6,6,96,0
train_n100_m3_6,6,9,0
train_n100_m3_6,7,30,1
train_n100_m3_6,7,72,0
train_n100_m3_6,7,51,0
train_n100_m3_6,8,18,1
train_n100_m3_6,8,55,0
train_n100_m3_6,9,67,0
train_n100_m3_6,10,0,1
train_n100_m3_6,10,71,0
train_n100_m3_6,10,31,0
train_n100_m3_6,11,63,1
train_n100_m3_6,11,61,0
train_n100_m3_6,11,96,0
train_n100_m3_6,12,34,1
train_n100_m3_6,12,37,0
train_n100_m3_6,13,87,1
train_n100_m3_6,13,78,0
train_n100_m3_6,14,100,0
train_n100_m3_6,14,39,1
train_n100_m3_6,14,62,0
train_n100_m3_6,14,45,0
train_n100_m3_6,15,6,0
train_n100_m3_6,15,85,1
train_n100_m3_6,15,81,0
train_n100_m3_6,15,61,0
train_n100_m3_6,16,50,1
train_n100_m3_6,17,33,0
train_n100_m3_6,17,76,1
train_n100_m3_6,17,30,0
train_n100_m3_6,17,66,0
train_n100_m3_6,17,80,0
train_n100_m3_6,18,36,1
train_n100_m3_6,18,25,0
train_n100_m3_6,18,93,0
train_n100_m3_6,18,84,0
train_n100_m3_6,18,60,0
train_n100_m3_6,19,46,0
train_n100_m3_6,19,95,0
train_n100_m3_6,20,73,1
train_n100_m3_6,20,28,0
train_n100_m3_6,21,49,1
train_n100_m3_6,21,44,0
train_n100_m3_6,22,83,1
train_n100_m3_6,22,33,0
train_n100_m3_6,23,41,1
train_n100_m3_6,23,89,0
train_n100_m3_6,23,31,0
train_n100_m3_6,24,70,1
train_n100_m3_6,24,43,0
train_n100_m3_6,24,98,0
train_n100_m3_6,24,74,0
train_n100_m3_6,25,59,1
train_n100_m3_6,25,8,0
train_n100_m3_6,25,16,0
train_n100_m3_6,26,43,0
train_n100_m3_6,26,27,1
train_n100_m3_6,26,74,0
train_n100_m3_6,27,86,1
train_n100_m3_6,27,5,0
train_n100_m3_6,27,74,0
train_n100_m3_6,28,97,1
train_n100_m3_6,28,39,0
train_n100_m3_6,29,62,1
train_n100_m3_6,29,22,0
train_n100_m3_6,29,58,0
train_n100_m3_6,30,33,1
train_n100_m3_6,30,82,0
train_n100_m3_6,30,34,0
train_n100_m3_6,30,80,0
train_n100_m3_6,30,14,0
train_n100_m3_6,31,61,1
train_n100_m3_6,31,1,0
train_n100_m3_6,31,83,0
train_n100_m3_6,31,80,0
train_n100_m3_6,32,92,1
train_n100_m3_6,32,23,0
train_n100_m3_6,33,72,1
train_n100_m3_6,33,76,0
train_n100_m3_6,33,34,0
train_n100_m3_6,34,7,1
train_n100_m3_6,34,79,0
train_n100_m3_6,34,75,0
train_n100_m3_6,35,32,1
train_n100_m3_6,35,72,0
train_n100_m3_6,36,18,0
train_n100_m3_6,36,25,1
train_n100_m3_6,36,47,0
train_n100_m3_6,37,82,0
train_n100_m3_6,37,44,0
train_n100_m3_6,37,80,1
train_n100_m3_6,37,54,0
train_n100_m3_6,37,12,0
train_n100_m3_6,37,48,0
train_n100_m3_6,37,92,0
train_n100_m3_6,38,21,1
train_n100_m3_6,38,3,0
train_n100_m3_6,38,65,0
train_n100_m3_6,39,68,1
train_n100_m3_6,39,58,0
train_n100_m3_6,39,62,0
train_n100_m3_6,39,29,0
train_n100_m3_6,39,51,0
train_n100_m3_6,39,97,0
train_n100_m3_6,40,20,1
train_n100_m3_6,40,73,0
train_n100_m3_6,40,90,0
train_n100_m3_6,41,1,1
train_n100_m3_6,42,11,1
train_n100_m3_6,42,85,0
train_n100_m3_6,42,96,0
train_n100_m3_6,43,98,1
train_n100_m3_6,43,73,0
train_n100_m3_6,43,13,0
train_n100_m3_6,44,89,0
train_n100_m3_6,44,12,0
train_n100_m3_6,44,56,1
train_n100_m3_6,44,65,0
train_n100_m3_6,45,28,0
train_n100_m3_6,45,20,0
train_n100_m3_6,45,9,1
train_n100_m3_6,45,14,0
train_n100_m3_6,46,96,0
train_n100_m3_6,46,15,1
train_n100_m3_6,46,6,0
train_n100_m3_6,46,83,0
train_n100_m3_6,47,67,1
train_n100_m3_6,47,64,0
train_n100_m3_6,48,12,1
train_n100_m3_6,48,89,0
train_n100_m3_6,48,49,0
train_n100_m3_6,49,23,1
train_n100_m3_6,49,56,0
train_n100_m3_6,49,65,0
train_n100_m3_6,50,64,0
train_n100_m3_6,50,8,1
train_n100_m3_6,51,17,1
train_n100_m3_6,52,0,0
train_n100_m3_6,52,85,0
train_n100_m3_6,52,95,1
train_n100_m3_6,52,15,0
train_n100_m3_6,53,4,0
train_n100_m3_6,53,77,1
train_n100_m3_6,53,52,0
train_n100_m3_6,53,64,0
train_n100_m3_6,54,81,0
train_n100_m3_6,54,76,0
train_n100_m3_6,54,22,0
train_n100_m3_6,54,72,0
train_n100_m3_6,54,62,0
train_n100_m3_6,55,69,1
train_n100_m3_6,55,9,0
train_n100_m3_6,56,35,1
train_n100_m3_6,56,48,0
train_n100_m3_6,56,23,0
train_n100_m3_6,57,40,1
train_n100_m3_6,57,69,0
train_n100_m3_6,58,28,1
train_n100_m3_6,58,2,0
train_n100_m3_6,59,93,0
train_n100_m3_6,59,60,1
train_n100_m3_6,60,47,1
train_n100_m3_6,61,0,1
train_n100_m3_6,62,14,1
train_n100_m3_6,62,22,0
train_n100_m3_6,62,58,0
train_n100_m3_6,62,9,0
train_n100_m3_6,63,0,1
train_n100_m3_6,63,85,0
train_n100_m3_6,64,16,1
train_n100_m3_6,64,77,0
train_n100_m3_6,64,25,0
train_n100_m3_6,64,36,0
train_n100_m3_6,64,18,0
train_n100_m3_6,65,83,0
train_n100_m3_6,65,89,1
train_n100_m3_6,65,37,0
train_n100_m3_6,65,23,0
train_n100_m3_6,65,41,0
train_n100_m3_6,66,7,0
train_n100_m3_6,66,51,1
train_n100_m3_6,66,74,0
train_n100_m3_6,66,78,0
train_n100_m3_6,68,100,1
train_n100_m3_6,68,39,0
train_n100_m3_6,68,14,0
train_n100_m3_6,68,87,0
train_n100_m3_6,68,51,0
train_n100_m3_6,68,45,0
train_n100_m3_6,68,97,0
train_n100_m3_6,69,84,1
train_n100_m3_6,69,40,0
train_n100_m3_6,70,5,1
train_n100_m3_6,71,61,0
train_n100_m3_6,71,3,1
train_n100_m3_6,72,82,1
train_n100_m3_6,72,37,0
train_n100_m3_6,72,22,0
train_n100_m3_6,72,65,0
train_n100_m3_6,73,13,1
train_n100_m3_6,74,99,1
train_n100_m3_6,74,90,0
train_n100_m3_6,74,5,0
train_n100_m3_6,75,79,1
train_n100_m3_6,75,24,0
train_n100_m3_6,76,22,1
train_n100_m3_6,76,83,0
train_n100_m3_6,76,17,0
train_n100_m3_6,76,54,0
train_n100_m3_6,76,72,0
train_n100_m3_6,77,93,1
train_n100_m3_6,77,53,0
train_n100_m3_6,78,74,1
train_n100_m3_6,78,98,0
train_n100_m3_6,78,97,0
train_n100_m3_6,78,90,0
train_n100_m3_6,78,73,0
train_n100_m3_6,78,75,0
train_n100_m3_6,79,66,1
train_n100_m3_6,79,78,0
train_n100_m3_6,79,34,0
train_n100_m3_6,80,54,1
train_n100_m3_6,80,65,0
train_n100_m3_6,80,22,0
train_n100_m3_6,80,81,0
train_n100_m3_6,81,31,1
train_n100_m3_6,81,80,0
train_n100_m3_6,81,22,0
train_n100_m3_6,82,37,1
train_n100_m3_6,83,54,0
train_n100_m3_6,83,80,0
train_n100_m3_6,83,81,1
train_n100_m3_6,83,88,0
train_n100_m3_6,84,57,1
train_n100_m3_6,84,45,0
train_n100_m3_6,84,25,0
train_n100_m3_6,85,4,1
train_n100_m3_6,86,24,1
train_n100_m3_6,86,75,0
train_n100_m3_6,86,74,0
train_n100_m3_6,86,79,0
train_n100_m3_6,86,2,0
train_n100_m3_6,87,91,1
train_n100_m3_6,87,100,0
train_n100_m3_6,88,65,1
train_n100_m3_6,88,54,0
train_n100_m3_6,88,41,0
train_n100_m3_6,89,44,1
train_n100_m3_6,89,80,0
train_n100_m3_6,89,92,0
train_n100_m3_6,89,48,0
train_n100_m3_6,89,35,0
train_n100_m3_6,89,76,0
train_n100_m3_6,90,26,1
train_n100_m3_6,90,70,0
train_n100_m3_6,91,45,1
train_n100_m3_6,91,13,0
train_n100_m3_6,92,35,0
train_n100_m3_6,92,48,1
train_n100_m3_6,92,37,0
train_n100_m3_6,92,82,0
train_n100_m3_6,93,64,1
train_n100_m3_6,93,77,0
train_n100_m3_6,93,47,0
train_n100_m3_6,93,67,0
train_n100_m3_6,94,1,0
train_n100_m3_6,94,38,1
train_n100_m3_6,94,31,0
train_n100_m3_6,95,53,1
train_n100_m3_6,95,46,0
train_n100_m3_6,95,52,0
train_n100_m3_6,96,83,0
train_n100_m3_6,96,29,1
train_n100_m3_6,97,2,1
train_n100_m3_6,97,13,0
train_n100_m3_6,97,87,0
train_n100_m3_6,97,14,0
train_n100_m3_6,98,90,1
train_n100_m3_6,98,26,0
train_n100_m3_6,98,86,0
train_n100_m3_6,98,13,0
train_n100_m3_6,99,43,1
train_n100_m3_6,100,58,1
train_n100_m3_6,100,2,0
train_n100_m3_7,0,25,0
train_n100_m3_7,0,66,1
train_n100_m3_7,0,71,1
train_n100_m3_7,0,32,0
train_n100_m3_7,0,47,0
train_n100_m3_7,1,15,1
train_n100_m3_7,1,11,0
train_n100_m3_7,1,31,0
train_n100_m3_7,2,56,1
train_n100_m3_7,2,16,0
train_n100_m3_7,2,59,0
train_n100_m3_7,3,19,0
train_n100_m3_7,3,34,0
train_n100_m3_7,3,25,0
train_n100_m3_7,3,50,0
train_n100_m3_7,4,82,1
train_n100_m3_7,5,87,0
train_n100_m3_7,5,81,1
train_n100_m3_7,6,62,1
train_n100_m3_7,6,57,0
train_n100_m3_7,6,89,0
train_n100_m3_7,7,34,0
train_n100_m3_7,7,19,1
train_n100_m3_7,7,14,0
train_n100_m3_7,7,3,0
train_n100_m3_7,7,25,0
train_n100_m3_7,8,100,1
train_n100_m3_7,8,54,0
train_n100_m3_7,8,77,0
train_n100_m3_7,8,64,0
train_n100_m3_7,8,81,0
train_n100_m3_7,9,65,1
train_n100_m3_7,10,23,1
train_n100_m3_7,10,68,0
train_n100_m3_7,10,69,0
train_n100_m3_7,10,59,0
train_n100_m3_7,10,22,0
train_n100_m3_7,11,87,1
train_n100_m3_7,11,96,0
train_n100_m3_7,12,29,1
train_n100_m3_7,12,84,0
train_n100_m3_7,12,30,0
train_n100_m3_7,13,51,0
train_n100_m3_7,13,31,1
train_n100_m3_7,14,34,1
train_n100_m3_7,14,42,0
train_n100_m3_7,15,37,0
train_n100_m3_7,15,17,0
train_n100_m3_7,15,96,1
train_n100_m3_7,15,1,0
train_n100_m3_7,16,70,1
train_n100_m3_7,16,74,0
train_n100_m3_7,17,37,1
train_n100_m3_7,17,1,0
train_n100_m3_7,18,73,0
train_n100_m3_7,18,28,1
train_n100_m3_7,19,76,1
train_n100_m3_7,19,75,0
train_n100_m3_7,20,94,1
train_n100_m3_7,20,75,0
train_n100_m3_7,20,9,0
train_n100_m3_7,20,14,0
train_n100_m3_7,21,6,1
train_n100_m3_7,21,24,0
train_n100_m3_7,22,68,1
train_n100_m3_7,23,69,1
train_n100_m3_7,23,74,0
train_n100_m3_7,24,54,1
train_n100_m3_7,24,97,0
train_n100_m3_7,24,60,0
train_n100_m3_7,24,83,0
train_n100_m3_7,24,38,0
train_n100_m3_7,25,71,0
train_n100_m3_7,25,32,0
train_n100_m3_7,25,0,1
train_n100_m3_7,26,76,0
train_n100_m3_7,26,49,0
train_n100_m3_7,26,39,1
train_n100_m3_7,27,22,1
train_n100_m3_7,27,48,0
train_n100_m3_7,27,42,0
train_n100_m3_7,28,17,1
train_n100_m3_7,28,66,0
train_n100_m3_7,28,0,0
train_n100_m3_7,29,8,1
train_n100_m3_7,29,56,0
train_n100_m3_7,29,91,0
train_n100_m3_7,29,54,0
train_n100_m3_7,30,78,1
train_n100_m3_7,30,32,0
train_n100_m3_7,30,71,0
train_n100_m3_7,30,25,0
train_n100_m3_7,31,36,1
train_n100_m3_7,32,4,0
train_n100_m3_7,32,25,1
train_n100_m3_7,32,30,0
train_n100_m3_7,32,92,0
train_n100_m3_7,32,0,0
train_n100_m3_7,32,3,0
train_n100_m3_7,33,59,1
train_n100_m3_7,33,23,0
train_n100_m3_7,33,84,0
train_n100_m3_7,34,79,1
train_n100_m3_7,34,19,0
train_n100_m3_7,34,43,0
train_n100_m3_7,34,96,0
train_n100_m3_7,34,18,0
train_n100_m3_7,35,33,1
train_n100_m3_7,35,74,0
train_n100_m3_7,35,56,0
train_n100_m3_7,35,91,0
train_n100_m3_7,36,46,1
train_n100_m3_7,36,40,0
train_n100_m3_7,36,5,0
train_n100_m3_7,37,1,1
train_n100_m3_7,37,66,0
train_n100_m3_7,38,92,1
train_n100_m3_7,38,82,0
train_n100_m3_7,38,25,0
train_n100_m3_7,39,48,1
train_n100_m3_7,39,74,0
train_n100_m3_7,39,16,0
train_n100_m3_7,40,51,1
train_n100_m3_7,40,13,0
train_n100_m3_7,41,35,1
train_n100_m3_7,41,70,0
train_n100_m3_7,41,27,0
train_n100_m3_7,42,45,0
train_n100_m3_7,42,14,1
train_n100_m3_7,42,22,0
train_n100_m3_7,42,68,0
train_n100_m3_7,43,0,1
train_n100_m3_7,44,61,1
train_n100_m3_7,44,9,0
train_n100_m3_7,44,88,0
train_n100_m3_7,44,28,0
train_n100_m3_7,45,42,1
train_n100_m3_7,45,26,0
train_n100_m3_7,45,74,0
train_n100_m3_7,46,11,1
train_n100_m3_7,46,87,0
train_n100_m3_7,46,95,0
train_n100_m3_7,47,92,0
train_n100_m3_7,47,95,1
train_n100_m3_7,47,87,0
train_n100_m3_7,48,45,1
train_n100_m3_7,48,10,0
train_n100_m3_7,49,27,1
train_n100_m3_7,49,91,0
train_n100_m3_7,49,68,0
train_n100_m3_7,50,77,1
train_n100_m3_7,50,76,0
train_n100_m3_7,50,74,0
train_n100_m3_7,51,52,1
train_n100_m3_7,51,13,0
train_n100_m3_7,51,36,0
train_n100_m3_7,52,13,1
train_n100_m3_7,53,88,1
train_n100_m3_7,53,73,0
train_n100_m3_7,53,18,0
train_n100_m3_7,54,97,1
train_n100_m3_7,54,55,0
train_n100_m3_7,54,100,0
train_n100_m3_7,54,92,0
train_n100_m3_7,54,62,0
train_n100_m3_7,55,60,1
train_n100_m3_7,55,57,0
train_n100_m3_7,55,97,0
train_n100_m3_7,55,21,0
train_n100_m3_7,55,99,0
train_n100_m3_7,55,98,0
train_n100_m3_7,55,8,0
train_n100_m3_7,56,84,1
train_n100_m3_7,56,12,0
train_n100_m3_7,57,55,1
train_n100_m3_7,57,24,0
train_n100_m3_7,57,93,0
train_n100_m3_7,58,29,0
train_n100_m3_7,58,12,1
train_n100_m3_7,58,8,0
train_n100_m3_7,58,91,0
train_n100_m3_7,59,33,0
train_n100_m3_7,59,69,0
train_n100_m3_7,59,16,1
train_n100_m3_7,59,2,0
train_n100_m3_7,59,27,0
train_n100_m3_7,60,89,1
train_n100_m3_7,60,6,0
train_n100_m3_7,61,86,0
train_n100_m3_7,61,73,1
train_n100_m3_7,61,88,0
train_n100_m3_7,62,21,0
train_n100_m3_7,62,57,1
train_n100_m3_7,63,93,1
train_n100_m3_7,63,6,0
train_n100_m3_7,63,58,0
train_n100_m3_7,64,58,1
train_n100_m3_7,64,67,0
train_n100_m3_7,65,53,1
train_n100_m3_7,66,7,1
train_n100_m3_7,66,25,0
train_n100_m3_7,66,4,0
train_n100_m3_7,67,91,1
train_n100_m3_7,68,74,1
train_n100_m3_7,69,41,1
train_n100_m3_7,69,35,0
train_n100_m3_7,70,74,0
train_n100_m3_7,70,50,1
train_n100_m3_7,70,2,0
train_n100_m3_7,70,67,0
train_n100_m3_7,71,4,1
train_n100_m3_7,71,80,0
train_n100_m3_7,71,30,0
train_n100_m3_7,71,38,0
train_n100_m3_7,72,44,1
train_n100_m3_7,72,17,0
train_n100_m3_7,73,18,1
train_n100_m3_7,73,14,0
train_n100_m3_7,74,10,1
train_n100_m3_7,74,70,0
train_n100_m3_7,74,22,0
train_n100_m3_7,74,49,0
train_n100_m3_7,74,91,0
train_n100_m3_7,75,9,1
train_n100_m3_7,75,14,0
train_n100_m3_7,75,20,0
train_n100_m3_7,76,26,1
train_n100_m3_7,76,30,0
train_n100_m3_7,77,12,0
train_n100_m3_7,77,67,1
train_n100_m3_7,77,50,0
train_n100_m3_7,77,8,0
train_n100_m3_7,78,85,1
train_n100_m3_7,78,30,0
train_n100_m3_7,78,82,0
train_n100_m3_7,78,38,0
train_n100_m3_7,79,73,0
train_n100_m3_7,79,7,0
train_n100_m3_7,79,86,1
train_n100_m3_7,79,17,0
train_n100_m3_7,80,87,0
train_n100_m3_7,80,0,1
train_n100_m3_7,80,43,0
train_n100_m3_7,81,24,1
train_n100_m3_7,81,92,0
train_n100_m3_7,81,5,0
train_n100_m3_7,81,95,0
train_n100_m3_7,82,4,0
train_n100_m3_7,82,38,1
train_n100_m3_7,82,92,0
train_n100_m3_7,82,100,0
train_n100_m3_7,82,3,0
train_n100_m3_7,82,80,0
train_n100_m3_7,83,98,0
train_n100_m3_7,83,40,1
train_n100_m3_7,83,80,0
train_n100_m3_7,84,90,1
train_n100_m3_7,84,70,0
train_n100_m3_7,85,32,1
train_n100_m3_7,86,75,1
train_n100_m3_7,86,61,0
train_n100_m3_7,86,72,0
train_n100_m3_7,87,80,1
train_n100_m3_7,87,40,0
train_n100_m3_7,87,47,0
train_n100_m3_7,88,20,1
train_n100_m3_7,88,65,0
train_n100_m3_7,88,72,0
train_n100_m3_7,88,9,0
train_n100_m3_7,89,99,1
train_n100_m3_7,89,98,0
train_n100_m3_7,89,92,0
train_n100_m3_7,90,64,1
train_n100_m3_7,90,91,0
train_n100_m3_7,91,2,1
train_n100_m3_7,91,67,0
train_n100_m3_7,91,16,0
train_n100_m3_7,91,12,0
train_n100_m3_7,92,47,1
train_n100_m3_7,92,32,0
train_n100_m3_7,92,30,0
train_n100_m3_7,92,80,0
train_n100_m3_7,92,24,0
train_n100_m3_7,93,21,1
train_n100_m3_7,93,64,0
train_n100_m3_7,93,12,0
train_n100_m3_7,94,72,1
train_n100_m3_7,94,53,0
train_n100_m3_7,94,9,0
train_n100_m3_7,94,14,0
train_n100_m3_7,95,5,1
train_n100_m3_7,95,80,0
train_n100_m3_7,96,43,1
train_n100_m3_7,96,0,0
train_n100_m3_7,96,7,0
train_n100_m3_7,97,8,0
train_n100_m3_7,97,63,1
train_n100_m3_7,97,93,0
train_n100_m3_7,98,83,1
train_n100_m3_7,99,98,1
train_n100_m3_7,99,24,0
train_n100_m3_7,99,40,0
train_n100_m3_7,99,55,0
train_n100_m3_7,99,51,0
train_n100_m3_7,100,8,0
train_n100_m3_7,100,30,1
train_n100_m3_7,100,3,0
train_n100_m5_0,0,78,1
train_n100_m5_0,0,28,1
train_n100_m5_0,0,47,1
train_n100_m5_0,1,81,1
train_n100_m5_0,1,11,0
train_n100_m5_0,1,89,0
train_n100_m5_0,2,55,1
train_n100_m5_0,2,62,0
train_n100_m5_0,2,52,0
train_n100_m5_0,2,35,0
train_n100_m5_0,3,81,0
train_n100_m5_0,3,39,0
train_n100_m5_0,3,48,0
train_n100_m5_0,4,24,1
train_n100_m5_0,4,98,0
train_n100_m5_0,4,36,0
train_n100_m5_0,4,8,0
train_n100_m5_0,5,58,1
train_n100_m5_0,5,24,0
train_n100_m5_0,6,96,0
train_n100_m5_0,6,14,1
train_n100_m5_0,6,30,0
train_n100_m5_0,6,23,0
train_n100_m5_0,7,60,1
train_n100_m5_0,8,33,1
train_n100_m5_0,8,68,0
train_n100_m5_0,8,100,0
train_n100_m5_0,9,77,0
train_n100_m5_0,9,95,0
train_n100_m5_0,9,94,1
train_n100_m5_0,9,76,0
train_n100_m5_0,9,59,0
train_n100_m5_0,10,69,0
train_n100_m5_0,10,55,0
train_n100_m5_0,10,66,1
train_n100_m5_0,11,46,0
train_n100_m5_0,11,28,0
train_n100_m5_0,11,37,1
train_n100_m5_0,12,90,1
train_n100_m5_0,13,51,1
train_n100_m5_0,14,61,0
train_n100_m5_0,14,20,0
train_n100_m5_0,14,54,1
train_n100_m5_0,15,0,1
train_n100_m5_0,15,76,0
train_n100_m5_0,16,22,0
train_n100_m5_0,16,73,1
train_n100_m5_0,16,29,0
train_n100_m5_0,17,77,1
train_n100_m5_0,17,23,0
train_n100_m5_0,17,78,0
train_n100_m5_0,17,0,0
train_n100_m5_0,17,37,0
train_n100_m5_0,17,12,0
train_n100_m5_0,18,67,1
train_n100_m5_0,18,13,0
train_n100_m5_0,19,3,1
train_n100_m5_0,19,92,0
train_n100_m5_0,20,30,1
train_n100_m5_0,20,6,0
train_n100_m5_0,20,9,0
train_n100_m5_0,20,64,0
train_n100_m5_0,21,61,1
train_n100_m5_0,21,30,0
train_n100_m5_0,21,20,0
train_n100_m5_0,21,14,0
train_n100_m5_0,21,96,0
train_n100_m5_0,22,88,1
train_n100_m5_0,22,16,0
train_n100_m5_0,22,54,0
train_n100_m5_0,22,99,0
train_n100_m5_0,22,91,0
train_n100_m5_0,23,76,1
train_n100_m5_0,23,44,0
train_n100_m5_0,23,17,0
train_n100_m5_0,24,98,1
train_n100_m5_0,24,33,0
train_n100_m5_0,24,68,0
train_n100_m5_0,25,41,1
train_n100_m5_0,25,100,0
train_n100_m5_0,25,58,0
train_n100_m5_0,25,43,0
train_n100_m5_0,25,60,0
train_n100_m5_0,26,7,0
train_n100_m5_0,26,31,1
train_n100_m5_0,27,93,1
train_n100_m5_0,27,16,0
train_n100_m5_0,28,48,1
train_n100_m5_0,29,75,1
train_n100_m5_0,29,86,0
train_n100_m5_0,29,80,0
train_n100_m5_0,30,21,1
train_n100_m5_0,30,23,0
train_n100_m5_0,30,6,0
train_n100_m5_0,30,96,0
train_n100_m5_0,31,64,0
train_n100_m5_0,31,60,0
train_n100_m5_0,32,38,1
train_n100_m5_0,32,71,0
train_n100_m5_0,32,18,0
train_n100_m5_0,33,71,1
train_n100_m5_0,33,69,0
train_n100_m5_0,33,32,0
train_n100_m5_0,34,84,1
train_n100_m5_0,34,26,0
train_n100_m5_0,34,89,0
train_n100_m5_0,35,87,0
train_n100_m5_0,35,62,0
train_n100_m5_0,35,47,0
train_n100_m5_0,35,55,0
train_n100_m5_0,36,4,1
train_n100_m5_0,36,82,0
train_n100_m5_0,36,100,0
train_n100_m5_0,36,33,0
train_n100_m5_0,37,48,0
train_n100_m5_0,37,97,1
train_n100_m5_0,38,69,1
train_n100_m5_0,38,2,0
train_n100_m5_0,38,35,0
train_n100_m5_0,39,1,0
train_n100_m5_0,39,70,0
train_n100_m5_0,39,53,1
train_n100_m5_0,39,46,0
train_n100_m5_0,39,11,0
train_n100_m5_0,40,82,1
train_n100_m5_0,40,41,0
train_n100_m5_0,40,24,0
train_n100_m5_0,40,83,0
train_n100_m5_0,41,100,1
train_n100_m5_0,41,50,0
train_n100_m5_0,41,24,0
train_n100_m5_0,41,58,0
train_n100_m5_0,42,79,1
train_n100_m5_0,42,2,0
train_n100_m5_0,43,83,1
train_n100_m5_0,43,80,0
train_n100_m5_0,43,26,0
train_n100_m5_0,44,95,0
train_n100_m5_0,44,94,0
train_n100_m5_0,44,15,1
train_n100_m5_0,45,96,1
train_n100_m5_0,45,75,0
train_n100_m5_0,45,6,0
train_n100_m5_0,46,70,1
train_n100_m5_0,47,89,1
train_n100_m5_0,47,19,0
train_n100_m5_0,47,48,0
train_n100_m5_0,48,81,0
train_n100_m5_0,48,46,1
train_n100_m5_0,48,70,0
train_n100_m5_0,48,0,0
train_n100_m5_0,48,89,0
train_n100_m5_0,49,88,0
train_n100_m5_0,49,22,0
train_n100_m5_0,49,85,1
train_n100_m5_0,50,36,1
train_n100_m5_0,50,100,0
train_n100_m5_0,50,5,0
train_n100_m5_0,51,2,0
train_n100_m5_0,51,55,0
train_n100_m5_0,51,35,1
train_n100_m5_0,52,13,1
train_n100_m5_0,52,38,0
train_n100_m5_0,52,42,0
train_n100_m5_0,53,1,1
train_n100_m5_0,53,70,0
train_n100_m5_0,53,81,0
train_n100_m5_0,53,46,0
train_n100_m5_0,53,28,0
train_n100_m5_0,53,52,0
train_n100_m5_0,54,16,1
train_n100_m5_0,54,88,0
train_n100_m5_0,55,32,1
train_n100_m5_0,55,69,0
train_n100_m5_0,55,51,0
train_n100_m5_0,55,87,0
train_n100_m5_0,55,42,0
train_n100_m5_0,55,74,0
train_n100_m5_0,56,59,1
train_n100_m5_0,56,76,0
train_n100_m5_0,56,23,0
train_n100_m5_0,56,15,0
train_n100_m5_0,56,21,0
train_n100_m5_0,56,92,0
train_n100_m5_0,57,0,1
train_n100_m5_0,57,79,0
train_n100_m5_0,58,68,1
train_n100_m5_0,59,44,1
train_n100_m5_0,59,95,0
train_n100_m5_0,60,26,1
train_n100_m5_0,60,100,0
train_n100_m5_0,61,6,1
train_n100_m5_0,61,64,0
train_n100_m5_0,62,2,1
train_n100_m5_0,62,69,0
train_n100_m5_0,62,79,0
train_n100_m5_0,63,40,1
train_n100_m5_0,63,43,0
train_n100_m5_0,63,85,0
train_n100_m5_0,63,100,0
train_n100_m5_0,64,56,1
train_n100_m5_0,65,96,0
train_n100_m5_0,65,61,0
train_n100_m5_0,65,99,0
train_n100_m5_0,65,56,0
train_n100_m5_0,65,43,0
train_n100_m5_0,65,64,1
train_n100_m5_0,66,8,1
train_n100_m5_0,67,33,0
train_n100_m5_0,67,5,1
train_n100_m5_0,67,32,0
train_n100_m5_0,68,74,1
train_n100_m5_0,68,100,0
train_n100_m5_0,68,26,0
train_n100_m5_0,68,7,0
train_n100_m5_0,68,55,0
train_n100_m5_0,69,38,0
train_n100_m5_0,69,10,1
train_n100_m5_0,70,39,1
train_n100_m5_0,70,19,0
train_n100_m5_0,70,3,0
train_n100_m5_0,71,18,1
train_n100_m5_0,71,66,0
train_n100_m5_0,71,74,0
train_n100_m5_0,72,52,1
train_n100_m5_0,72,71,0
train_n100_m5_0,73,27,1
train_n100_m5_0,73,6,0
train_n100_m5_0,73,85,0
train_n100_m5_0,74,38,0
train_n100_m5_0,74,42,1
train_n100_m5_0,75,86,1
train_n100_m5_0,75,83,0
train_n100_m5_0,75,16,0
train_n100_m5_0,76,23,0
train_n100_m5_0,76,20,1
train_n100_m5_0,77,9,1
train_n100_m5_0,77,78,0
train_n100_m5_0,78,11,1
train_n100_m5_0,78,95,0
train_n100_m5_0,79,31,0
train_n100_m5_0,79,92,1
train_n100_m5_0,79,84,0
train_n100_m5_0,79,34,0
train_n100_m5_0,79,64,0
train_n100_m5_0,80,43,1
train_n100_m5_0,80,83,0
train_n100_m5_0,81,1,0
train_n100_m5_0,81,39,0
train_n100_m5_0,81,19,1
train_n100_m5_0,81,89,0
train_n100_m5_0,82,25,0
train_n100_m5_0,82,50,1
train_n100_m5_0,82,24,0
train_n100_m5_0,82,36,0
train_n100_m5_0,82,86,0
train_n100_m5_0,83,91,1
train_n100_m5_0,83,99,0
train_n100_m5_0,83,25,0
train_n100_m5_0,84,31,0
train_n100_m5_0,84,80,1
train_n100_m5_0,84,89,0
train_n100_m5_0,84,65,0
train_n100_m5_0,85,99,1
train_n100_m5_0,86,63,1
train_n100_m5_0,87,62,1
train_n100_m5_0,87,35,0
train_n100_m5_0,87,2,0
train_n100_m5_0,87,51,0
train_n100_m5_0,87,10,0
train_n100_m5_0,88,49,1
train_n100_m5_0,88,27,0
train_n100_m5_0,89,31,0
train_n100_m5_0,89,87,1
train_n100_m5_0,90,17,1
train_n100_m5_0,90,0,0
train_n100_m5_0,91,29,1
train_n100_m5_0,91,43,0
train_n100_m5_0,92,89,0
train_n100_m5_0,92,0,1
train_n100_m5_0,92,64,0
train_n100_m5_0,93,22,1
train_n100_m5_0,93,88,0
train_n100_m5_0,93,27,0
train_n100_m5_0,93,49,0
train_n100_m5_0,94,95,1
train_n100_m5_0,94,15,0
train_n100_m5_0,94,77,0
train_n100_m5_0,94,0,0
train_n100_m5_0,94,56,0
train_n100_m5_0,95,64,0
train_n100_m5_0,95,0,1
train_n100_m5_0,95,78,0
train_n100_m5_0,96,65,1
train_n100_m5_0,96,45,0
train_n100_m5_0,96,16,0
train_n100_m5_0,97,12,1
train_n100_m5_0,97,90,0
train_n100_m5_0,97,37,0
train_n100_m5_0,97,77,0
train_n100_m5_0,97,78,0
train_n100_m5_0,98,25,1
train_n100_m5_0,98,66,0
train_n100_m5_0,99,45,1
train_n100_m5_0,99,96,0
train_n100_m5_0,99,65,0
train_n100_m5_0,99,83,0
train_n100_m5_0,100,7,1
train_n100_m5_0,100,82,0
train_n100_m5_0,100,43,0
train_n100_m5_1,0,31,0
train_n100_m5_1,0,84,1
train_n100_m5_1,0,42,1
train_n100_m5_1,0,15,0
train_n100_m5_1,0,39,0
train_n100_m5_1,0,46,1
train_n100_m5_1,1,29,1
train_n100_m5_1,1,34,0
train_n100_m5_1,2,6,1
train_n100_m5_1,2,39,0
train_n100_m5_1,2,11,0
train_n100_m5_1,3,12,1
train_n100_m5_1,3,27,0
train_n100_m5_1,3,7,0
train_n100_m5_1,4,11,0
train_n100_m5_1,4,33,1
train_n100_m5_1,5,86,1
train_n100_m5_1,5,42,0
train_n100_m5_1,5,15,0
train_n100_m5_1,6,10,1
train_n100_m5_1,6,37,0
train_n100_m5_1,6,0,0
train_n100_m5_1,6,11,0
train_n100_m5_1,7,8,1
train_n100_m5_1,7,13,0
train_n100_m5_1,7,51,0
train_n100_m5_1,8,55,1
train_n100_m5_1,9,92,0
train_n100_m5_1,9,79,1
train_n100_m5_1,9,16,0
train_n100_m5_1,9,93,0
train_n100_m5_1,9,45,0
train_n100_m5_1,9,57,0
train_n100_m5_1,9,69,0
train_n100_m5_1,10,31,1
train_n100_m5_1,11,90,1
train_n100_m5_1,12,28,1
train_n100_m5_1,12,27,0
train_n100_m5_1,12,8,0
train_n100_m5_1,12,50,0
train_n100_m5_1,12,13,0
train_n100_m5_1,13,85,0
train_n100_m5_1,13,20,0
train_n100_m5_1,13,51,0
train_n100_m5_1,14,26,1
train_n100_m5_1,14,58,0
train_n100_m5_1,14,73,0
train_n100_m5_1,14,95,0
train_n100_m5_1,15,0,1
train_n100_m5_1,15,31,0
train_n100_m5_1,15,89,0
train_n100_m5_1,15,7,0
train_n100_m5_1,16,45,1
train_n100_m5_1,16,72,0
train_n100_m5_1,16,82,0
train_n100_m5_1,17,78,1
train_n100_m5_1,17,18,0
train_n100_m5_1,17,100,0
train_n100_m5_1,17,91,0
train_n100_m5_1,17,61,0
train_n100_m5_1,18,35,1
train_n100_m5_1,18,68,0
train_n100_m5_1,18,100,0
train_n100_m5_1,18,76,0
train_n100_m5_1,19,18,0
train_n100_m5_1,19,32,0
train_n100_m5_1,19,91,1
train_n100_m5_1,19,78,0
train_n100_m5_1,19,34,0
train_n100_m5_1,20,50,1
train_n100_m5_1,20,91,0
train_n100_m5_1,21,9,1
train_n100_m5_1,22,64,1
train_n100_m5_1,22,44,0
train_n100_m5_1,22,53,0
train_n100_m5_1,23,59,1
train_n100_m5_1,23,24,0
train_n100_m5_1,23,22,0
train_n100_m5_1,24,71,1
train_n100_m5_1,24,40,0
train_n100_m5_1,24,23,0
train_n100_m5_1,24,66,0
train_n100_m5_1,24,94,0
train_n100_m5_1,25,17,1
train_n100_m5_1,25,78,0
train_n100_m5_1,25,1,0
train_n100_m5_1,25,96,0
train_n100_m5_1,26,83,1
train_n100_m5_1,26,14,0
train_n100_m5_1,26,47,0
train_n100_m5_1,26,11,0
train_n100_m5_1,27,30,1
train_n100_m5_1,28,43,1
train_n100_m5_1,28,86,0
train_n100_m5_1,29,78,0
train_n100_m5_1,29,89,1
train_n100_m5_1,29,96,0
train_n100_m5_1,29,19,0
train_n100_m5_1,29,20,0
train_n100_m5_1,30,41,1
train_n100_m5_1,30,27,0
train_n100_m5_1,30,43,0
train_n100_m5_1,31,0,1
train_n100_m5_1,31,42,0
train_n100_m5_1,32,19,1
train_n100_m5_1,32,44,0
train_n100_m5_1,33,11,1
train_n100_m5_1,33,4,0
train_n100_m5_1,33,36,0
train_n100_m5_1,33,47,0
train_n100_m5_1,34,76,1
train_n100_m5_1,35,1,1
train_n100_m5_1,35,25,0
train_n100_m5_1,36,47,0
train_n100_m5_1,36,46,0
train_n100_m5_1,36,6,0
train_n100_m5_1,36,11,0
train_n100_m5_1,36,37,1
train_n100_m5_1,36,65,0
train_n100_m5_1,37,0,1
train_n100_m5_1,38,4,1
train_n100_m5_1,38,14,0
train_n100_m5_1,38,10,0
train_n100_m5_1,39,99,1
train_n100_m5_1,39,10,0
train_n100_m5_1,39,31,0
train_n100_m5_1,39,51,0
train_n100_m5_1,39,15,0
train_n100_m5_1,40,24,1
train_n100_m5_1,40,53,0
train_n100_m5_1,40,49,0
train_n100_m5_1,41,32,1
train_n100_m5_1,41,27,0
train_n100_m5_1,41,34,0
train_n100_m5_1,42,51,1
train_n100_m5_1,42,84,0
train_n100_m5_1,43,27,1
train_n100_m5_1,43,100,0
train_n100_m5_1,43,19,0
train_n100_m5_1,43,41,0
train_n100_m5_1,43,86,0
train_n100_m5_1,44,68,1
train_n100_m5_1,44,32,0
train_n100_m5_1,44,19,0
train_n100_m5_1,44,76,0
train_n100_m5_1,44,40,0
train_n100_m5_1,44,24,0
train_n100_m5_1,45,62,1
train_n100_m5_1,45,82,0
train_n100_m5_1,46,47,1
train_n100_m5_1,46,83,0
train_n100_m5_1,46,26,0
train_n100_m5_1,47,63,1
train_n100_m5_1,47,26,0
train_n100_m5_1,48,73,1
train_n100_m5_1,49,24,0
train_n100_m5_1,49,71,0
train_n100_m5_1,49,57,0
train_n100_m5_1,49,98,1
train_n100_m5_1,49,64,0
train_n100_m5_1,50,56,1
train_n100_m5_1,50,20,0
train_n100_m5_1,50,100,0
train_n100_m5_1,50,3,0
train_n100_m5_1,50,15,0
train_n100_m5_1,51,7,1
train_n100_m5_1,52,97,0
train_n100_m5_1,52,22,1
train_n100_m5_1,52,76,0
train_n100_m5_1,53,23,1
train_n100_m5_1,53,66,0
train_n100_m5_1,53,81,0
train_n100_m5_1,54,0,1
train_n100_m5_1,55,8,0
train_n100_m5_1,55,13,0
train_n100_m5_1,55,85,1
train_n100_m5_1,56,13,1
train_n100_m5_1,56,20,0
train_n100_m5_1,56,100,0
train_n100_m5_1,57,69,0
train_n100_m5_1,57,93,1
train_n100_m5_1,57,71,0
train_n100_m5_1,57,76,0
train_n100_m5_1,58,14,1
train_n100_m5_1,58,38,0
train_n100_m5_1,59,81,1
train_n100_m5_1,59,93,0
train_n100_m5_1,60,21,0
train_n100_m5_1,60,61,0
train_n100_m5_1,60,75,1
train_n100_m5_1,60,53,0
train_n100_m5_1,61,96,1
train_n100_m5_1,61,1,0
train_n100_m5_1,62,72,1
train_n100_m5_1,63,95,1
train_n100_m5_1,63,26,0
train_n100_m5_1,64,87,1
train_n100_m5_1,64,76,0
train_n100_m5_1,64,68,0
train_n100_m5_1,65,25,0
train_n100_m5_1,65,61,1
train_n100_m5_1,65,15,0
train_n100_m5_1,66,94,0
train_n100_m5_1,66,53,1
train_n100_m5_1,66,1,0
train_n100_m5_1,67,80,1
train_n100_m5_1,67,90,0
train_n100_m5_1,67,4,0
train_n100_m5_1,67,10,0
train_n100_m5_1,67,11,0
train_n100_m5_1,67,84,0
train_n100_m5_1,68,30,0
train_n100_m5_1,68,18,1
train_n100_m5_1,69,57,1
train_n100_m5_1,70,88,1
train_n100_m5_1,70,73,0
train_n100_m5_1,71,24,0
train_n100_m5_1,71,49,1
train_n100_m5_1,72,16,0
train_n100_m5_1,72,70,1
train_n100_m5_1,72,9,0
train_n100_m5_1,72,21,0
train_n100_m5_1,72,60,0
train_n100_m5_1,72,48,0
train_n100_m5_1,73,48,0
train_n100_m5_1,73,58,1
train_n100_m5_1,73,95,0
train_n100_m5_1,73,11,0
train_n100_m5_1,73,88,0
train_n100_m5_1,74,25,1
train_n100_m5_1,74,100,0
train_n100_m5_1,75,74,0
train_n100_m5_1,75,54,1
train_n100_m5_1,75,25,0
train_n100_m5_1,75,47,0
train_n100_m5_1,76,40,1
train_n100_m5_1,76,66,0
train_n100_m5_1,76,23,0
train_n100_m5_1,77,2,1
train_n100_m5_1,78,17,0
train_n100_m5_1,78,1,0
train_n100_m5_1,78,35,0
train_n100_m5_1,78,34,1
train_n100_m5_1,78,18,0
train_n100_m5_1,79,16,1
train_n100_m5_1,79,9,0
train_n100_m5_1,79,72,0
train_n100_m5_1,79,21,0
train_n100_m5_1,79,82,0
train_n100_m5_1,80,38,1
train_n100_m5_1,80,67,0
train_n100_m5_1,80,77,0
train_n100_m5_1,81,69,1
train_n100_m5_1,81,53,0
train_n100_m5_1,81,9,0
train_n100_m5_1,81,94,0
train_n100_m5_1,82,48,1
train_n100_m5_1,83,36,1
train_n100_m5_1,84,37,0
train_n100_m5_1,84,39,1
train_n100_m5_1,85,5,1
train_n100_m5_1,85,55,0
train_n100_m5_1,85,89,0
train_n100_m5_1,86,3,1
train_n100_m5_1,86,28,0
train_n100_m5_1,86,20,0
train_n100_m5_1,86,13,0
train_n100_m5_1,86,27,0
train_n100_m5_1,86,51,0
train_n100_m5_1,87,44,1
train_n100_m5_1,87,34,0
train_n100_m5_1,88,82,1
train_n100_m5_1,88,72,0
train_n100_m5_1,88,60,0
train_n100_m5_1,89,15,1
train_n100_m5_1,90,80,0
train_n100_m5_1,90,77,1
train_n100_m5_1,90,11,0
train_n100_m5_1,90,36,0
train_n100_m5_1,91,100,1
train_n100_m5_1,91,43,0
train_n100_m5_1,92,60,1
train_n100_m5_1,92,79,0
train_n100_m5_1,92,57,0
train_n100_m5_1,92,96,0
train_n100_m5_1,93,92,1
train_n100_m5_1,93,57,0
train_n100_m5_1,93,60,0
train_n100_m5_1,93,81,0
train_n100_m5_1,93,9,0
train_n100_m5_1,93,53,0
train_n100_m5_1,94,66,1
train_n100_m5_1,94,96,0
train_n100_m5_1,94,57,0
train_n100_m5_1,95,26,0
train_n100_m5_1,95,21,1
train_n100_m5_1,95,47,0
train_n100_m5_1,95,75,0
train_n100_m5_1,96,94,1
train_n100_m5_1,96,74,0
train_n100_m5_1,97,52,1
train_n100_m5_1,97,49,0
train_n100_m5_1,97,76,0
train_n100_m5_1,98,97,1
train_n100_m5_1,98,64,0
train_n100_m5_1,98,76,0
train_n100_m5_1,99,67,1
train_n100_m5_1,99,37,0
train_n100_m5_1,100,20,1
train_n100_m5_1,100,35,0
train_n100_m5_1,100,50,0
train_n100_m5_1,100,56,0
train_n100_m5_2,0,6,1
train_n100_m5_2,0,72,1
train_n100_m5_2,0,35,1
train_n100_m5_2,0,10,0
train_n100_m5_2,0,15,0
train_n100_m5_2,0,86,1
train_n100_m5_2,1,60,1
train_n100_m5_2,1,74,0
train_n100_m5_2,1,10,0
train_n100_m5_2,1,50,0
train_n100_m5_2,1,0,0
train_n100_m5_2,2,34,1
train_n100_m5_2,2,19,0
train_n100_m5_2,2,85,0
train_n100_m5_2,3,51,1
train_n100_m5_2,3,77,0
train_n100_m5_2,3,45,0
train_n100_m5_2,4,0,1
train_n100_m5_2,5,22,1
train_n100_m5_2,5,71,0
train_n100_m5_2,6,30,1
train_n100_m5_2,6,13,0
train_n100_m5_2,7,74,1
train_n100_m5_2,7,1,0
train_n100_m5_2,7,60,0
train_n100_m5_2,7,50,0
train_n100_m5_2,7,15,0
train_n100_m5_2,8,44,1
train_n100_m5_2,8,2,0
train_n100_m5_2,8,47,0
train_n100_m5_2,8,18,0
train_n100_m5_2,9,12,1
train_n100_m5_2,9,91,0
train_n100_m5_2,9,89,0
train_n100_m5_2,10,63,1
train_n100_m5_2,10,39,0
train_n100_m5_2,10,7,0
train_n100_m5_2,10,50,0
train_n100_m5_2,10,84,0
train_n100_m5_2,11,59,1
train_n100_m5_2,11,7,0
train_n100_m5_2,11,39,0
train_n100_m5_2,11,93,0
train_n100_m5_2,12,29,1
train_n100_m5_2,12,32,0
train_n100_m5_2,12,54,0
train_n100_m5_2,12,46,0
train_n100_m5_2,13,47,1
train_n100_m5_2,13,98,0
train_n100_m5_2,14,2,1
train_n100_m5_2,14,45,0
train_n100_m5_2,14,8,0
train_n100_m5_2,14,34,0
train_n100_m5_2,14,51,0
train_n100_m5_2,15,68,1
train_n100_m5_2,15,6,0
train_n100_m5_2,15,74,0
train_n100_m5_2,16,64,0
train_n100_m5_2,16,66,1
train_n100_m5_2,16,67,0
train_n100_m5_2,17,76,1
train_n100_m5_2,17,99,0
train_n100_m5_2,17,62,0
train_n100_m5_2,17,22,0
train_n100_m5_2,18,3,1
train_n100_m5_2,18,81,0
train_n100_m5_2,18,93,0
train_n100_m5_2,19,85,1
train_n100_m5_2,20,77,1
train_n100_m5_2,20,87,0
train_n100_m5_2,20,98,0
train_n100_m5_2,20,18,0
train_n100_m5_2,20,35,0
train_n100_m5_2,21,89,0
train_n100_m5_2,21,73,1
train_n100_m5_2,22,48,1
train_n100_m5_2,22,99,0
train_n100_m5_2,23,98,0
train_n100_m5_2,23,36,0
train_n100_m5_2,23,20,1
train_n100_m5_2,23,19,0
train_n100_m5_2,24,26,1
train_n100_m5_2,24,66,0
train_n100_m5_2,24,83,0
train_n100_m5_2,24,71,0
train_n100_m5_2,24,67,0
train_n100_m5_2,25,31,1
train_n100_m5_2,25,41,0
train_n100_m5_2,26,16,1
train_n100_m5_2,26,17,0
train_n100_m5_2,27,0,1
train_n100_m5_2,27,35,0
train_n100_m5_2,27,98,0
train_n100_m5_2,28,80,1
train_n100_m5_2,28,55,0
train_n100_m5_2,28,12,0
train_n100_m5_2,29,12,0
train_n100_m5_2,29,32,1
train_n100_m5_2,29,42,0
train_n100_m5_2,29,92,0
train_n100_m5_2,30,21,1
train_n100_m5_2,30,89,0
train_n100_m5_2,30,87,0
train_n100_m5_2,31,41,0
train_n100_m5_2,32,70,1
train_n100_m5_2,32,46,0
train_n100_m5_2,32,9,0
train_n100_m5_2,33,81,0
train_n100_m5_2,34,19,1
train_n100_m5_2,34,23,0
train_n100_m5_2,34,79,0
train_n100_m5_2,34,98,0
train_n100_m5_2,35,13,1
train_n100_m5_2,35,27,0
train_n100_m5_2,36,61,0
train_n100_m5_2,36,38,1
train_n100_m5_2,36,19,0
train_n100_m5_2,36,100,0
train_n100_m5_2,37,1,0
train_n100_m5_2,37,84,1
train_n100_m5_2,37,50,0
train_n100_m5_2,38,23,1
train_n100_m5_2,38,8,0
train_n100_m5_2,38,96,0
train_n100_m5_2,39,1,1
train_n100_m5_2,39,74,0
train_n100_m5_2,39,7,0
train_n100_m5_2,39,10,0
train_n100_m5_2,39,33,0
train_n100_m5_2,40,21,0
train_n100_m5_2,40,55,0
train_n100_m5_2,40,27,1
train_n100_m5_2,40,41,0
train_n100_m5_2,40,100,0
train_n100_m5_2,41,97,0
train_n100_m5_2,41,55,1
train_n100_m5_2,41,56,0
train_n100_m5_2,42,89,1
train_n100_m5_2,42,6,0
train_n100_m5_2,43,69,1
train_n100_m5_2,43,79,0
train_n100_m5_2,44,75,1
train_n100_m5_2,44,18,0
train_n100_m5_2,45,14,1
train_n100_m5_2,45,8,0
train_n100_m5_2,45,51,0
train_n100_m5_2,46,50,1
train_n100_m5_2,47,20,0
train_n100_m5_2,47,18,1
train_n100_m5_2,47,87,0
train_n100_m5_2,47,4,0
train_n100_m5_2,48,62,1
train_n100_m5_2,48,67,0
train_n100_m5_2,48,94,0
train_n100_m5_2,49,62,0
train_n100_m5_2,49,5,0
train_n100_m5_2,49,17,0
train_n100_m5_2,49,67,1
train_n100_m5_2,50,32,0
train_n100_m5_2,50,15,1
train_n100_m5_2,50,74,0
train_n100_m5_2,50,59,0
train_n100_m5_2,50,1,0
train_n100_m5_2,51,3,0
train_n100_m5_2,51,96,1
train_n100_m5_2,51,8,0
train_n100_m5_2,52,98,1
train_n100_m5_2,52,72,0
train_n100_m5_2,53,12,0
train_n100_m5_2,53,54,1
train_n100_m5_2,54,92,1
train_n100_m5_2,54,53,0
train_n100_m5_2,54,57,0
train_n100_m5_2,54,73,0
train_n100_m5_2,54,32,0
train_n100_m5_2,55,40,1
train_n100_m5_2,55,21,0
train_n100_m5_2,55,56,0
train_n100_m5_2,55,80,0
train_n100_m5_2,56,88,1
train_n100_m5_2,56,89,0
train_n100_m5_2,57,91,1
train_n100_m5_2,57,92,0
train_n100_m5_2,58,45,1
train_n100_m5_2,58,14,0
train_n100_m5_2,58,2,0
train_n100_m5_2,58,44,0
train_n100_m5_2,58,51,0
train_n100_m5_2,58,18,0
train_n100_m5_2,59,7,1
train_n100_m5_2,60,10,1
train_n100_m5_2,60,1,0
train_n100_m5_2,60,6,0
train_n100_m5_2,61,36,1
train_n100_m5_2,61,38,0
train_n100_m5_2,61,19,0
train_n100_m5_2,61,85,0
train_n100_m5_2,61,100,0
train_n100_m5_2,62,22,0
train_n100_m5_2,62,49,1
train_n100_m5_2,62,79,0
train_n100_m5_2,63,10,0
train_n100_m5_2,63,0,1
train_n100_m5_2,63,15,0
train_n100_m5_2,63,27,0
train_n100_m5_2,63,72,0
train_n100_m5_2,64,82,1
train_n100_m5_2,64,78,0
train_n100_m5_2,64,97,0
train_n100_m5_2,65,70,0
train_n100_m5_2,65,46,1
train_n100_m5_2,65,29,0
train_n100_m5_2,65,28,0
train_n100_m5_2,66,78,1
train_n100_m5_2,66,67,0
train_n100_m5_2,66,83,0
train_n100_m5_2,66,49,0
train_n100_m5_2,67,94,1
train_n100_m5_2,67,49,0
train_n100_m5_2,68,0,1
train_n100_m5_2,68,39,0
train_n100_m5_2,69,25,1
train_n100_m5_2,69,36,0
train_n100_m5_2,70,32,0
train_n100_m5_2,70,65,1
train_n100_m5_2,70,29,0
train_n100_m5_2,70,9,0
train_n100_m5_2,71,99,1
train_n100_m5_2,71,76,0
train_n100_m5_2,71,67,0
train_n100_m5_2,71,5,0
train_n100_m5_2,72,4,0
train_n100_m5_2,72,52,1
train_n100_m5_2,73,56,0
train_n100_m5_2,73,21,0
train_n100_m5_2,73,95,1
train_n100_m5_2,73,57,0
train_n100_m5_2,74,39,1
train_n100_m5_2,74,11,0
train_n100_m5_2,74,15,0
train_n100_m5_2,75,58,1
train_n100_m5_2,76,43,1
train_n100_m5_2,76,49,0
train_n100_m5_2,76,17,0
train_n100_m5_2,77,87,1
train_n100_m5_2,77,4,0
train_n100_m5_2,78,16,0
train_n100_m5_2,78,94,0
train_n100_m5_2,78,83,1
train_n100_m5_2,78,71,0
train_n100_m5_2,78,67,0
train_n100_m5_2,79,90,1
train_n100_m5_2,79,31,0
train_n100_m5_2,79,61,0
train_n100_m5_2,80,28,0
train_n100_m5_2,80,57,1
train_n100_m5_2,80,73,0
train_n100_m5_2,80,30,0
train_n100_m5_2,81,93,1
train_n100_m5_2,81,33,0
train_n100_m5_2,81,18,0
train_n100_m5_2,81,35,0
train_n100_m5_2,81,20,0
train_n100_m5_2,81,27,0
train_n100_m5_2,82,24,1
train_n100_m5_2,82,71,0
train_n100_m5_2,83,71,1
train_n100_m5_2,83,43,0
train_n100_m5_2,84,11,1
train_n100_m5_2,84,39,0
train_n100_m5_2,85,61,1
train_n100_m5_2,85,22,0
train_n100_m5_2,86,81,1
train_n100_m5_2,86,93,0
train_n100_m5_2,86,13,0
train_n100_m5_2,86,47,0
train_n100_m5_2,87,47,0
train_n100_m5_2,87,0,1
train_n100_m5_2,88,97,1
train_n100_m5_2,88,56,0
train_n100_m5_2,89,28,1
train_n100_m5_2,89,57,0
train_n100_m5_2,89,53,0
train_n100_m5_2,89,55,0
train_n100_m5_2,90,5,1
train_n100_m5_2,90,25,0
train_n100_m5_2,90,36,0
train_n100_m5_2,90,31,0
train_n100_m5_2,91,53,1
train_n100_m5_2,92,54,0
train_n100_m5_2,92,9,1
train_n100_m5_2,92,70,0
train_n100_m5_2,93,33,1
train_n100_m5_2,93,18,0
train_n100_m5_2,94,78,0
train_n100_m5_2,94,17,1
train_n100_m5_2,95,56,1
train_n100_m5_2,95,92,0
train_n100_m5_2,95,53,0
train_n100_m5_2,95,64,0
train_n100_m5_2,96,8,1
train_n100_m5_2,97,64,1
train_n100_m5_2,97,76,0
train_n100_m5_2,98,100,1
train_n100_m5_2,98,72,0
train_n100_m5_2,98,38,0
train_n100_m5_2,99,41,1
train_n100_m5_2,99,90,0
train_n100_m5_2,100,79,1
train_n100_m5_2,100,25,0
train_n100_m5_2,100,31,0
train_n100_m5_2,100,61,0
train_n100_m5_3,0,18,1
train_n100_m5_3,0,91,1
train_n100_m5_3,0,34,0
train_n100_m5_3,0,4,1
train_n100_m5_3,1,74,0
train_n100_m5_3,2,35,0
train_n100_m5_3,2,82,1
train_n100_m5_3,2,15,0
train_n100_m5_3,2,97,0
train_n100_m5_3,2,53,0
train_n100_m5_3,3,97,1
train_n100_m5_3,3,55,0
train_n100_m5_3,3,15,0
train_n100_m5_3,3,35,0
train_n100_m5_3,4,79,1
train_n100_m5_3,4,32,0
train_n100_m5_3,4,86,0
train_n100_m5_3,5,73,1
train_n100_m5_3,5,87,0
train_n100_m5_3,5,42,0
train_n100_m5_3,5,83,0
train_n100_m5_3,6,100,0
train_n100_m5_3,6,76,0
train_n100_m5_3,6,21,1
train_n100_m5_3,6,39,0
train_n100_m5_3,6,85,0
train_n100_m5_3,6,72,0
train_n100_m5_3,6,19,0
train_n100_m5_3,7,49,1
train_n100_m5_3,7,70,0
train_n100_m5_3,7,31,0
train_n100_m5_3,8,67,1
train_n100_m5_3,9,7,1
train_n100_m5_3,9,84,0
train_n100_m5_3,9,75,0
train_n100_m5_3,10,65,0
train_n100_m5_3,10,29,1
train_n100_m5_3,11,28,1
train_n100_m5_3,11,13,0
train_n100_m5_3,11,82,0
train_n100_m5_3,11,99,0
train_n100_m5_3,12,8,1
train_n100_m5_3,13,83,1
train_n100_m5_3,14,77,1
train_n100_m5_3,14,3,0
train_n100_m5_3,14,95,0
train_n100_m5_3,14,65,0
train_n100_m5_3,15,35,1
train_n100_m5_3,15,97,0
train_n100_m5_3,16,20,1
train_n100_m5_3,16,12,0
train_n100_m5_3,16,61,0
train_n100_m5_3,17,0,1
train_n100_m5_3,17,18,0
train_n100_m5_3,17,50,0
train_n100_m5_3,17,86,0
train_n100_m5_3,18,34,1
train_n100_m5_3,19,21,0
train_n100_m5_3,19,79,0
train_n100_m5_3,19,6,0
train_n100_m5_3,19,0,1
train_n100_m5_3,19,17,0
train_n100_m5_3,20,44,1
train_n100_m5_3,20,12,0
train_n100_m5_3,20,16,0
train_n100_m5_3,22,68,1
train_n100_m5_3,22,26,0
train_n100_m5_3,22,45,0
train_n100_m5_3,23,53,1
train_n100_m5_3,23,95,0
train_n100_m5_3,24,65,0
train_n100_m5_3,24,90,1
train_n100_m5_3,24,27,0
train_n100_m5_3,25,95,1
train_n100_m5_3,25,47,0
train_n100_m5_3,25,15,0
train_n100_m5_3,25,77,0
train_n100_m5_3,25,35,0
train_n100_m5_3,26,45,1
train_n100_m5_3,27,94,1
train_n100_m5_3,27,39,0
train_n100_m5_3,28,97,0
train_n100_m5_3,28,99,1
train_n100_m5_3,28,55,0
train_n100_m5_3,29,40,1
train_n100_m5_3,29,58,0
train_n100_m5_3,30,63,1
train_n100_m5_3,31,39,1
train_n100_m5_3,31,76,0
train_n100_m5_3,31,94,0
train_n100_m5_3,31,7,0
train_n100_m5_3,32,6,1
train_n100_m5_3,33,59,1
train_n100_m5_3,33,93,0
train_n100_m5_3,33,73,0
train_n100_m5_3,34,41,1
train_n100_m5_3,34,80,0
train_n100_m5_3,35,2,1
train_n100_m5_3,35,97,0
train_n100_m5_3,35,42,0
train_n100_m5_3,35,53,0
train_n100_m5_3,36,17,1
train_n100_m5_3,36,46,0
train_n100_m5_3,36,59,0
train_n100_m5_3,37,10,1
train_n100_m5_3,37,26,0
train_n100_m5_3,37,23,0
train_n100_m5_3,37,58,0
train_n100_m5_3,38,5,1
train_n100_m5_3,38,97,0
train_n100_m5_3,38,3,0
train_n100_m5_3,38,15,0
train_n100_m5_3,39,76,1
train_n100_m5_3,39,58,0
train_n100_m5_3,39,74,0
train_n100_m5_3,39,94,0
train_n100_m5_3,39,29,0
train_n100_m5_3,40,58,1
train_n100_m5_3,40,24,0
train_n100_m5_3,41,56,1
train_n100_m5_3,41,92,0
train_n100_m5_3,41,34,0
train_n100_m5_3,41,4,0
train_n100_m5_3,42,47,1
train_n100_m5_3,42,55,0
train_n100_m5_3,43,78,0
train_n100_m5_3,44,12,1
train_n100_m5_3,45,26,0
train_n100_m5_3,45,22,1
train_n100_m5_3,46,48,1
train_n100_m5_3,46,91,0
train_n100_m5_3,46,59,0
train_n100_m5_3,47,87,0
train_n100_m5_3,47,93,1
train_n100_m5_3,47,99,0
train_n100_m5_3,47,73,0
train_n100_m5_3,48,46,0
train_n100_m5_3,48,78,0
train_n100_m5_3,48,36,1
train_n100_m5_3,48,17,0
train_n100_m5_3,48,93,0
train_n100_m5_3,49,74,0
train_n100_m5_3,49,75,0
train_n100_m5_3,49,7,0
train_n100_m5_3,49,57,1
train_n100_m5_3,50,46,0
train_n100_m5_3,50,0,1
train_n100_m5_3,50,30,0
train_n100_m5_3,51,30,1
train_n100_m5_3,52,85,0
train_n100_m5_3,52,25,1
train_n100_m5_3,53,29,0
train_n100_m5_3,53,85,1
train_n100_m5_3,54,37,1
train_n100_m5_3,55,3,1
train_n100_m5_3,55,15,0
train_n100_m5_3,55,83,0
train_n100_m5_3,55,38,0
train_n100_m5_3,56,66,1
train_n100_m5_3,56,20,0
train_n100_m5_3,56,44,0
train_n100_m5_3,57,88,1
train_n100_m5_3,57,74,0
train_n100_m5_3,58,31,1
train_n100_m5_3,58,76,0
train_n100_m5_3,59,78,1
train_n100_m5_3,59,46,0
train_n100_m5_3,59,63,0
train_n100_m5_3,59,93,0
train_n100_m5_3,59,86,0
train_n100_m5_3,59,33,0
train_n100_m5_3,60,43,1
train_n100_m5_3,60,64,0
train_n100_m5_3,60,63,0
train_n100_m5_3,61,70,1
train_n100_m5_3,61,12,0
train_n100_m5_3,62,54,1
train_n100_m5_3,62,31,0
train_n100_m5_3,62,29,0
train_n100_m5_3,62,58,0
train_n100_m5_3,63,87,1
train_n100_m5_3,63,43,0
train_n100_m5_3,64,32,1
train_n100_m5_3,64,94,0
train_n100_m5_3,64,53,0
train_n100_m5_3,64,96,0
train_n100_m5_3,65,24,1
train_n100_m5_3,65,68,0
train_n100_m5_3,65,26,0
train_n100_m5_3,66,92,1
train_n100_m5_3,66,16,0
train_n100_m5_3,66,44,0
train_n100_m5_3,67,8,0
train_n100_m5_3,67,81,1
train_n100_m5_3,67,20,0
train_n100_m5_3,67,9,0
train_n100_m5_3,67,69,0
train_n100_m5_3,68,90,0
train_n100_m5_3,68,65,0
train_n100_m5_3,68,77,0
train_n100_m5_3,68,14,1
train_n100_m5_3,68,94,0
train_n100_m5_3,69,16,1
train_n100_m5_3,69,70,0
train_n100_m5_3,70,80,1
train_n100_m5_3,70,98,0
train_n100_m5_3,70,67,0
train_n100_m5_3,70,1,0
train_n100_m5_3,70,9,0
train_n100_m5_3,70,20,0
train_n100_m5_3,70,12,0
train_n100_m5_3,71,93,0
train_n100_m5_3,72,89,1
train_n100_m5_3,72,70,0
train_n100_m5_3,72,1,0
train_n100_m5_3,72,58,0
train_n100_m5_3,73,11,1
train_n100_m5_3,73,42,0
train_n100_m5_3,74,9,1
train_n100_m5_3,74,89,0
train_n100_m5_3,74,7,0
train_n100_m5_3,74,58,0
train_n100_m5_3,75,57,0
train_n100_m5_3,75,62,1
train_n100_m5_3,75,7,0
train_n100_m5_3,75,9,0
train_n100_m5_3,75,74,0
train_n100_m5_3,75,98,0
train_n100_m5_3,76,64,1
train_n100_m5_3,76,27,0
train_n100_m5_3,76,85,0
train_n100_m5_3,77,23,1
train_n100_m5_3,77,14,0
train_n100_m5_3,77,53,0
train_n100_m5_3,77,2,0
train_n100_m5_3,77,95,0
train_n100_m5_3,78,46,1
train_n100_m5_3,79,71,0
train_n100_m5_3,79,96,1
train_n100_m5_3,80,1,1
train_n100_m5_3,80,70,0
train_n100_m5_3,80,61,0
train_n100_m5_3,80,89,0
train_n100_m5_3,81,84,1
train_n100_m5_3,81,67,0
train_n100_m5_3,81,7,0
train_n100_m5_3,81,70,0
train_n100_m5_3,81,74,0
train_n100_m5_3,82,55,1
train_n100_m5_3,82,97,0
train_n100_m5_3,82,77,0
train_n100_m5_3,83,42,1
train_n100_m5_3,83,3,0
train_n100_m5_3,83,47,0
train_n100_m5_3,84,61,1
train_n100_m5_3,84,74,0
train_n100_m5_3,84,44,0
train_n100_m5_3,85,60,1
train_n100_m5_3,85,42,0
train_n100_m5_3,85,47,0
train_n100_m5_3,86,50,1
train_n100_m5_3,86,46,0
train_n100_m5_3,86,91,0
train_n100_m5_3,86,30,0
train_n100_m5_3,86,71,0
train_n100_m5_3,87,99,0
train_n100_m5_3,87,52,0
train_n100_m5_3,87,38,1
train_n100_m5_3,88,75,1
train_n100_m5_3,88,40,0
train_n100_m5_3,88,58,0
train_n100_m5_3,88,84,0
train_n100_m5_3,89,98,1
train_n100_m5_3,89,31,0
train_n100_m5_3,89,84,0
train_n100_m5_3,90,26,1
train_n100_m5_3,90,40,0
train_n100_m5_3,91,36,0
train_n100_m5_3,91,51,1
train_n100_m5_3,92,56,0
train_n100_m5_3,92,69,1
train_n100_m5_3,92,41,0
train_n100_m5_3,92,16,0
train_n100_m5_3,93,99,0
train_n100_m5_3,93,86,1
train_n100_m5_3,94,23,0
train_n100_m5_3,94,65,1
train_n100_m5_3,94,39,0
train_n100_m5_3,94,68,0
train_n100_m5_3,95,15,1
train_n100_m5_3,95,82,0
train_n100_m5_3,96,72,1
train_n100_m5_3,96,70,0
train_n100_m5_3,96,61,0
train_n100_m5_3,96,6,0
train_n100_m5_3,96,76,0
train_n100_m5_3,97,13,1
train_n100_m5_3,97,15,0
train_n100_m5_3,97,5,0
train_n100_m5_3,98,74,1
train_n100_m5_3,98,39,0
train_n100_m5_3,99,33,1
train_n100_m5_3,99,87,0
train_n100_m5_3,99,47,0
train_n100_m5_3,99,59,0
train_n100_m5_3,99,28,0
train_n100_m5_3,100,71,1
train_n100_m5_3,100,86,0
train_n100_m5_3,100,85,0
train_n100_m5_4,0,99,1
train_n100_m5_4,0,60,1
train_n100_m5_4,0,14,1
train_n100_m5_4,1,23,0
train_n100_m5_4,1,15,1
train_n100_m5_4,1,76,0
train_n100_m5_4,2,46,0
train_n100_m5_4,2,6,1
train_n100_m5_4,2,67,0
train_n100_m5_4,3,10,1
train_n100_m5_4,3,72,0
train_n100_m5_4,3,1,0
train_n100_m5_4,4,75,0
train_n100_m5_4,4,35,1
train_n100_m5_4,4,71,0
train_n100_m5_4,4,27,0
train_n100_m5_4,4,6,0
train_n100_m5_4,4,88,0
train_n100_m5_4,4,36,0
train_n100_m5_4,5,51,0
train_n100_m5_4,5,80,1
train_n100_m5_4,5,12,0
train_n100_m5_4,6,4,1
train_n100_m5_4,6,58,0
train_n100_m5_4,7,43,1
train_n100_m5_4,7,94,0
train_n100_m5_4,7,91,0
train_n100_m5_4,7,4,0
train_n100_m5_4,7,8,0
train_n100_m5_4,8,89,0
train_n100_m5_4,8,52,1
train_n100_m5_4,8,46,0
train_n100_m5_4,8,91,0
train_n100_m5_4,8,58,0
train_n100_m5_4,8,69,0
train_n100_m5_4,9,67,1
train_n100_m5_4,9,58,0
train_n100_m5_4,10,72,1
train_n100_m5_4,10,59,0
train_n100_m5_4,11,95,1
train_n100_m5_4,11,32,0
train_n100_m5_4,12,26,1
train_n100_m5_4,12,56,0
train_n100_m5_4,13,0,1
train_n100_m5_4,14,25,1
train_n100_m5_4,14,46,0
train_n100_m5_4,15,20,0
train_n100_m5_4,15,51,1
train_n100_m5_4,15,59,0
train_n100_m5_4,15,48,0
train_n100_m5_4,16,29,1
train_n100_m5_4,16,42,0
train_n100_m5_4,17,98,0
train_n100_m5_4,17,76,1
train_n100_m5_4,17,10,0
train_n100_m5_4,17,72,0
train_n100_m5_4,18,77,1
train_n100_m5_4,18,80,0
train_n100_m5_4,18,2,0
train_n100_m5_4,18,13,0
train_n100_m5_4,19,98,1
train_n100_m5_4,19,10,0
train_n100_m5_4,20,23,1
train_n100_m5_4,20,15,0
train_n100_m5_4,20,40,0
train_n100_m5_4,20,74,0
train_n100_m5_4,21,98,0
train_n100_m5_4,21,3,1
train_n100_m5_4,21,19,0
train_n100_m5_4,21,76,0
train_n100_m5_4,22,49,1
train_n100_m5_4,22,78,0
train_n100_m5_4,23,1,0
train_n100_m5_4,23,59,1
train_n100_m5_4,23,82,0
train_n100_m5_4,23,10,0
train_n100_m5_4,24,72,0
train_n100_m5_4,24,81,1
train_n100_m5_4,24,62,0
train_n100_m5_4,24,59,0
train_n100_m5_4,24,40,0
train_n100_m5_4,25,46,1
train_n100_m5_4,25,58,0
train_n100_m5_4,25,8,0
train_n100_m5_4,25,6,0
train_n100_m5_4,26,80,0
train_n100_m5_4,26,50,0
train_n100_m5_4,27,71,1
train_n100_m5_4,27,89,0
train_n100_m5_4,27,43,0
train_n100_m5_4,28,45,0
train_n100_m5_4,28,29,0
train_n100_m5_4,28,16,1
train_n100_m5_4,28,30,0
train_n100_m5_4,28,31,0
train_n100_m5_4,29,42,0
train_n100_m5_4,29,68,1
train_n100_m5_4,30,39,0
train_n100_m5_4,30,38,1
train_n100_m5_4,30,48,0
train_n100_m5_4,30,65,0
train_n100_m5_4,30,42,0
train_n100_m5_4,31,48,1
train_n100_m5_4,31,51,0
train_n100_m5_4,31,5,0
train_n100_m5_4,32,18,1
train_n100_m5_4,32,80,0
train_n100_m5_4,32,5,0
train_n100_m5_4,33,11,0
train_n100_m5_4,33,57,1
train_n100_m5_4,34,7,1
train_n100_m5_4,34,94,0
train_n100_m5_4,34,88,0
train_n100_m5_4,34,6,0
train_n100_m5_4,35,27,1
train_n100_m5_4,35,34,0
train_n100_m5_4,35,43,0
train_n100_m5_4,36,87,0
train_n100_m5_4,36,24,0
train_n100_m5_4,36,44,1
train_n100_m5_4,36,35,0
train_n100_m5_4,37,52,0
train_n100_m5_4,37,84,1
train_n100_m5_4,37,0,0
train_n100_m5_4,38,85,1
train_n100_m5_4,38,68,0
train_n100_m5_4,38,28,0
train_n100_m5_4,39,30,1
train_n100_m5_4,39,68,0
train_n100_m5_4,40,20,1
train_n100_m5_4,41,63,1
train_n100_m5_4,41,56,0
train_n100_m5_4,41,84,0
train_n100_m5_4,42,28,1
train_n100_m5_4,42,39,0
train_n100_m5_4,42,38,0
train_n100_m5_4,43,92,1
train_n100_m5_4,43,94,0
train_n100_m5_4,44,75,1
train_n100_m5_4,45,83,1
train_n100_m5_4,45,28,0
train_n100_m5_4,45,16,0
train_n100_m5_4,46,58,0
train_n100_m5_4,46,88,1
train_n100_m5_4,46,89,0
train_n100_m5_4,46,52,0
train_n100_m5_4,46,13,0
train_n100_m5_4,46,9,0
train_n100_m5_4,47,0,1
train_n100_m5_4,47,13,0
train_n100_m5_4,47,49,0
train_n100_m5_4,48,5,1
train_n100_m5_4,48,85,0
train_n100_m5_4,48,68,0
train_n100_m5_4,48,29,0
train_n100_m5_4,49,79,1
train_n100_m5_4,50,54,1
train_n100_m5_4,50,12,0
train_n100_m5_4,51,40,0
train_n100_m5_4,51,39,0
train_n100_m5_4,51,30,0
train_n100_m5_4,51,95,0
train_n100_m5_4,52,37,1
train_n100_m5_4,52,88,0
train_n100_m5_4,53,97,1
train_n100_m5_4,53,66,0
train_n100_m5_4,53,50,0
train_n100_m5_4,54,86,1
train_n100_m5_4,55,22,1
train_n100_m5_4,55,49,0
train_n100_m5_4,55,97,0
train_n100_m5_4,56,60,0
train_n100_m5_4,56,49,0
train_n100_m5_4,56,33,0
train_n100_m5_4,56,12,1
train_n100_m5_4,56,11,0
train_n100_m5_4,57,79,0
train_n100_m5_4,57,0,1
train_n100_m5_4,57,60,0
train_n100_m5_4,57,41,0
train_n100_m5_4,58,2,1
train_n100_m5_4,58,25,0
train_n100_m5_4,58,89,0
train_n100_m5_4,58,77,0
train_n100_m5_4,59,21,0
train_n100_m5_4,59,76,0
train_n100_m5_4,59,17,1
train_n100_m5_4,59,81,0
train_n100_m5_4,59,74,0
train_n100_m5_4,60,56,1
train_n100_m5_4,60,79,0
train_n100_m5_4,60,41,0
train_n100_m5_4,61,83,0
train_n100_m5_4,61,78,1
train_n100_m5_4,62,73,1
train_n100_m5_4,62,87,0
train_n100_m5_4,62,94,0
train_n100_m5_4,62,71,0
train_n100_m5_4,62,44,0
train_n100_m5_4,63,70,1
train_n100_m5_4,64,93,1
train_n100_m5_4,64,86,0
train_n100_m5_4,65,61,0
train_n100_m5_4,65,42,1
train_n100_m5_4,65,68,0
train_n100_m5_4,65,39,0
train_n100_m5_4,66,53,1
train_n100_m5_4,66,70,0
train_n100_m5_4,66,50,0
train_n100_m5_4,66,78,0
train_n100_m5_4,67,82,1
train_n100_m5_4,67,15,0
train_n100_m5_4,68,39,1
train_n100_m5_4,68,38,0
train_n100_m5_4,69,34,1
train_n100_m5_4,69,94,0
train_n100_m5_4,69,88,0
train_n100_m5_4,70,66,1
train_n100_m5_4,70,55,0
train_n100_m5_4,70,22,0
train_n100_m5_4,71,69,0
train_n100_m5_4,71,94,1
train_n100_m5_4,71,73,0
train_n100_m5_4,72,3,0
train_n100_m5_4,72,36,1
train_n100_m5_4,73,87,1
train_n100_m5_4,73,24,0
train_n100_m5_4,73,27,0
train_n100_m5_4,73,7,0
train_n100_m5_4,74,100,1
train_n100_m5_4,74,23,0
train_n100_m5_4,74,51,0
train_n100_m5_4,75,71,0
train_n100_m5_4,75,27,0
train_n100_m5_4,76,74,1
train_n100_m5_4,76,21,0
train_n100_m5_4,77,57,0
train_n100_m5_4,77,60,0
train_n100_m5_4,77,95,0
train_n100_m5_4,78,64,1
train_n100_m5_4,78,53,0
train_n100_m5_4,79,47,1
train_n100_m5_4,79,0,0
train_n100_m5_4,79,96,0
train_n100_m5_4,80,11,1
train_n100_m5_4,80,93,0
train_n100_m5_4,81,24,0
train_n100_m5_4,81,19,1
train_n100_m5_4,81,23,0
train_n100_m5_4,82,40,1
train_n100_m5_4,82,1,0
train_n100_m5_4,82,36,0
train_n100_m5_4,82,75,0
train_n100_m5_4,83,61,1
train_n100_m5_4,84,96,1
train_n100_m5_4,84,13,0
train_n100_m5_4,84,57,0
train_n100_m5_4,84,46,0
train_n100_m5_4,85,31,1
train_n100_m5_4,85,30,0
train_n100_m5_4,85,5,0
train_n100_m5_4,86,54,0
train_n100_m5_4,86,45,1
train_n100_m5_4,86,53,0
train_n100_m5_4,87,24,1
train_n100_m5_4,88,89,1
train_n100_m5_4,88,6,0
train_n100_m5_4,88,25,0
train_n100_m5_4,89,69,1
train_n100_m5_4,89,58,0
train_n100_m5_4,89,4,0
train_n100_m5_4,90,91,1
train_n100_m5_4,90,7,0
train_n100_m5_4,90,88,0
train_n100_m5_4,90,94,0
train_n100_m5_4,91,90,0
train_n100_m5_4,91,8,1
train_n100_m5_4,91,7,0
train_n100_m5_4,91,34,0
train_n100_m5_4,91,35,0
train_n100_m5_4,91,6,0
train_n100_m5_4,91,71,0
train_n100_m5_4,92,90,1
train_n100_m5_4,92,34,0
train_n100_m5_4,92,35,0
train_n100_m5_4,92,52,0
train_n100_m5_4,93,55,1
train_n100_m5_4,93,26,0
train_n100_m5_4,94,62,1
train_n100_m5_4,94,69,0
train_n100_m5_4,95,33,1
train_n100_m5_4,95,18,0
train_n100_m5_4,95,60,0
train_n100_m5_4,96,0,1
train_n100_m5_4,96,13,0
train_n100_m5_4,96,41,0
train_n100_m5_4,97,50,1
train_n100_m5_4,97,70,0
train_n100_m5_4,98,21,1
train_n100_m5_4,98,81,0
train_n100_m5_4,98,24,0
train_n100_m5_4,98,74,0
train_n100_m5_4,98,23,0
train_n100_m5_4,99,41,1
train_n100_m5_4,99,96,0
train_n100_m5_4,99,57,0
train_n100_m5_4,99,63,0
train_n100_m5_4,100,1,1
train_n100_m5_4,100,30,0
train_n100_m5_5,0,75,1
train_n100_m5_5,0,21,1
train_n100_m5_5,1,73,1
train_n100_m5_5,1,6,0
train_n100_m5_5,1,76,0
train_n100_m5_5,1,59,0
train_n100_m5_5,2,18,0
train_n100_m5_5,2,32,1
train_n100_m5_5,2,9,0
train_n100_m5_5,3,55,1
train_n100_m5_5,3,13,0
train_n100_m5_5,3,46,0
train_n100_m5_5,3,10,0
train_n100_m5_5,4,35,1
train_n100_m5_5,4,11,0
train_n100_m5_5,5,82,1
train_n100_m5_5,5,69,0
train_n100_m5_5,5,53,0
train_n100_m5_5,6,24,1
train_n100_m5_5,6,40,0
train_n100_m5_5,6,22,0
train_n100_m5_5,6,92,0
train_n100_m5_5,7,5,1
train_n100_m5_5,7,60,0
train_n100_m5_5,7,31,0
train_n100_m5_5,8,31,0
train_n100_m5_5,8,60,1
train_n100_m5_5,8,59,0
train_n100_m5_5,8,29,0
train_n100_m5_5,9,95,1
train_n100_m5_5,9,44,0
train_n100_m5_5,9,67,0
train_n100_m5_5,10,68,0
train_n100_m5_5,10,3,1
train_n100_m5_5,10,55,0
train_n100_m5_5,10,69,0
train_n100_m5_5,10,36,0
train_n100_m5_5,11,27,1
train_n100_m5_5,11,15,0
train_n100_m5_5,11,19,0
train_n100_m5_5,11,97,0
train_n100_m5_5,12,16,1
train_n100_m5_5,12,31,0
train_n100_m5_5,12,8,0
train_n100_m5_5,12,1,0
train_n100_m5_5,12,92,0
train_n100_m5_5,12,60,0
train_n100_m5_5,12,73,0
train_n100_m5_5,13,69,1
train_n100_m5_5,14,85,1
train_n100_m5_5,14,4,0
train_n100_m5_5,15,72,0
train_n100_m5_5,15,11,0
train_n100_m5_5,15,54,1
train_n100_m5_5,16,41,1
train_n100_m5_5,16,8,0
train_n100_m5_5,16,31,0
train_n100_m5_5,16,24,0
train_n100_m5_5,17,92,1
train_n100_m5_5,17,6,0
train_n100_m5_5,17,93,0
train_n100_m5_5,18,50,1
train_n100_m5_5,18,87,0
train_n100_m5_5,18,38,0
train_n100_m5_5,18,94,0
train_n100_m5_5,19,20,1
train_n100_m5_5,19,47,0
train_n100_m5_5,19,23,0
train_n100_m5_5,19,97,0
train_n100_m5_5,20,88,1
train_n100_m5_5,20,15,0
train_n100_m5_5,20,23,0
train_n100_m5_5,21,46,1
train_n100_m5_5,21,13,0
train_n100_m5_5,21,37,0
train_n100_m5_5,22,83,0
train_n100_m5_5,22,48,0
train_n100_m5_5,22,100,1
train_n100_m5_5,23,33,1
train_n100_m5_5,23,39,0
train_n100_m5_5,23,40,0
train_n100_m5_5,24,40,1
train_n100_m5_5,24,76,0
train_n100_m5_5,25,39,1
train_n100_m5_5,26,14,1
train_n100_m5_5,28,41,0
train_n100_m5_5,28,16,0
train_n100_m5_5,28,17,1
train_n100_m5_5,28,92,0
train_n100_m5_5,28,40,0
train_n100_m5_5,29,36,1
train_n100_m5_5,29,93,0
train_n100_m5_5,30,11,1
train_n100_m5_5,30,14,0
train_n100_m5_5,31,93,1
train_n100_m5_5,31,29,0
train_n100_m5_5,31,36,0
train_n100_m5_5,32,38,1
train_n100_m5_5,32,21,0
train_n100_m5_5,33,25,1
train_n100_m5_5,33,20,0
train_n100_m5_5,34,71,1
train_n100_m5_5,34,100,0
train_n100_m5_5,34,25,0
train_n100_m5_5,34,63,0
train_n100_m5_5,34,76,0
train_n100_m5_5,35,61,1
train_n100_m5_5,35,52,0
train_n100_m5_5,36,7,1
train_n100_m5_5,37,87,1
train_n100_m5_5,37,53,0
train_n100_m5_5,37,96,0
train_n100_m5_5,37,69,0
train_n100_m5_5,38,9,1
train_n100_m5_5,38,50,0
train_n100_m5_5,38,44,0
train_n100_m5_5,39,0,1
train_n100_m5_5,39,25,0
train_n100_m5_5,40,83,1
train_n100_m5_5,40,24,0
train_n100_m5_5,40,22,0
train_n100_m5_5,41,28,1
train_n100_m5_5,41,17,0
train_n100_m5_5,41,59,0
train_n100_m5_5,41,12,0
train_n100_m5_5,41,76,0
train_n100_m5_5,41,92,0
train_n100_m5_5,42,89,1
train_n100_m5_5,42,77,0
train_n100_m5_5,42,38,0
train_n100_m5_5,42,32,0
train_n100_m5_5,43,79,1
train_n100_m5_5,44,67,1
train_n100_m5_5,44,49,0
train_n100_m5_5,45,72,1
train_n100_m5_5,45,20,0
train_n100_m5_5,45,97,0
train_n100_m5_5,45,79,0
train_n100_m5_5,45,43,0
train_n100_m5_5,46,21,0
train_n100_m5_5,46,18,1
train_n100_m5_5,46,2,0
train_n100_m5_5,47,19,1
train_n100_m5_5,47,27,0
train_n100_m5_5,48,23,1
train_n100_m5_5,48,19,0
train_n100_m5_5,48,100,0
train_n100_m5_5,48,6,0
train_n100_m5_5,49,0,1
train_n100_m5_5,49,100,0
train_n100_m5_5,49,53,0
train_n100_m5_5,50,80,1
train_n100_m5_5,50,32,0
train_n100_m5_5,50,67,0
train_n100_m5_5,50,87,0
train_n100_m5_5,50,75,0
train_n100_m5_5,51,52,1
train_n100_m5_5,51,11,0
train_n100_m5_5,51,47,0
train_n100_m5_5,51,30,0
train_n100_m5_5,52,74,1
train_n100_m5_5,53,37,1
train_n100_m5_5,53,13,0
train_n100_m5_5,54,51,1
train_n100_m5_5,54,35,0
train_n100_m5_5,54,61,0
train_n100_m5_5,54,15,0
train_n100_m5_5,55,13,0
train_n100_m5_5,55,94,1
train_n100_m5_5,55,10,0
train_n100_m5_5,56,96,1
train_n100_m5_5,56,37,0
train_n100_m5_5,57,30,1
train_n100_m5_5,57,15,0
train_n100_m5_5,58,61,0
train_n100_m5_5,58,57,1
train_n100_m5_5,58,15,0
train_n100_m5_5,59,12,1
train_n100_m5_5,59,16,0
train_n100_m5_5,59,60,0
train_n100_m5_5,60,31,1
train_n100_m5_5,60,5,0
train_n100_m5_5,61,58,1
train_n100_m5_5,61,35,0
train_n100_m5_5,61,15,0
train_n100_m5_5,62,70,1
train_n100_m5_5,62,2,0
train_n100_m5_5,63,64,1
train_n100_m5_5,63,34,0
train_n100_m5_5,64,84,1
train_n100_m5_5,64,63,0
train_n100_m5_5,64,53,0
train_n100_m5_5,64,36,0
train_n100_m5_5,64,100,0
train_n100_m5_5,65,77,1
train_n100_m5_5,66,68,1
train_n100_m5_5,67,0,1
train_n100_m5_5,67,49,0
train_n100_m5_5,67,37,0
train_n100_m5_5,67,90,0
train_n100_m5_5,67,25,0
train_n100_m5_5,68,81,1
train_n100_m5_5,68,7,0
train_n100_m5_5,68,13,0
train_n100_m5_5,68,56,0
train_n100_m5_5,68,29,0
train_n100_m5_5,69,56,1
train_n100_m5_5,69,94,0
train_n100_m5_5,69,3,0
train_n100_m5_5,69,63,0
train_n100_m5_5,69,64,0
train_n100_m5_5,69,87,0
train_n100_m5_5,70,78,1
train_n100_m5_5,71,76,1
train_n100_m5_5,72,15,1
train_n100_m5_5,72,47,0
train_n100_m5_5,73,6,1
train_n100_m5_5,73,28,0
train_n100_m5_5,74,52,0
train_n100_m5_5,74,61,0
train_n100_m5_5,74,35,0
train_n100_m5_5,74,86,1
train_n100_m5_5,75,23,0
train_n100_m5_5,76,28,0
train_n100_m5_5,76,8,1
train_n100_m5_5,77,26,1
train_n100_m5_5,77,14,0
train_n100_m5_5,78,42,1
train_n100_m5_5,78,95,0
train_n100_m5_5,78,99,0
train_n100_m5_5,78,62,0
train_n100_m5_5,78,9,0
train_n100_m5_5,78,65,0
train_n100_m5_5,79,97,1
train_n100_m5_5,79,98,0
train_n100_m5_5,79,74,0
train_n100_m5_5,80,2,1
train_n100_m5_5,80,50,0
train_n100_m5_5,80,38,0
train_n100_m5_5,81,10,1
train_n100_m5_5,81,3,0
train_n100_m5_5,81,7,0
train_n100_m5_5,81,94,0
train_n100_m5_5,82,66,1
train_n100_m5_5,82,7,0
train_n100_m5_5,82,96,0
train_n100_m5_5,82,56,0
train_n100_m5_5,83,22,1
train_n100_m5_5,83,23,0
train_n100_m5_5,83,25,0
train_n100_m5_5,84,63,0
train_n100_m5_5,84,29,1
train_n100_m5_5,84,37,0
train_n100_m5_5,84,40,0
train_n100_m5_5,85,4,1
train_n100_m5_5,85,58,0
train_n100_m5_5,85,27,0
train_n100_m5_5,85,54,0
train_n100_m5_5,86,91,1
train_n100_m5_5,86,74,0
train_n100_m5_5,87,0,1
train_n100_m5_5,87,53,0
train_n100_m5_5,87,46,0
train_n100_m5_5,87,25,0
train_n100_m5_5,88,48,1
train_n100_m5_5,88,47,0
train_n100_m5_5,89,65,0
train_n100_m5_5,89,44,1
train_n100_m5_5,89,77,0
train_n100_m5_5,90,44,0
train_n100_m5_5,90,65,1
train_n100_m5_5,90,26,0
train_n100_m5_5,91,43,1
train_n100_m5_5,91,98,0
train_n100_m5_5,91,88,0
train_n100_m5_5,91,48,0
train_n100_m5_5,91,54,0
train_n100_m5_5,91,15,0
train_n100_m5_5,92,1,1
train_n100_m5_5,92,17,0
train_n100_m5_5,92,41,0
train_n100_m5_5,92,40,0
train_n100_m5_5,93,8,0
train_n100_m5_5,93,60,0
train_n100_m5_5,93,59,1
train_n100_m5_5,93,16,0
train_n100_m5_5,94,13,1
train_n100_m5_5,94,80,0
train_n100_m5_5,95,99,1
train_n100_m5_5,95,32,0
train_n100_m5_5,95,2,0
train_n100_m5_5,95,18,0
train_n100_m5_5,95,89,0
train_n100_m5_5,96,53,1
train_n100_m5_5,96,84,0
train_n100_m5_5,97,43,0
train_n100_m5_5,97,98,1
train_n100_m5_5,98,47,1
train_n100_m5_5,98,72,0
train_n100_m5_5,98,97,0
train_n100_m5_5,98,43,0
train_n100_m5_5,99,62,1
train_n100_m5_5,99,70,0
train_n100_m5_5,99,9,0
train_n100_m5_5,99,32,0
train_n100_m5_5,99,44,0
train_n100_m5_5,100,63,0
train_n100_m5_5,100,64,0
train_n100_m5_5,100,19,0
train_n100_m5_6,0,76,1
train_n100_m5_6,0,83,1
train_n100_m5_6,0,96,1
train_n100_m5_6,0,57,1
train_n100_m5_6,1,12,1
train_n100_m5_6,1,55,0
train_n100_m5_6,1,7,0
train_n100_m5_6,1,41,0
train_n100_m5_6,2,63,0
train_n100_m5_6,2,40,1
train_n100_m5_6,2,47,0
train_n100_m5_6,3,26,0
train_n100_m5_6,3,14,1
train_n100_m5_6,3,82,0
train_n100_m5_6,3,91,0
train_n100_m5_6,3,75,0
train_n100_m5_6,4,63,1
train_n100_m5_6,5,14,0
train_n100_m5_6,5,98,0
train_n100_m5_6,5,68,1
train_n100_m5_6,6,42,1
train_n100_m5_6,6,73,0
train_n100_m5_6,6,21,0
train_n100_m5_6,7,43,1
train_n100_m5_6,7,62,0
train_n100_m5_6,7,6,0
train_n100_m5_6,7,42,0
train_n100_m5_6,8,20,1
train_n100_m5_6,8,2,0
train_n100_m5_6,8,40,0
train_n100_m5_6,8,19,0
train_n100_m5_6,8,90,0
train_n100_m5_6,9,41,1
train_n100_m5_6,9,11,0
train_n100_m5_6,9,59,0
train_n100_m5_6,10,28,0
train_n100_m5_6,10,0,1
train_n100_m5_6,10,98,0
train_n100_m5_6,10,95,0
train_n100_m5_6,11,100,0
train_n100_m5_6,11,25,1
train_n100_m5_6,12,27,1
train_n100_m5_6,12,81,0
train_n100_m5_6,12,19,0
train_n100_m5_6,13,66,1
train_n100_m5_6,13,68,0
train_n100_m5_6,13,23,0
train_n100_m5_6,14,86,0
train_n100_m5_6,14,5,0
train_n100_m5_6,14,24,0
train_n100_m5_6,14,96,0
train_n100_m5_6,14,46,0
train_n100_m5_6,15,17,1
train_n100_m5_6,15,94,0
train_n100_m5_6,15,73,0
train_n100_m5_6,16,24,1
train_n100_m5_6,16,37,0
train_n100_m5_6,16,14,0
train_n100_m5_6,16,82,0
train_n100_m5_6,17,81,1
train_n100_m5_6,18,7,1
train_n100_m5_6,18,65,0
train_n100_m5_6,18,27,0
train_n100_m5_6,18,12,0
train_n100_m5_6,18,6,0
train_n100_m5_6,19,61,1
train_n100_m5_6,19,34,0
train_n100_m5_6,19,41,0
train_n100_m5_6,19,8,0
train_n100_m5_6,20,40,0
train_n100_m5_6,20,97,0
train_n100_m5_6,20,51,1
train_n100_m5_6,20,61,0
train_n100_m5_6,21,6,1
train_n100_m5_6,21,39,0
train_n100_m5_6,21,80,0
train_n100_m5_6,21,18,0
train_n100_m5_6,22,45,1
train_n100_m5_6,22,63,0
train_n100_m5_6,22,61,0
train_n100_m5_6,23,64,1
train_n100_m5_6,23,34,0
train_n100_m5_6,23,77,0
train_n100_m5_6,24,58,1
train_n100_m5_6,24,91,0
train_n100_m5_6,25,12,0
train_n100_m5_6,25,41,0
train_n100_m5_6,25,90,0
train_n100_m5_6,25,29,0
train_n100_m5_6,26,46,1
train_n100_m5_6,26,91,0
train_n100_m5_6,26,29,0
train_n100_m5_6,26,14,0
train_n100_m5_6,27,29,0
train_n100_m5_6,27,26,0
train_n100_m5_6,28,10,1
train_n100_m5_6,28,99,0
train_n100_m5_6,29,32,1
train_n100_m5_6,29,18,0
train_n100_m5_6,30,28,0
train_n100_m5_6,30,0,1
train_n100_m5_6,30,96,0
train_n100_m5_6,30,13,0
train_n100_m5_6,31,21,1
train_n100_m5_6,31,39,0
train_n100_m5_6,31,62,0
train_n100_m5_6,32,18,1
train_n100_m5_6,32,15,0
train_n100_m5_6,33,88,1
train_n100_m5_6,33,80,0
train_n100_m5_6,33,74,0
train_n100_m5_6,34,19,1
train_n100_m5_6,35,80,1
train_n100_m5_6,35,75,0
train_n100_m5_6,35,73,0
train_n100_m5_6,35,42,0
train_n100_m5_6,35,6,0
train_n100_m5_6,35,94,0
train_n100_m5_6,35,49,0
train_n100_m5_6,36,4,1
train_n100_m5_6,36,22,0
train_n100_m5_6,36,90,0
train_n100_m5_6,36,78,0
train_n100_m5_6,36,97,0
train_n100_m5_6,37,74,1
train_n100_m5_6,37,91,0
train_n100_m5_6,38,92,1
train_n100_m5_6,38,31,0
train_n100_m5_6,38,65,0
train_n100_m5_6,39,62,1
train_n100_m5_6,39,92,0
train_n100_m5_6,39,18,0
train_n100_m5_6,40,36,1
train_n100_m5_6,41,100,1
train_n100_m5_6,41,1,0
train_n100_m5_6,42,73,1
train_n100_m5_6,42,43,0
train_n100_m5_6,42,65,0
train_n100_m5_6,43,94,1
train_n100_m5_6,43,31,0
train_n100_m5_6,43,62,0
train_n100_m5_6,45,69,1
train_n100_m5_6,45,8,0
train_n100_m5_6,45,19,0
train_n100_m5_6,46,82,0
train_n100_m5_6,46,3,0
train_n100_m5_6,46,29,1
train_n100_m5_6,46,32,0
train_n100_m5_6,46,16,0
train_n100_m5_6,47,34,1
train_n100_m5_6,47,51,0
train_n100_m5_6,47,8,0
train_n100_m5_6,48,55,1
train_n100_m5_6,48,61,0
train_n100_m5_6,49,33,1
train_n100_m5_6,49,24,0
train_n100_m5_6,49,65,0
train_n100_m5_6,50,67,1
train_n100_m5_6,51,97,1
train_n100_m5_6,51,2,0
train_n100_m5_6,52,71,1
train_n100_m5_6,52,89,0
train_n100_m5_6,53,47,1
train_n100_m5_6,53,97,0
train_n100_m5_6,53,51,0
train_n100_m5_6,53,25,0
train_n100_m5_6,54,23,0
train_n100_m5_6,54,70,1
train_n100_m5_6,54,85,0
train_n100_m5_6,54,47,0
train_n100_m5_6,55,1,1
train_n100_m5_6,55,15,0
train_n100_m5_6,56,68,0
train_n100_m5_6,56,30,1
train_n100_m5_6,56,10,0
train_n100_m5_6,56,89,0
train_n100_m5_6,56,77,0
train_n100_m5_6,57,13,1
train_n100_m5_6,57,10,0
train_n100_m5_6,58,91,1
train_n100_m5_6,58,24,0
train_n100_m5_6,58,88,0
train_n100_m5_6,59,78,1
train_n100_m5_6,59,61,0
train_n100_m5_6,60,50,0
train_n100_m5_6,60,52,1
train_n100_m5_6,60,16,0
train_n100_m5_6,61,90,1
train_n100_m5_6,61,19,0
train_n100_m5_6,61,20,0
train_n100_m5_6,61,8,0
train_n100_m5_6,62,15,1
train_n100_m5_6,62,18,0
train_n100_m5_6,62,1,0
train_n100_m5_6,63,8,1
train_n100_m5_6,63,51,0
train_n100_m5_6,63,97,0
train_n100_m5_6,63,61,0
train_n100_m5_6,64,77,1
train_n100_m5_6,65,82,1
train_n100_m5_6,65,42,0
train_n100_m5_6,65,88,0
train_n100_m5_6,65,92,0
train_n100_m5_6,66,85,1
train_n100_m5_6,67,60,1
train_n100_m5_6,67,74,0
train_n100_m5_6,67,58,0
train_n100_m5_6,67,91,0
train_n100_m5_6,68,56,1
train_n100_m5_6,68,28,0
train_n100_m5_6,68,44,0
train_n100_m5_6,69,63,0
train_n100_m5_6,69,40,0
train_n100_m5_6,69,4,0
train_n100_m5_6,69,59,1
train_n100_m5_6,69,90,0
train_n100_m5_6,69,51,0
train_n100_m5_6,70,51,0
train_n100_m5_6,70,53,0
train_n100_m5_6,70,2,1
train_n100_m5_6,70,47,0
train_n100_m5_6,71,99,1
train_n100_m5_6,71,72,0
train_n100_m5_6,71,28,0
train_n100_m5_6,71,10,0
train_n100_m5_6,72,14,0
train_n100_m5_6,72,37,1
train_n100_m5_6,72,86,0
train_n100_m5_6,72,5,0
train_n100_m5_6,72,26,0
train_n100_m5_6,73,31,0
train_n100_m5_6,73,65,1
train_n100_m5_6,73,80,0
train_n100_m5_6,74,37,0
train_n100_m5_6,74,87,1
train_n100_m5_6,74,14,0
train_n100_m5_6,75,35,1
train_n100_m5_6,75,82,0
train_n100_m5_6,76,98,1
train_n100_m5_6,76,89,0
train_n100_m5_6,76,86,0
train_n100_m5_6,77,95,1
train_n100_m5_6,78,9,1
train_n100_m5_6,78,59,0
train_n100_m5_6,78,100,0
train_n100_m5_6,79,84,1
train_n100_m5_6,79,50,0
train_n100_m5_6,79,87,0
train_n100_m5_6,79,52,0
train_n100_m5_6,79,71,0
train_n100_m5_6,79,91,0
train_n100_m5_6,79,58,0
train_n100_m5_6,79,33,0
train_n100_m5_6,80,38,1
train_n100_m5_6,80,88,0
train_n100_m5_6,80,73,0
train_n100_m5_6,80,94,0
train_n100_m5_6,80,43,0
train_n100_m5_6,80,49,0
train_n100_m5_6,81,48,1
train_n100_m5_6,81,78,0
train_n100_m5_6,82,26,0
train_n100_m5_6,82,3,1
train_n100_m5_6,82,58,0
train_n100_m5_6,84,50,1
train_n100_m5_6,84,74,0
train_n100_m5_6,85,54,1
train_n100_m5_6,85,70,0
train_n100_m5_6,85,56,0
train_n100_m5_6,86,72,0
train_n100_m5_6,86,26,1
train_n100_m5_6,87,49,0
train_n100_m5_6,87,58,0
train_n100_m5_6,87,79,1
train_n100_m5_6,88,75,1
train_n100_m5_6,88,80,0
train_n100_m5_6,88,38,0
train_n100_m5_6,88,65,0
train_n100_m5_6,88,73,0
train_n100_m5_6,88,43,0
train_n100_m5_6,89,96,0
train_n100_m5_6,89,72,1
train_n100_m5_6,90,22,1
train_n100_m5_6,90,45,0
train_n100_m5_6,91,24,0
train_n100_m5_6,91,49,1
train_n100_m5_6,91,26,0
train_n100_m5_6,91,75,0
train_n100_m5_6,92,31,1
train_n100_m5_6,92,73,0
train_n100_m5_6,92,65,0
train_n100_m5_6,93,51,0
train_n100_m5_6,93,23,1
train_n100_m5_6,94,39,1
train_n100_m5_6,94,62,0
train_n100_m5_6,95,44,0
train_n100_m5_6,95,0,1
train_n100_m5_6,95,70,0
train_n100_m5_6,96,86,1
train_n100_m5_6,97,51,0
train_n100_m5_6,97,93,1
train_n100_m5_6,98,89,1
train_n100_m5_6,98,99,0
train_n100_m5_6,98,76,0
train_n100_m5_6,98,56,0
train_n100_m5_6,99,28,1
train_n100_m5_6,99,50,0
train_n100_m5_6,99,68,0
train_n100_m5_6,100,11,1
train_n100_m5_7,0,72,1
train_n100_m5_7,0,53,1
train_n100_m5_7,0,13,1
train_n100_m5_7,0,22,0
train_n100_m5_7,0,60,0
train_n100_m5_7,1,37,1
train_n100_m5_7,1,71,0
train_n100_m5_7,1,58,0
train_n100_m5_7,1,47,0
train_n100_m5_7,1,81,0
train_n100_m5_7,2,21,1
train_n100_m5_7,2,35,0
train_n100_m5_7,2,24,0
train_n100_m5_7,2,42,0
train_n100_m5_7,3,5,1
train_n100_m5_7,3,98,0
train_n100_m5_7,4,54,0
train_n100_m5_7,4,53,0
train_n100_m5_7,4,39,0
train_n100_m5_7,4,0,1
train_n100_m5_7,4,66,0
train_n100_m5_7,5,3,0
train_n100_m5_7,5,90,1
train_n100_m5_7,6,84,0
train_n100_m5_7,6,3,1
train_n100_m5_7,6,55,0
train_n100_m5_7,6,5,0
train_n100_m5_7,6,70,0
train_n100_m5_7,6,95,0
train_n100_m5_7,7,38,0
train_n100_m5_7,7,44,0
train_n100_m5_7,7,76,1
train_n100_m5_7,8,31,0
train_n100_m5_7,9,99,0
train_n100_m5_7,9,30,1
train_n100_m5_7,9,51,0
train_n100_m5_7,9,6,0
train_n100_m5_7,9,25,0
train_n100_m5_7,10,89,1
train_n100_m5_7,10,86,0
train_n100_m5_7,10,16,0
train_n100_m5_7,11,8,1
train_n100_m5_7,11,65,0
train_n100_m5_7,11,20,0
train_n100_m5_7,11,56,0
train_n100_m5_7,11,93,0
train_n100_m5_7,12,34,1
train_n100_m5_7,13,54,0
train_n100_m5_7,13,10,0
train_n100_m5_7,13,67,1
train_n100_m5_7,13,41,0
train_n100_m5_7,14,62,1
train_n100_m5_7,14,86,0
train_n100_m5_7,14,83,0
train_n100_m5_7,15,51,1
train_n100_m5_7,15,99,0
train_n100_m5_7,15,96,0
train_n100_m5_7,16,33,0
train_n100_m5_7,16,0,1
train_n100_m5_7,16,54,0
train_n100_m5_7,17,100,1
train_n100_m5_7,17,47,0
train_n100_m5_7,17,1,0
train_n100_m5_7,17,88,0
train_n100_m5_7,18,97,1
train_n100_m5_7,19,45,1
train_n100_m5_7,19,58,0
train_n100_m5_7,20,61,0
train_n100_m5_7,20,27,1
train_n100_m5_7,21,35,1
train_n100_m5_7,21,65,0
train_n100_m5_7,22,92,1
train_n100_m5_7,22,13,0
train_n100_m5_7,23,46,0
train_n100_m5_7,23,97,0
train_n100_m5_7,23,29,1
train_n100_m5_7,23,18,0
train_n100_m5_7,23,36,0
train_n100_m5_7,24,32,1
train_n100_m5_7,25,28,1
train_n100_m5_7,26,1,1
train_n100_m5_7,26,88,0
train_n100_m5_7,27,80,1
train_n100_m5_7,27,11,0
train_n100_m5_7,27,56,0
train_n100_m5_7,28,82,1
train_n100_m5_7,28,25,0
train_n100_m5_7,28,56,0
train_n100_m5_7,28,99,0
train_n100_m5_7,28,46,0
train_n100_m5_7,29,74,1
train_n100_m5_7,29,82,0
train_n100_m5_7,30,52,1
train_n100_m5_7,31,65,1
train_n100_m5_7,31,38,0
train_n100_m5_7,31,44,0
train_n100_m5_7,31,35,0
train_n100_m5_7,32,19,0
train_n100_m5_7,32,68,0
train_n100_m5_7,33,18,1
train_n100_m5_7,33,40,0
train_n100_m5_7,33,73,0
train_n100_m5_7,34,6,1
train_n100_m5_7,34,70,0
train_n100_m5_7,35,21,0
train_n100_m5_7,35,93,1
train_n100_m5_7,36,56,1
train_n100_m5_7,36,25,0
train_n100_m5_7,36,11,0
train_n100_m5_7,37,71,1
train_n100_m5_7,37,81,0
train_n100_m5_7,38,31,1
train_n100_m5_7,38,8,0
train_n100_m5_7,39,73,0
train_n100_m5_7,39,60,1
train_n100_m5_7,39,46,0
train_n100_m5_7,40,0,1
train_n100_m5_7,40,85,0
train_n100_m5_7,40,54,0
train_n100_m5_7,41,17,0
train_n100_m5_7,41,4,1
train_n100_m5_7,41,54,0
train_n100_m5_7,42,49,1
train_n100_m5_7,42,100,0
train_n100_m5_7,42,81,0
train_n100_m5_7,42,64,0
train_n100_m5_7,43,98,1
train_n100_m5_7,44,7,0
train_n100_m5_7,44,91,1
train_n100_m5_7,45,2,1
train_n100_m5_7,46,23,1
train_n100_m5_7,46,50,0
train_n100_m5_7,46,96,0
train_n100_m5_7,46,29,0
train_n100_m5_7,46,73,0
train_n100_m5_7,46,39,0
train_n100_m5_7,47,66,1
train_n100_m5_7,47,58,0
train_n100_m5_7,47,37,0
train_n100_m5_7,47,71,0
train_n100_m5_7,48,84,1
train_n100_m5_7,48,90,0
train_n100_m5_7,48,6,0
train_n100_m5_7,48,85,0
train_n100_m5_7,49,47,1
train_n100_m5_7,50,23,0
train_n100_m5_7,50,18,0
train_n100_m5_7,50,39,0
train_n100_m5_7,50,36,1
train_n100_m5_7,51,15,0
train_n100_m5_7,51,70,1
train_n100_m5_7,51,74,0
train_n100_m5_7,51,9,0
train_n100_m5_7,52,78,1
train_n100_m5_7,52,30,0
train_n100_m5_7,53,54,1
train_n100_m5_7,53,4,0
train_n100_m5_7,53,16,0
train_n100_m5_7,53,59,0
train_n100_m5_7,54,59,1
train_n100_m5_7,54,53,0
train_n100_m5_7,54,13,0
train_n100_m5_7,54,86,0
train_n100_m5_7,55,99,1
train_n100_m5_7,55,52,0
train_n100_m5_7,55,15,0
train_n100_m5_7,56,61,1
train_n100_m5_7,56,36,0
train_n100_m5_7,56,76,0
train_n100_m5_7,57,17,1
train_n100_m5_7,58,42,1
train_n100_m5_7,58,71,0
train_n100_m5_7,59,66,0
train_n100_m5_7,59,77,0
train_n100_m5_7,59,47,0
train_n100_m5_7,59,19,1
train_n100_m5_7,60,54,0
train_n100_m5_7,60,16,0
train_n100_m5_7,60,4,0
train_n100_m5_7,60,83,0
train_n100_m5_7,61,25,0
train_n100_m5_7,61,20,1
train_n100_m5_7,61,8,0
train_n100_m5_7,61,11,0
train_n100_m5_7,62,40,1
train_n100_m5_7,62,14,0
train_n100_m5_7,62,85,0
train_n100_m5_7,63,22,1
train_n100_m5_7,63,92,0
train_n100_m5_7,63,86,0
train_n100_m5_7,63,83,0
train_n100_m5_7,64,37,0
train_n100_m5_7,64,58,1
train_n100_m5_7,64,26,0
train_n100_m5_7,65,44,1
train_n100_m5_7,65,20,0
train_n100_m5_7,66,81,1
train_n100_m5_7,66,77,0
train_n100_m5_7,66,41,0
train_n100_m5_7,67,88,1
train_n100_m5_7,67,100,0
train_n100_m5_7,68,73,1
train_n100_m5_7,69,94,1
train_n100_m5_7,69,18,0
train_n100_m5_7,69,85,0
train_n100_m5_7,70,55,1
train_n100_m5_7,70,78,0
train_n100_m5_7,70,74,0
train_n100_m5_7,71,37,0
train_n100_m5_7,71,64,1
train_n100_m5_7,71,42,0
train_n100_m5_7,71,57,0
train_n100_m5_7,72,10,1
train_n100_m5_7,72,0,0
train_n100_m5_7,72,40,0
train_n100_m5_7,73,39,1
train_n100_m5_7,73,18,0
train_n100_m5_7,73,32,0
train_n100_m5_7,73,19,0
train_n100_m5_7,73,46,0
train_n100_m5_7,73,33,0
train_n100_m5_7,73,24,0
train_n100_m5_7,74,25,1
train_n100_m5_7,75,93,0
train_n100_m5_7,75,65,0
train_n100_m5_7,75,38,1
train_n100_m5_7,75,21,0
train_n100_m5_7,75,11,0
train_n100_m5_7,75,8,0
train_n100_m5_7,76,11,1
train_n100_m5_7,76,75,0
train_n100_m5_7,76,7,0
train_n100_m5_7,77,57,1
train_n100_m5_7,77,67,0
train_n100_m5_7,78,95,1
train_n100_m5_7,78,99,0
train_n100_m5_7,78,82,0
train_n100_m5_7,79,63,1
train_n100_m5_7,79,40,0
train_n100_m5_7,80,87,1
train_n100_m5_7,80,27,0
train_n100_m5_7,80,61,0
train_n100_m5_7,81,41,1
train_n100_m5_7,81,37,0
train_n100_m5_7,82,15,1
train_n100_m5_7,82,25,0
train_n100_m5_7,82,70,0
train_n100_m5_7,82,99,0
train_n100_m5_7,82,56,0
train_n100_m5_7,83,86,1
train_n100_m5_7,83,0,0
train_n100_m5_7,83,33,0
train_n100_m5_7,83,89,0
train_n100_m5_7,84,12,1
train_n100_m5_7,84,5,0
train_n100_m5_7,84,98,0
train_n100_m5_7,84,55,0
train_n100_m5_7,85,16,1
train_n100_m5_7,85,60,0
train_n100_m5_7,85,18,0
train_n100_m5_7,85,83,0
train_n100_m5_7,86,0,1
train_n100_m5_7,86,72,0
train_n100_m5_7,86,13,0
train_n100_m5_7,86,54,0
train_n100_m5_7,86,33,0
train_n100_m5_7,87,7,1
train_n100_m5_7,87,31,0
train_n100_m5_7,87,76,0
train_n100_m5_7,88,77,1
train_n100_m5_7,88,66,0
train_n100_m5_7,88,81,0
train_n100_m5_7,88,4,0
train_n100_m5_7,88,58,0
train_n100_m5_7,89,79,1
train_n100_m5_7,89,63,0
train_n100_m5_7,90,98,0
train_n100_m5_7,90,14,1
train_n100_m5_7,90,96,0
train_n100_m5_7,90,97,0
train_n100_m5_7,91,24,1
train_n100_m5_7,91,8,0
train_n100_m5_7,91,65,0
train_n100_m5_7,92,43,1
train_n100_m5_7,92,0,0
train_n100_m5_7,93,75,1
train_n100_m5_7,93,31,0
train_n100_m5_7,93,8,0
train_n100_m5_7,93,76,0
train_n100_m5_7,93,2,0
train_n100_m5_7,93,91,0
train_n100_m5_7,94,85,1
train_n100_m5_7,95,69,1
train_n100_m5_7,95,78,0
train_n100_m5_7,95,23,0
train_n100_m5_7,95,50,0
train_n100_m5_7,96,46,1
train_n100_m5_7,96,39,0
train_n100_m5_7,97,50,1
train_n100_m5_7,97,69,0
train_n100_m5_7,98,43,0
train_n100_m5_7,98,48,1
train_n100_m5_7,98,84,0
train_n100_m5_7,98,92,0
train_n100_m5_7,99,9,1
train_n100_m5_7,99,25,0
train_n100_m5_7,100,17,0
train_n100_m5_7,100,77,0
train_n100_m5_7,100,42,0
